,in_deg,out_deg,betweenness,clustering,total_excess_min,n_legs_dispatched,median_dwell,pct_network_delay,name
IND000000AAL,1,1,0.0,0.0,1081.0,18.0,87.5,0.0373982057856166,Pune_PC (Maharashtra)
IND000000AAQ,0,1,0.0,0.0,142.0,2.0,302.0,0.004912622776648989,Barasat_KrshnNgr_D (West Bengal)
IND000000AAS,1,1,0.004838624906380985,0.0,288.0,9.0,38.0,0.009963629293485274,Bongaigaon_Chpaguri_D (Assam)
IND000000AAZ,2,2,0.002423144810550151,0.16666666666666666,361.0,2.0,23.5,0.012489132551903417,Buldhana_Thsil3PL_D (Maharashtra)
IND000000ABA,1,1,0.0006082498609401759,0.5,89.0,7.0,41.0,0.003079038219167324,Cochin_Chtrpuza_D (Kerala)
IND000000ABD,1,1,0.0006049649832033252,0.0,3364.0,12.0,67.5,0.11638072549751549,Pallakad_ChndrNgr_D (Kerala)
IND000000ABG,0,1,0.0,0.0,1938.0,11.0,48.0,0.06704692212074466,Hyderabad_Bownplly_C (Telangana)
IND000000ACA,13,9,0.012093824867838419,0.08,7557.0,128.0,104.5,0.26144148114884797,Ludhiana_MilrGanj_HB (Punjab)
IND000000ACB,45,49,0.33044425520531884,0.026509912402028584,424479.0,1063.0,155.0,14.685247912740747,Gurgaon_Bilaspur_HB (Haryana)
IND000000ACK,0,1,0.0,0.0,1687.0,32.0,67.0,0.05836334242399187,Hyderabad_Chikdply_C (Telangana)
IND000000ACN,1,1,0.0,0.0,580.0,16.0,56.5,0.020065642327157844,Hyderabad_Mhdiptnm_C (Telangana)
IND000000ACO,1,0,0.0,0.0,0.0,0.0,0.0,0.0,Kasaragod_Nullipad_D (Kerala)
IND000000ACS,4,0,0.0,0.5,0.0,0.0,0.0,0.0,BLR_HSR_Layout_PC (Karnataka)
IND000000ACT,0,3,0.0,1.0,8593.0,160.0,104.0,0.2972828698573575,Delhi_Gateway_HB (Delhi)
IND000000ADM,1,1,0.0,0.0,60.0,1.0,29.0,0.002075756102809432,Cochin_Kdvantra_D (Kerala)
IND000000ADV,0,1,0.0,0.0,741.0,18.0,49.0,0.025635587869696486,Chennai_Mdhavram_C (Tamil Nadu)
IND000000AEL,1,1,0.0,0.0,1670.0,17.0,152.0,0.05777521152819586,Delhi_PunjabiB_L (Delhi)
IND000000AEM,0,2,0.0,0.0,2095.0,22.0,125.5,0.072478483923096,Gurgaon_Bilaspur_RP (Haryana)
IND000000AET,1,1,0.004841909784117835,0.0,541.0,8.0,36.0,0.018716400860331713,Barpeta_ShivBari_D (Assam)
IND000000AFF,1,1,0.0,0.0,205.0,3.0,24.0,0.007092166684598893,Darjeeling_Hillcard_DC (West Bengal)
IND000000AFG,0,2,0.0,0.0,205.0,4.0,14.0,0.007092166684598893,Tirur_PmthuKlm_D (Kerala)
IND000000AFJ,1,2,1.0949592456168782e-06,0.5,81.0,21.0,41.0,0.002802270738792733,Trivandrum_Pettah_D (Kerala)
IND000000AFR,0,1,0.0,0.0,326.0,8.0,11.5,0.011278274825264582,Cochin_PanditRd_D (Kerala)
IND000000AFS,1,0,0.0,0.0,0.0,0.0,0.0,0.0,Mumbai_Skynet_INT (Maharashtra)
IND000000AFT,5,8,0.007270529390896071,0.0684931506849315,2680.0,84.0,30.5,0.09271710592548797,Mumbai_Sanpada_I (Maharashtra)
IND110005AAA,1,0,0.0,0.0,0.0,0.0,0.0,0.0,Delhi_Todapur_DC (Delhi)
IND110014AAA,1,1,0.0,0.0,268.0,11.0,33.0,0.009271710592548797,Delhi_Bhogal (Delhi)
IND110020AAB,1,1,0.0,0.0,657.0,4.0,470.0,0.02272952932576328,OK_RPC (Delhi)
IND110024AAA,3,1,0.0006093448201857927,0.1,82.0,9.0,28.0,0.0028368666738395575,Delhi_Lajpat_IP (Delhi)
IND110030AAD,2,1,0.0,0.5,979.0,7.0,27.0,0.03386942041084057,Delhi_Kishangarh_DPC (Delhi)
IND110035AAC,1,1,0.0,0.0,40.0,3.0,286.0,0.0013838374018729548,Delhi_North_R_8 (Delhi)
IND110037AAB,1,0,0.0,0.0,0.0,0.0,0.0,0.0,Del_B_RPC (Delhi)
IND110037AAK,1,1,0.0,0.0,4434.0,43.0,159.0,0.15339837599761705,Delhi_Kapshera_L (Delhi)
IND110037AAM,21,24,0.062015253539556434,0.04350051177072672,44868.0,256.0,151.0,1.5522504136808934,Delhi_Airport_H (Delhi)
IND110039AAA,1,1,0.0,0.0,151.0,3.0,81.0,0.005223986192070404,Delhi_Barwala (Delhi)
IND110043AAA,3,2,0.0018181798273468265,0.0,1402.0,38.0,35.5,0.048503500935647065,Delhi_Nangli_IP (Delhi)
IND110043AAC,1,1,0.0,0.0,36.0,1.0,139.0,0.0012454536616856593,Delhi_Nangli_L (Delhi)
IND110044AAB,2,6,0.003910464452513078,0.26785714285714285,6953.0,172.0,71.5,0.24054553638056636,Del_Okhla_PC (Delhi)
IND110046AAA,1,0,0.0,0.0,0.0,0.0,0.0,0.0,Delhi_Lajwanti (Delhi)
IND110052AAA,1,1,0.0,0.0,569.0,10.0,111.5,0.01968508704164278,Delhi_Wazirpur_L (Delhi)
IND110064AAA,2,3,0.0012175946811259686,0.1111111111111111,11624.0,42.0,30.5,0.40214314898428066,Delhi_Mayapuri_PC (Delhi)
IND110064AAB,1,0,0.0,0.0,0.0,0.0,0.0,0.0,KN_RPC (Delhi)
IND110077AAA,0,1,0.0,0.0,5.0,1.0,57.0,0.00017297967523411935,Delhi_Palam (Delhi)
IND110078AAA,1,1,0.0,0.0,602.0,14.0,46.0,0.02082675289818797,Janakpuri (Delhi)
IND110083AAA,1,1,0.0,0.0,33.0,1.0,102.0,0.0011416658565451877,Delhi_Mangol_DC (Delhi)
IND110085AAA,1,0,0.0,0.0,0.0,0.0,0.0,0.0,North Delhi (Delhi)
IND110085AAB,4,5,0.00364073949167612,0.030303030303030304,1293.0,18.0,18.0,0.04473254401554326,Delhi_Rohini_DPC (Delhi)
IND110087AAA,1,0,0.0,0.0,0.0,0.0,0.0,0.0,Delhi_Paschim_DC (Delhi)
IND110092AAC,3,2,0.001213214844143501,0.125,510.0,7.0,33.0,0.01764392687388017,Delhi_Patparganj_DPC (Delhi)
IND110093AAA,1,1,0.0,0.0,40.0,1.0,30.0,0.0013838374018729548,Delhi_Shahdara (Delhi)
IND110095AAB,1,1,0.0,0.0,37.0,1.0,57.0,0.0012800495967324832,Delhi_Jhilmil_L (Delhi)
IND121001AAA,1,1,0.0,0.0,441.0,27.0,16.0,0.015256807355649327,Faridabad (Haryana)
IND121002AAA,1,1,0.0,0.0,217.0,1.0,36.0,0.00750731790516078,Faridabad_Old (Haryana)
IND121002AAB,1,1,0.0,0.0,2907.0,29.0,75.0,0.10057038318111698,Faridabad_Mthurard_L (Haryana)
IND121004AAA,1,1,0.0,0.0,346.0,10.0,77.5,0.011970193526201059,Faridabad_Blbgarh_DC (Haryana)
IND121004AAB,9,7,0.0073370712813797916,0.022123893805309734,5829.0,169.0,30.0,0.20165970538793634,FBD_Balabhgarh_DPC (Haryana)
IND121004AAC,1,1,0.0,0.0,307.0,6.0,18.0,0.010620952059374928,Faridabad_MohnVRTL_D (Haryana)
IND121102AAA,1,1,0.0,0.0,1126.0,12.0,50.0,0.038955022862723676,Palwal (Haryana)
IND122001AAA,2,5,0.0031105285932986255,0.075,722.0,26.0,40.5,0.024978265103806834,GGN_DPC (Haryana)
IND122001AAD,1,1,0.0,0.5,227.0,10.0,11.5,0.007853277255629018,Gurgaon_Kadipur (Haryana)
IND122001AAJ,1,1,0.0018198222662152515,0.0,-158.0,13.0,12.0,-0.005466157737398171,Mahbubabad_Yellanda_D (Telangana)
IND122002AAD,0,1,0.0,0.0,57.0,2.0,24.0,0.001971968297668961,Gurgaon_Central_D_15 (Haryana)
IND122004AAA,0,2,0.0,0.0,1339.0,44.0,41.5,0.046323957027697156,Gurgaon_Begumpur_CP (Haryana)
IND122015AAC,1,0,0.0,0.0,0.0,0.0,0.0,0.0,0
IND122050AAA,2,0,0.0,0.5,0.0,0.0,0.0,0.0,Gurgaon_Manesar (Haryana)
IND122101AAC,1,0,0.0,0.0,0.0,0.0,0.0,0.0,Gurgaon_SohnaRd_D (Haryana)
IND122413AAE,1,0,0.0,0.0,0.0,0.0,0.0,0.0,Gurgaon_Bilaspur_P (Haryana)
IND122503AAA,1,1,0.0006060599424489422,0.0,190.0,2.0,104.5,0.0065732276588965355,Pataudi_DC (Haryana)
IND123001AAA,2,1,0.0024242397697957683,0.16666666666666666,442.0,13.0,27.0,0.01529140329069615,Narnaul_DC (Haryana)
IND123106AAB,1,0,0.0,0.0,0.0,0.0,0.0,0.0,Dharuhera_Central_DPP_2 (Haryana)
IND123401AAB,1,2,0.002420954892058918,0.0,676.0,13.0,29.0,0.023386852091652935,Rewari_YuktiDPP_D (Haryana)
IND124001AAB,1,1,0.0018231071439521022,0.0,307.0,4.0,37.0,0.010620952059374928,Rohtak (Haryana)
IND124103AAA,1,1,0.0,0.5,434.0,9.0,12.0,0.01501463581032156,Jhajjar_DC (Haryana)
IND124112AAA,1,3,0.0,0.5833333333333334,379.0,8.0,25.5,0.013111859382746246,Meham_GModDPP_D (Haryana)
IND124141AAA,1,1,0.0018132525107415508,0.0,823.0,10.0,20.5,0.028472454543536044,ChrkhiDdri_PuranDPP_D (Haryana)
IND124507AAA,2,2,0.001213214844143501,0.0,821.0,12.0,42.5,0.028403262673442394,Bahadurgarh_DC (Haryana)
IND125001AAA,7,8,0.0134800343935395,0.06372549019607843,9171.0,46.0,87.5,0.3172793203144217,Hisar_ModelTwn_P (Haryana)
IND125005AAA,4,5,0.00823616612846811,0.08571428571428572,1519.0,14.0,83.5,0.052551225336125454,Hisar_IndstlAr_I (Haryana)
IND125033AAA,2,2,0.0,0.5833333333333334,89.0,5.0,10.0,0.003079038219167324,Hansi_DelRdDPP_D (Haryana)
IND125047AAB,2,2,0.0006230318107560037,0.16666666666666666,701.0,11.0,18.0,0.024251750467823532,Hisar_AgrohDPP_D (Haryana)
IND125050AAA,1,1,0.0,0.5,31.0,2.0,11.5,0.00107247398645154,Fatehabad_SirsaDPP_D (Haryana)
IND125051AAA,3,1,0.002423144810550151,0.16666666666666666,4.0,4.0,16.0,0.00013838374018729547,Ratia_SchdvDPP_D (Haryana)
IND125104AAA,1,1,0.004215045616002172,0.0,173.0,1.0,165.0,0.0059850967631005295,Sirsa_AnprnDPP_D (Haryana)
IND125111AAA,1,1,0.0024198599328133013,0.0,141.0,2.0,25.0,0.004878026841602165,Fatehabad_BhunaDPP_D (Haryana)
IND125121AAA,1,1,0.0024165750550764506,0.0,209.0,3.0,375.0,0.0072305504247861885,Barwala_Central_DPP_1 (Haryana)
IND126102AAA,1,2,0.0018198222662152515,0.16666666666666666,223.0,7.0,52.0,0.007714893515441723,Jind_DC (Haryana)
IND126112AAA,0,1,0.0,0.0,1653.0,16.0,154.5,0.05718708063239985,Safidon_HatRDDPP_D (Haryana)
IND126116AAA,1,1,0.0,0.5,564.0,5.0,59.0,0.01951210736640866,0
IND127021AAA,2,1,0.0018198222662152515,0.16666666666666666,318.0,8.0,52.5,0.01100150734488999,Bhiwani_DC (Haryana)
IND127201AAA,1,1,0.0018165373884784012,0.0,152.0,3.0,9.0,0.005258582127117228,Loharu_BstndDPP_D (Haryana)
IND131021AAA,0,1,0.0,0.0,414.0,58.0,25.5,0.014322717109385081,Sonipat_AmzonDev_V (Haryana)
IND131028AAA,1,0,0.0,0.0,0.0,0.0,0.0,0.0,Sonipat_Kundli_P (Haryana)
IND131028AAB,20,20,0.07177766755238653,0.03437094682230869,28103.0,245.0,169.0,0.9722495626208912,Sonipat_Kundli_H (Haryana)
IND131028AAE,1,1,0.0,0.0,33.0,1.0,61.0,0.0011416658565451877,Sonipat_Central_D_2 (Haryana)
IND131301AAA,2,1,0.0018132525107415502,0.16666666666666666,161.0,2.0,245.5,0.005569945542538642,Gohana_DvlalDPP_D (Haryana)
IND132001AAA,2,3,0.00060852360075158,0.375,1076.0,6.0,192.0,0.03722522611038248,Karnal (Haryana)
IND132039AAA,1,0,0.0,0.0,0.0,0.0,0.0,0.0,Assandh_MhrjaDPP_D (Haryana)
IND132103AAA,2,2,0.0012154047626347349,0.5,455.0,8.0,37.0,0.01574115044630486,Panipat (Haryana)
IND132103AAB,1,2,0.0,0.5,690.0,8.0,61.0,0.023871195182308468,Panipat_PC (Haryana)
IND133004AAA,0,1,0.0,0.0,216.0,6.0,54.5,0.007472721970113955,Ambala (Haryana)
IND134102AAA,2,1,2.7373981140421955e-07,0.16666666666666666,437.0,16.0,33.0,0.015118423615462031,Kalka_Pinjore_DC (Haryana)
IND134109AAA,0,1,0.0,0.0,5996.0,15.0,82.0,0.20743722654075594,Chandigarh_Panchkula (Chandigarh)
IND134203AAA,1,2,0.0006082498609401759,0.5,466.0,15.0,34.0,0.01612170573181992,Naraingarh_Ward2DPP_D (Haryana)
IND135001AAA,2,1,0.001213214844143501,0.16666666666666666,737.0,12.0,36.0,0.02549720412950919,YamunaNagar_DC (Haryana)
IND136027AAA,1,1,0.0006104397794314096,0.0,802.0,21.0,70.0,0.027745939907552742,Kaithal_DC (Haryana)
IND136118AAA,1,1,0.0018280344605573781,0.0,250.0,22.0,31.5,0.008648983761705968,Kurukshetra_DC (Haryana)
IND136128AAA,1,1,0.0012197845996172023,0.0,480.0,22.0,17.5,0.016606048822475458,Pehowa_WdN14DPP_D (Haryana)
IND140001AAA,1,1,0.0006082498609401759,0.0,473.0,19.0,35.0,0.01636387727714769,RoopNagar_ChotiHvl_DC (Punjab)
IND140118AAA,1,1,0.0006049649832033252,0.0,1094.0,17.0,38.0,0.03784795294122531,AnandprShb_PnjPiara_D (Punjab)
IND140301AAA,1,2,0.0012159522422575432,0.3333333333333333,727.0,40.0,22.0,0.025151244779040953,Chandigarh_Kharar_DC (Chandigarh)
IND140401AAA,2,3,0.0006052387230147293,0.3888888888888889,312.0,7.0,26.0,0.010793931734609047,Rajpura_DC (Punjab)
IND140406AAA,1,1,0.0003038511906586837,0.5,71.0,7.0,19.0,0.0024563113883244946,SirhindFatehgarh_DC (Punjab)
IND140501AAA,1,1,0.0,1.0,379.0,14.0,25.5,0.013111859382746246,Lalru_OnkarDPP_D (Punjab)
IND140603AAA,1,0,0.0,0.0,0.0,0.0,0.0,0.0,Zirakpur_DC (Punjab)
IND140901AAA,2,2,0.0006038700239577083,0.6,992.0,40.0,28.0,0.03431916756644928,Chandigarh_Mullanpr_DC (Chandigarh)
IND141003AAB,0,3,0.0,0.5,506.0,29.0,29.0,0.017505543133692875,Ludhiana_GillChwk_DC (Punjab)
IND141010AAA,0,1,0.0,0.0,9.0,1.0,3.0,0.0003113634154214148,Ludhiana_DC (Punjab)
IND141109AAA,2,1,0.0,0.5,411.0,18.0,37.0,0.01421892930424461,Raikot_DC (Punjab)
IND141115AAA,2,1,0.0006055124628261335,0.3333333333333333,204.0,14.0,8.5,0.007057570749552069,Machhiwara_MnBzrDPP_D (Punjab)
IND142001AAB,2,2,0.0018006604794169562,0.6666666666666666,1334.0,30.0,32.0,0.04615097735246304,Moga_DPC (Punjab)
IND142026AAA,1,2,0.0,0.5,348.0,19.0,29.0,0.012039385396294707,Jagraon_DC (Punjab)
IND142401AAA,2,1,0.0,0.5,115.0,6.0,43.5,0.003978532530384745,Khanna_DC (Punjab)
IND143001AAA,3,1,0.0,1.0,1572.0,19.0,75.0,0.054384809893607125,Amritsar_DPC (Punjab)
IND144001AAA,1,1,0.0,0.5,332.0,16.0,32.0,0.011485850435545524,Jalandhar_DC (Punjab)
IND144001AAB,5,5,0.005447422246943969,0.2073170731707317,3155.0,58.0,17.0,0.1091501750727293,Jalandhar_DPC (Punjab)
IND144001AAC,0,2,0.0,1.0,3337.0,27.0,171.0,0.11544663525125125,Jalandhar_Sodal Road (Punjab)
IND144040AAA,2,1,0.001209382486783842,0.3333333333333333,213.0,10.0,17.0,0.007368934164973483,Nakodar_ChowkDPP_D (Punjab)
IND144401AAB,1,1,0.0,0.0,192.0,17.0,13.0,0.006642419528990183,Phagwara_Lovely_D (Punjab)
IND144514AAA,1,2,0.0006077023813173674,0.5,136.0,6.0,7.5,0.0047050471663680465,Nawanshahr_DC (Punjab)
IND144527AAA,0,1,0.0,0.0,118.0,4.0,4.5,0.0040823203355252165,Garhshnker_Jagrata_D (Punjab)
IND144601AAA,1,2,0.0012159522422575432,0.3333333333333333,46.0,3.0,19.0,0.0015914130121538978,Kapurthala_DC (Punjab)
IND145001AAA,1,2,0.0,0.0,166.0,8.0,26.0,0.005742925217772762,Pathankot_DC (Punjab)
IND147001AAB,2,2,0.0006055124628261336,0.0,1073.0,13.0,47.0,0.03712143830524201,Patiala (Punjab)
IND147001AAD,2,3,0.0024302620456466612,0.05555555555555555,790.0,7.0,38.0,0.027330788686990855,Patiala_GainMrkt_L (Punjab)
IND147101AAA,2,2,0.0,1.0,430.0,10.0,20.5,0.014876252070134263,Samana_PODPP_D (Punjab)
IND147105AAA,2,2,0.0,1.0,4104.0,8.0,161.0,0.14198171743216517,Patran_MheshNGR_D (Punjab)
IND147201AAA,2,1,1.6424388684253174e-06,0.16666666666666666,35.0,7.0,34.0,0.0012108577266388353,Nabha_Sahni_D (Punjab)
IND147301AAA,2,2,0.0003038511906586837,0.5,26.0,2.0,32.0,0.0008994943112174207,Mandi_Gobindgarh_DC (Punjab)
IND148001AAA,1,0,0.0,0.0,0.0,0.0,0.0,0.0,Sangrur_DC (Punjab)
IND148023AAA,2,2,0.0012197845996172023,0.08333333333333333,38.0,3.0,19.0,0.001314645531779307,Malerkotla_DC (Punjab)
IND148024AAB,1,0,0.0,0.0,0.0,0.0,0.0,0.0,Dhuri_DMComDPP_D (Punjab)
IND148028AAA,0,2,0.0,0.0,542.0,12.0,21.5,0.018750996795378536,Sunam_DC (Punjab)
IND148101AAA,1,1,0.0006082498609401759,0.5,16.0,5.0,27.0,0.0005535349607491819,Barnala_DC (Punjab)
IND148102AAA,1,1,0.0006049649832033252,0.5,48.0,1.0,121.0,0.0016606048822475458,Bhadaur_BChwkDPP_D (Punjab)
IND151001AAA,6,4,0.007557408713247693,0.06976744186046512,2283.0,51.0,67.0,0.0789825197118989,Bhatinda_DPC (Punjab)
IND151103AAA,1,1,0.0,0.0,779.0,2.0,48.5,0.026950233401475794,RampuraPhul_DC (Punjab)
IND151302AAA,1,1,0.0012159522422575432,0.0,-115.0,16.0,16.0,-0.003978532530384745,TalwandiSabo_Wardno3_D (Punjab)
IND151505AAA,1,1,0.0012126673645206927,0.0,84.0,5.0,8.0,0.002906058543933205,Mansa_GreenVly_D (Punjab)
IND151506AAA,1,1,0.001209382486783842,0.0,1056.0,18.0,245.0,0.036533307409446006,Jhunir_BhaRDDPP_D (Punjab)
IND152024AAA,1,1,0.0006082498609401759,0.5,45.0,2.0,16.5,0.001556817077107074,Jalalabad_Muktsar_D (Punjab)
IND152026AAA,6,7,0.006371020370621806,0.10135135135135136,8854.0,37.0,59.0,0.30631240890457856,Muktsar_DPC (Punjab)
IND152101AAA,1,1,0.0,0.0,74.0,2.0,580.0,0.0025600991934649664,Giddarbaha_DC (Punjab)
IND152107AAA,2,1,0.0,1.0,64.0,1.0,611.0,0.0022141398429967275,Malout_DC (Punjab)
IND152116AAA,1,2,0.0,1.0,61.0,2.0,336.5,0.0021103520378562557,Abohar_DC (Punjab)
IND152123AAA,1,1,0.0006049649832033252,0.5,74.0,1.0,541.0,0.0025600991934649664,Fazilka_GndhiChk_D (Punjab)
IND160002AAC,32,29,0.08264300419812791,0.028421633554083885,43111.0,370.0,133.5,1.491465355803624,Chandigarh_Mehmdpur_H (Punjab)
IND160002AAD,1,0,0.0,0.0,0.0,0.0,0.0,0.0,Chandigarh_Mehmdpur_P (Punjab)
IND160003AAA,1,1,0.0,0.0,68.0,1.0,382.0,0.0023525235831840232,Chandigarh (Chandigarh)
IND160055AAA,2,1,0.0,1.0,296.0,21.0,47.0,0.010240396773859866,Chandigarh_Mohali (Chandigarh)
IND160102AAC,1,1,0.0,0.0,1029.0,28.0,104.5,0.03559921716318176,Chandigarh_Raiprvlg_L (Chandigarh)
IND160102AAD,0,2,0.0,0.0,386.0,15.0,41.0,0.013354030928074013,Chandigarh_Raiprkln_C (Chandigarh)
IND173025AAA,1,1,0.0012099299664066504,0.5,1571.0,11.0,52.0,0.0543502139585603,PaontSahib_Gurudwar_D (Himachal Pradesh)
IND173212AAA,2,4,0.0015178872542363974,0.2692307692307692,702.0,9.0,44.0,0.024286346402870355,Solan_MohanPrk_D (Himachal Pradesh)
IND173220AAA,1,2,0.0,0.5,143.0,3.0,17.0,0.004947218711695813,Parwanoo_Central_D_1 (Himachal Pradesh)
IND174001AAA,2,1,0.003634717215825227,0.0,667.0,15.0,44.0,0.02307548867623152,BilaspurHP_Indsarea_D (Himachal Pradesh)
IND174021AAA,0,1,0.0,0.0,357.0,12.0,10.5,0.012350748811716121,Ghumarwin_Gndhichk_D (Himachal Pradesh)
IND174101AAB,0,2,0.0,0.0,1326.0,12.0,27.5,0.04587420987208845,Nalagarh_Central_DPP_2 (Himachal Pradesh)
IND174103AAA,4,1,0.0009068999951821794,0.3888888888888889,675.0,6.0,36.0,0.02335225615660611,Baddi_ByePass_D (Himachal Pradesh)
IND174307AAA,1,1,0.0,0.5,158.0,17.0,19.0,0.005466157737398171,Bangana_Bhaleti_D (Himachal Pradesh)
IND175001AAA,1,1,0.003628147460351526,0.0,1271.0,17.0,43.0,0.04397143344451314,Mandi_PlaceCol_D (Himachal Pradesh)
IND175015AAA,1,1,0.0012121198848978841,0.0,10899.0,13.0,42.0,0.37706109607533334,JognderNgr_Dhelu_D (Himachal Pradesh)
IND175018AAA,1,1,0.0036314323380883763,0.0,510.0,16.0,20.0,0.01764392687388017,SundarNgr_Bhogpur_D (Himachal Pradesh)
IND175101AAA,1,1,0.003624862582614675,0.0,1357.0,4.0,31.0,0.04694668385853999,Kullu_AkhraBzr_D (Himachal Pradesh)
IND176001AAA,1,0,0.0,0.0,0.0,0.0,0.0,0.0,Kangra_Gurkhari_D (Himachal Pradesh)
IND176001AAB,1,0,0.0,0.0,0.0,0.0,0.0,0.0,Kangra_Central_D_2 (Himachal Pradesh)
IND176041AAA,2,0,0.0,0.5,0.0,0.0,0.0,0.0,Bhota_BpassDPP_D (Himachal Pradesh)
IND176048AAA,1,1,0.0006066074220717505,0.0,1016.0,11.0,5.0,0.03514947000757305,Jahu_Sulgwan_D (Himachal Pradesh)
IND176061AAA,1,1,0.0006060599424489421,0.0,1125.0,2.0,32.0,0.03892042692767685,Palampur_Cnsrvila_D (Himachal Pradesh)
IND176110AAB,1,1,0.0006066074220717505,0.0,278.0,9.0,16.0,0.009617669943017035,Sujanpur_SainkSCL_D (Himachal Pradesh)
IND176201AAA,1,1,0.0,0.0,410.0,9.0,8.0,0.014184333369197786,Jassur_AadiDPP_D (Himachal Pradesh)
IND176215AAA,0,1,0.0,0.0,106.0,3.0,58.0,0.00366716911496333,Dharamshala_GrudwrRd_D (Himachal Pradesh)
IND176303AAA,2,1,0.0,0.0,2627.0,10.0,20.5,0.0908835213680063,Dalhousie_Banikhet_D (Himachal Pradesh)
IND176310AAA,1,1,0.0,0.0,11464.0,13.0,30.0,0.39660779937678886,Chamba_Bangotu_D (Himachal Pradesh)
IND177001AAA,0,1,0.0,0.0,142.0,7.0,31.0,0.004912622776648989,Hamirpur_GutmgrCl_D (Himachal Pradesh)
IND177033AAA,1,1,0.0012121198848978841,0.0,6706.0,18.0,90.0,0.2320003404240009,Nadaun_Ward6_D (Himachal Pradesh)
IND177101AAA,1,2,0.0,0.0,96.0,3.0,33.0,0.0033212097644950917,DehraGopipur_Central_D_1 (Himachal Pradesh)
IND177203AAA,0,1,0.0,0.0,109.0,3.0,24.0,0.0037709569201038015,Amb_Adrshngr_D (Himachal Pradesh)
IND181152AAA,3,1,0.00030330371103587524,0.8,74.0,5.0,23.0,0.0025600991934649664,Jammu_TrnptNgr_L (Jammu & Kashmir)
IND181152AAB,3,3,0.001213214844143501,0.3076923076923077,801.0,12.0,63.0,0.027711343972505922,Jammu_Central_I_1 (Jammu & Kashmir)
IND181201AAB,1,1,0.0,0.0,802.0,8.0,96.0,0.027745939907552742,Akhnoor_ThthiCwk_D (Jammu & Kashmir)
IND184104AAA,2,4,0.0015165185551793763,0.6153846153846154,987.0,12.0,22.0,0.03414618789121516,Kathua_BOB_D (Jammu & Kashmir)
IND184121AAA,3,4,0.0006060599424489421,0.4444444444444444,1460.0,10.0,23.5,0.050510065168362844,Samba_Wardno13_D (Jammu & Kashmir)
IND201001AAA,1,1,0.0,0.0,135.0,5.0,24.0,0.0046704512313212225,Ghaziabad_Patel Nagar (Uttar Pradesh)
IND201001AAC,2,2,7.639652369426096e-05,0.5,198.0,3.0,75.0,0.006849995139271126,Ghaziabad_Central_L_8 (Uttar Pradesh)
IND201005AAA,1,1,0.0,0.0,32.0,1.0,19.0,0.0011070699214983637,Ghaziabad_RjndrNgr_DC (Uttar Pradesh)
IND201007AAA,8,5,0.005658230579229276,0.08904109589041095,799.0,21.0,58.0,0.027642152102412273,GZB_Mohan_Nagar_DPC (Uttar Pradesh)
IND201007AAB,1,3,0.0032208512984860716,0.3,506.0,17.0,76.0,0.017505543133692875,Ghaziabad_MohanNgr_C (Uttar Pradesh)
IND201204AAA,1,1,0.0,1.0,96.0,6.0,5.5,0.0033212097644950917,Modinagar_SikriKla_DC (Uttar Pradesh)
IND201301AAD,1,1,0.0,0.0,305.0,2.0,41.5,0.01055176018928128,NOI_RPC (Delhi)
IND201301AAF,8,3,0.002453803669427424,0.05660377358490566,1167.0,32.0,52.5,0.04037345619964345,Noida_Sec 02_DPC (Uttar Pradesh)
IND201301AAL,2,2,0.0006153670960366856,0.0,237.0,16.0,91.0,0.008199236606097258,Dadri_ICDCant_D (Uttar Pradesh)
IND201301AAM,1,1,0.0,0.0,3059.0,27.0,100.0,0.10582896530823421,Noida_Sector63_L (Uttar Pradesh)
IND201304AAA,2,1,0.0,0.5,363.0,18.0,23.0,0.012558324421997063,Noida_Sec-83_DC (Uttar Pradesh)
IND201306AAA,0,2,0.0,1.0,511.0,9.0,89.0,0.017678522808926997,Noida_Surajpur_DC (Uttar Pradesh)
IND201307AAA,1,1,0.0,0.0,304.0,28.0,25.5,0.010517164254234455,Noida_Chukhndi_D (Uttar Pradesh)
IND202001AAB,4,4,0.004747373088487904,0.17307692307692307,2448.0,21.0,63.0,0.08469084899462484,Aligarh_KhirByps_I (Uttar Pradesh)
IND202001AAC,0,1,0.0,0.0,175.0,4.0,8.5,0.006054288633194177,Aligarh_Central_D_2 (Uttar Pradesh)
IND203001AAA,0,1,0.0,0.0,153.0,5.0,1.0,0.0052931780621640525,Bulndshahr_Ymunpurm_D (Uttar Pradesh)
IND203131AAA,1,1,4.379836982467513e-06,0.0,349.0,16.0,17.5,0.01207398133134153,Khurja_Pnjbiyon_D (Uttar Pradesh)
IND203135AAA,1,2,7.664714719318147e-06,0.16666666666666666,718.0,16.0,54.0,0.024839881363619535,Jewar_SJRoad_D (Uttar Pradesh)
IND203205AAA,1,0,0.0,0.0,0.0,0.0,0.0,0.0,Sikandrabd_GTRoad_D (Uttar Pradesh)
IND203390AAA,2,1,1.0949592456168781e-05,0.16666666666666666,4038.0,20.0,188.0,0.13969838571907478,Anupshahar_DcntCLY_D (Uttar Pradesh)
IND203396AAB,1,1,0.0,0.5,228.0,15.0,18.0,0.007887873190675843,Pahasu_Kanongyn_D (Uttar Pradesh)
IND204101AAA,1,2,1.9223782098485752e-05,0.5,642.0,4.0,34.0,0.022210590300060923,Hathras (Uttar Pradesh)
IND204215AAA,1,1,0.0006071549016945589,0.0,369.0,6.0,39.0,0.012765900032278007,SikandraRao_JydevNGR_D (Uttar Pradesh)
IND205001AAB,3,5,0.0096663002203058,0.16071428571428573,2242.0,21.0,105.0,0.07756408637497912,Mainpuri_Agraroad_I (Uttar Pradesh)
IND205135AAA,1,1,0.0,0.5,337.0,13.0,28.0,0.011658830110779644,Shikohabad_Katrmira_D (Uttar Pradesh)
IND206001AAA,1,1,0.0006049649832033253,0.0,4547.0,20.0,33.5,0.15730771665790813,Etawah_MhraChng_D (Uttar Pradesh)
IND206122AAA,1,1,0.0006082498609401759,0.0,430.0,19.0,22.0,0.014876252070134263,Auraiya_AryaNagr_D (Uttar Pradesh)
IND207001AAA,1,1,0.001213214844143501,0.0,149.0,6.0,43.5,0.005154794321976756,Etah_CivlLine_D (Uttar Pradesh)
IND207123AAA,1,1,0.0,0.0,362.0,1.0,66.0,0.012523728486950242,Kasganj_BnkrGate_D (Uttar Pradesh)
IND207247AAB,2,1,0.0036215777048778245,0.16666666666666666,644.0,10.0,98.0,0.02227978217015457,Aliganj_KaimgnjRD_D (Uttar Pradesh)
IND207302AAA,1,1,0.0018181798273468263,0.0,1039.0,6.0,176.0,0.03594517651365,Jalesar_ChngiDPP_D (Uttar Pradesh)
IND208006AAA,1,1,0.0,0.0,508.0,3.0,65.0,0.017574735003786524,Kanpur_GovndNgr_DC (Uttar Pradesh)
IND208012AAA,1,1,0.0,0.0,7701.0,13.0,487.0,0.2664232957955906,Kanpur_Central_D_7 (Uttar Pradesh)
IND208017AAA,0,1,0.0,0.0,1354.0,6.0,231.5,0.046842896053399516,Kanpur_Central_D_5 (Uttar Pradesh)
IND208019AAA,1,1,0.0,0.0,1059.0,6.0,35.5,0.03663709521458648,Kanpur_Rawatpur_D (Uttar Pradesh)
IND209101AAA,1,1,0.0024297145660238527,0.0,-53.0,17.0,11.0,-0.001833584557481665,Akbarpur_NehruNGR_D (Uttar Pradesh)
IND209111AAA,1,1,0.002426429688287002,0.0,946.0,21.0,21.0,0.03272775455429538,Pukhrayan_Arulimod_D (Uttar Pradesh)
IND209206AAB,1,1,0.0006093448201857927,0.0,358.0,15.0,19.0,0.012385344746762946,Ghatampur_StatinRD_D (Uttar Pradesh)
IND209304AAA,16,13,0.06055790990854979,0.02882205513784461,25855.0,220.0,114.0,0.8944779006356312,Kanpur_Central_H_6 (Uttar Pradesh)
IND209625AAA,2,1,0.0036380020935620778,0.16666666666666666,295.0,11.0,43.0,0.010205800838813043,Farrukhbad_Pnchlght_D (Uttar Pradesh)
IND209721AAB,1,1,0.0,0.5,131.0,10.0,19.0,0.004532067491133927,Chhibramau_Bhainpura_D (Uttar Pradesh)
IND209801AAA,1,1,0.0,0.0,2533.0,5.0,101.0,0.08763150347360486,Unnao_VikasRam_D (Uttar Pradesh)
IND210001AAA,1,1,0.0012126673645206927,0.0,1154.0,10.0,45.5,0.03992370904403474,Banda_GayatriN_D (Uttar Pradesh)
IND210301AAA,1,0,0.0,0.0,0.0,0.0,0.0,0.0,Hamirpur_KanpurRd_D (Uttar Pradesh)
IND210427AAA,1,1,0.0012093824867838421,0.0,2878.0,9.0,36.0,0.09956710106475909,Mahoba_Mlkpura_D (Uttar Pradesh)
IND210431AAA,1,1,0.0024165750550764506,0.0,1070.0,5.0,306.0,0.03701765050010154,Rath_Mughlpra_D (Uttar Pradesh)
IND210501AAB,0,1,0.0,0.0,2060.0,16.0,38.5,0.07126762619645717,Bewar_BndhuTRH_D (Uttar Pradesh)
IND211002AAB,6,4,0.01328495803386198,0.022727272727272728,5543.0,49.0,69.0,0.1917652679645447,Allahabad_Central_H_1 (Uttar Pradesh)
IND211008AAA,0,1,0.0,0.0,2559.0,6.0,63.0,0.08853099778482228,Allahabad_Central_D_3 (Uttar Pradesh)
IND211010AAB,0,1,0.0,0.0,18.0,1.0,965.0,0.0006227268308428296,Allahabad_Mirapati_L (Uttar Pradesh)
IND211011AAA,1,1,0.0012159522422575432,0.0,922.0,13.0,28.0,0.031897452113171604,Allahabad_Central_D_5 (Uttar Pradesh)
IND211013AAA,1,0,0.0,0.0,0.0,0.0,0.0,0.0,Allahabad_Phaphamu_DC (Uttar Pradesh)
IND212402AAA,1,1,0.0012093824867838421,0.0,13188.0,13.0,77.0,0.4562511913975132,Phulpur_Shekhpur_D (Uttar Pradesh)
IND212501AAA,1,1,0.0012126673645206927,0.0,243.0,13.0,30.0,0.0084068122163782,Soraon_BypassRD_D (Uttar Pradesh)
IND212601AAA,1,1,0.0012159522422575432,0.0,1340.0,16.0,27.0,0.046358552962743986,Fatehpur_Kotwali_D (Uttar Pradesh)
IND221005A1A,1,0,0.0,0.0,0.0,0.0,0.0,0.0,0
IND221010AAA,1,1,0.0006093448201857927,0.0,38.0,1.0,2303.0,0.001314645531779307,Varanasi (Uttar Pradesh)
IND221010AAB,2,3,0.004302642355651523,0.05,2230.0,5.0,133.0,0.07714893515441722,Varanasi_MahmurGj_IP (Uttar Pradesh)
IND221303AAA,1,1,0.0006098922998086011,0.0,43.0,3.0,24.0,0.0014876252070134262,Gopiganj_Wardno13_D (Uttar Pradesh)
IND221313AAA,1,6,0.013393541492385653,0.047619047619047616,6171.0,15.0,92.0,0.2134915151739501,Varanasi_Central_H_4 (Uttar Pradesh)
IND221401AAA,1,1,0.0012186896403715854,0.0,55.0,2.0,19.0,0.0019027764275753127,Bhadohi_Rajpura_D (Uttar Pradesh)
IND221706AAA,1,1,0.0018362466548995052,0.0,2832.0,11.0,23.0,0.0979756880526052,Ratanpura_MubarDPP_D (Uttar Pradesh)
IND222001AAA,2,1,7.1172350965097085e-06,0.0,23.0,1.0,26.0,0.0007957065060769489,Jaunpur_Katghara_D (Uttar Pradesh)
IND222125AAB,1,1,3.2848777368506348e-06,0.0,32.0,1.0,12.0,0.0011070699214983637,Badlapur_Bhaluahi_D (Uttar Pradesh)
IND222136AAA,2,0,0.0,0.0,0.0,0.0,0.0,0.0,Jalalpur_Mhimapur_D (Uttar Pradesh)
IND223101AAB,1,1,0.0006126296979226433,0.0,186.0,7.0,39.0,0.006434843918709239,Shahganj_KcharaRD_D (Uttar Pradesh)
IND224001AAA,0,1,0.0,0.0,723.0,13.0,16.0,0.025012861038853654,Faizabad_TrnspNgr_D (Uttar Pradesh)
IND224122AAA,1,0,0.0,0.0,0.0,0.0,0.0,0.0,Akbarpur_Auliyapr_D (Uttar Pradesh)
IND224141AAB,1,1,0.0,0.0,698.0,17.0,36.0,0.02414796266268306,Gosainganj_Pakrela_D (Uttar Pradesh)
IND226004AAA,0,2,0.0,0.0,438.0,7.0,16.0,0.015153019550508856,Lucknow_Hub (Uttar Pradesh)
IND226004AAC,1,0,0.0,0.0,0.0,0.0,0.0,0.0,Lucknow_Pandriba_L (Uttar Pradesh)
IND226016AAA,1,0,0.0,0.0,0.0,0.0,0.0,0.0,Lucknow_Indira Nagar (Uttar Pradesh)
IND226024AAA,1,0,0.0,0.0,0.0,0.0,0.0,0.0,Lucknow_Aliganj (Uttar Pradesh)
IND231001AAA,1,0,0.0,0.0,0.0,0.0,0.0,0.0,Mirzapur_JangiRd_D (Uttar Pradesh)
IND231205AAA,1,1,0.0,0.0,130.0,3.0,18.0,0.004497471556087103,Chopan_PreetDPP_D (Uttar Pradesh)
IND231208AAA,0,1,0.0,0.0,132.0,6.0,33.0,0.004566663426180751,Duddhi_MChwkDPP_D (Uttar Pradesh)
IND231216AAA,2,0,0.0,0.0,0.0,0.0,0.0,0.0,Robertsganj_ArtoDPP_D (Uttar Pradesh)
IND231217AAA,1,1,0.0,0.0,252.0,7.0,31.0,0.008718175631799614,Renukoot_Govind_D (Uttar Pradesh)
IND231225AAB,1,1,0.0,0.0,121.0,7.0,29.0,0.0041861081406656874,Anpara_Parasi_D (Uttar Pradesh)
IND232101AAB,2,1,0.006714290094122697,0.16666666666666666,168.0,7.0,36.0,0.00581211708786641,MughalSarai_Central_D_2 (Uttar Pradesh)
IND232104AAB,1,3,0.006107135192428138,0.08333333333333333,261.0,4.0,73.5,0.00902953904722103,Chandauli_ShubsNGR_D (Uttar Pradesh)
IND232327AAA,1,0,0.0,0.0,0.0,0.0,0.0,0.0,Gahmar_Wardnor4_D (Uttar Pradesh)
IND233001AAA,1,2,0.0030604110914991744,0.16666666666666666,315.0,4.0,38.5,0.01089771953974952,Ghazipur_Kaithwal_D (Uttar Pradesh)
IND233221AAC,1,0,0.0,0.0,0.0,0.0,0.0,0.0,Aunrihar_Central_D_1 (Uttar Pradesh)
IND241124AAB,1,1,0.003634717215825227,0.0,77.0,4.0,21.5,0.0026638869986054378,Shahabad_KDRoad_D (Uttar Pradesh)
IND242001AAA,1,1,0.0036314323380883763,0.0,68.0,1.0,10.0,0.0023525235831840232,Shahjhnpur_NavdaCln_D (Uttar Pradesh)
IND242221AAA,1,1,0.0,0.5,855.0,5.0,24.0,0.029579524465034406,Jalalabad_farukngr_D (Uttar Pradesh)
IND242307AAB,1,2,0.003628147460351526,0.16666666666666666,874.0,10.0,21.5,0.030236847230924062,Tilhar_SingCLNY_D (Uttar Pradesh)
IND243001AAA,0,2,0.0,1.0,620.0,15.0,84.0,0.021449479729030798,Bareilly_Central_D_2 (Uttar Pradesh)
IND243002AAA,1,1,0.0,1.0,32.0,1.0,59.0,0.0011070699214983637,Bareilly (Uttar Pradesh)
IND243201AAA,2,1,0.0006066986686755519,0.5,178.0,4.0,10.0,0.006158076438334648,Baheri_HoliCDPP_D (Uttar Pradesh)
IND243301AAB,1,2,0.0006082498609401759,0.16666666666666666,777.0,12.0,454.5,0.026881041531382144,Aonla_KdidmCLY_D (Uttar Pradesh)
IND243503AAB,3,1,0.0006049649832033252,0.4,1797.0,11.0,379.0,0.06216889527914249,Faridpur_ShjnprRD_D (Uttar Pradesh)
IND244001AAA,1,1,0.005429902899014099,0.5,1441.0,16.0,35.5,0.04985274240247319,Moradabad_DC (Uttar Pradesh)
IND244221AAA,1,1,0.011327353395906604,0.0,2388.0,21.0,57.0,0.0826150928918154,Amroha_SamitiRd_D (Uttar Pradesh)
IND244235AAA,1,1,0.010780421252720974,0.0,32.0,20.0,87.5,0.0011070699214983637,Gajraula_JawaharN_D (Uttar Pradesh)
IND244301AAA,1,1,0.0018231071439521022,0.5,213.0,11.0,19.0,0.007368934164973483,Sambhal_Khwssrai_D (Uttar Pradesh)
IND244412AAA,1,2,0.0018198222662152515,0.3333333333333333,13.0,13.0,28.0,0.00044974715560871034,Chandausi_Ganesh_D (Uttar Pradesh)
IND244501AAA,1,1,0.0,0.5,157.0,8.0,18.0,0.005431561802351347,Kanth_Dayanand_D (Uttar Pradesh)
IND244601AAB,2,1,0.0006049649832033252,0.3333333333333333,350.0,9.0,159.0,0.012108577266388355,Thakurdwara_Fathuluh_D (Uttar Pradesh)
IND244713AAA,3,2,2.7373981140421955e-07,0.625,405.0,17.0,35.0,0.014011353693963667,Kashipur_Vaishali_D (Uttarakhand)
IND244715AAA,2,2,0.0,0.8,17.0,17.0,34.0,0.0005881308957960058,Ramnagar_BhwniGnj_D (Uttarakhand)
IND244901AAB,10,7,0.021052690168871915,0.044444444444444446,2006.0,67.0,218.0,0.06939944570392868,Rampur_RoshnBgh_I (Uttar Pradesh)
IND244901AAC,1,1,6.387262266098455e-07,0.0,18.0,1.0,13.0,0.0006227268308428296,Rampur_ThanaDPP_D (Uttar Pradesh)
IND244921AAB,2,2,0.0012120286382940825,0.25,178.0,3.0,9.0,0.006158076438334648,Bilaspur_GrmNgriya_D (Uttar Pradesh)
IND245101AAA,2,2,0.0,1.0,549.0,17.0,45.0,0.018993168340706305,Hapur_Swargash_D (Uttar Pradesh)
IND245304AAA,2,2,0.0,1.0,915.0,27.0,28.0,0.03165528056784384,Pilkhuwa_HapurRD_D (Uttar Pradesh)
IND246001AAA,0,1,0.0,0.0,216.0,4.0,719.0,0.007472721970113955,Pauri_Khndyusn_D (Uttarakhand)
IND246149AAA,1,1,0.0,0.0,1662.0,15.0,458.0,0.05749844404782127,Kotdwara_Nzbadrd_D (Uttarakhand)
IND246174AAA,2,1,0.001219237119994394,0.16666666666666666,406.0,16.0,47.5,0.014045949629010492,SrinagarUK_Srikot_D (Uttarakhand)
IND246424AAA,1,1,5.474796228084391e-07,0.5,3427.0,16.0,907.5,0.11856026940546541,Chamoli_CGRoad_D (Uttarakhand)
IND246444AAB,1,1,0.0006098922998086011,0.5,254.0,15.0,8.0,0.008787367501893262,Karnaprayag_Umalodge_D (Uttarakhand)
IND246701AAA,1,1,0.003032489630735944,0.0,312.0,12.0,19.5,0.010793931734609047,Bijnor_NaginaRd_D (Uttar Pradesh)
IND246725AAB,1,1,0.003035774508472795,0.0,152.0,10.0,9.0,0.005258582127117228,Chandpur_NorprRD_D (Uttar Pradesh)
IND246761AAA,1,3,0.0012159522422575432,0.25,-473.0,12.0,23.5,-0.01636387727714769,Dhampur_NaginaRD_D (Uttar Pradesh)
IND246763AAA,1,2,0.0030292047529990934,0.16666666666666666,753.0,14.0,17.0,0.026050739090258374,Najibabad_KotdwrRD_D (Uttar Pradesh)
IND247554AAA,1,2,0.0006049649832033252,0.0,373.0,14.0,61.0,0.012904283772465303,Deoband_Ramvlg_D (Uttar Pradesh)
IND247667AAA,1,1,0.0,1.0,645.0,14.0,34.5,0.022314378105201396,Roorkee_Dc (Uttarakhand)
IND247667AAB,1,1,0.0,1.0,118.0,2.0,22.0,0.0040823203355252165,Roorkee_IOTCEncl_L (Uttarakhand)
IND247776AAA,1,1,0.0012126673645206927,0.0,130.0,9.0,13.0,0.004497471556087103,Shamli_KarnalRd_D (Uttar Pradesh)
IND248001AAA,3,1,0.0018151686894213798,0.0,2847.0,12.0,636.0,0.09849462707830754,Dehradun (Uttarakhand)
IND248001AAD,2,1,0.0006041437637691125,0.0,2346.0,9.0,701.0,0.0811620636198488,Dehradun_Nirjanpur_L (Uttarakhand)
IND248122AAB,1,1,0.0006060599424489421,0.0,597.0,15.0,145.0,0.02065377322295385,Mussoorie_BrlwgDPP_D (Uttarakhand)
IND248197AAA,0,1,0.0,0.0,978.0,16.0,47.0,0.033834824475793744,Dehradun_Selakui_D (Uttarakhand)
IND249201AAA,2,2,0.0024302620456466612,0.0,4986.0,21.0,312.0,0.1724953321434638,Rishikesh_DC (Uttarakhand)
IND249407AAA,5,3,0.006051839750524485,0.08,8021.0,54.0,33.5,0.27749399501057426,Haridwar (Uttarakhand)
IND250002AAA,3,1,0.0006049649832033252,0.4,486.0,5.0,227.0,0.0168136244327564,Meerut (Uttar Pradesh)
IND250002AAC,2,0,0.0,1.0,0.0,0.0,0.0,0.0,0
IND250221AAA,0,1,0.0,0.0,34.0,1.0,1.0,0.0011762617915920116,Daurala_Sardhnrd_D (Uttar Pradesh)
IND250609AAA,1,0,0.0,0.0,0.0,0.0,0.0,0.0,Baghpat_Barout_D (Uttar Pradesh)
IND250611AAA,1,1,0.0012159522422575432,0.0,333.0,11.0,16.0,0.011520446370592347,Baraut_SrnprHwy_D (Uttar Pradesh)
IND251001AAA,1,1,0.0006082498609401759,0.0,349.0,12.0,45.0,0.01207398133134153,Muzaffrngr_MhmodNgr_D (Uttar Pradesh)
IND251201AAA,1,2,0.0006060599424489421,0.3333333333333333,562.0,2.0,169.5,0.019442915496315015,Khatauli_TilakNgr_D (Uttar Pradesh)
IND251309AAB,1,1,0.001209382486783842,0.0,676.0,10.0,40.0,0.023386852091652935,Budhana_Busstand_D (Uttar Pradesh)
IND261001AAA,1,1,0.0,0.0,1357.0,20.0,28.5,0.04694668385853999,Sitapur_Chowk_D (Uttar Pradesh)
IND261201AAB,0,1,0.0,0.0,1077.0,19.0,26.0,0.03725982204542931,Biswan_PatelNGR_D (Uttar Pradesh)
IND262001AAA,2,2,0.002419859932813301,0.3333333333333333,250.0,7.0,20.0,0.008648983761705968,Pilibhit_ViksClny_D (Uttar Pradesh)
IND262122AAB,1,1,0.0,0.5,829.0,4.0,165.5,0.028680030153816986,Puranpur_MdothdRD_D (Uttar Pradesh)
IND262405AAA,0,1,0.0,0.0,532.0,2.0,459.0,0.0184050374449103,Sitarganj_SidculRd_D (Uttarakhand)
IND262501AAA,2,1,0.0006041437637691125,0.6666666666666666,1745.0,8.0,33.5,0.06036990665670765,Pithorgarh_Kumud_D (Uttarakhand)
IND262701AAA,1,1,0.0,0.0,615.0,20.0,30.0,0.02127650005379668,Lakhimpur_Maheva_D (Uttar Pradesh)
IND262723AAB,1,0,0.0,0.0,0.0,0.0,0.0,0.0,Dhaurahara_TahsilRD_D (Uttar Pradesh)
IND262802AAA,1,1,0.0,0.0,2338.0,21.0,39.0,0.0808852961394742,Gola_BkgnRoad_D (Uttar Pradesh)
IND263002AAA,1,1,0.0,0.5,259.0,13.0,32.0,0.008960347177127383,Nainital_Sookhtal_D (Uttarakhand)
IND263139AAA,1,1,0.0,0.0,205.0,6.0,773.0,0.007092166684598893,Haldwani_PiliKoti_D (Uttarakhand)
IND263153AAB,6,7,0.010869934171050154,0.09210526315789473,6610.0,56.0,108.0,0.22867913065950576,Rudrapur_UdhamNgr_H (Uttarakhand)
IND263401AAA,3,2,0.0012088350071610336,0.625,784.0,16.0,600.5,0.027123213076709913,Kashipur_BajprDPP_D (Uttarakhand)
IND263601AAA,1,3,0.0006041437637691125,0.5,1419.0,12.0,19.0,0.04909163183144307,Almora_SuzkiSrv_D (Uttarakhand)
IND263645AAA,3,2,0.0018198222662152515,0.3333333333333333,857.0,13.0,23.0,0.029648716335128052,Ranikhet_Subhash_D (Uttarakhand)
IND271001AAA,1,2,0.0,0.0,5183.0,6.0,759.5,0.1793107313476881,Gonda_KotwaliN_D (Uttar Pradesh)
IND271201AAA,1,1,0.0,0.0,162.0,6.0,29.0,0.005604541477585466,Balrampur_PBRDDPP_D (Uttar Pradesh)
IND271210AAA,2,1,0.0,0.0,1456.0,12.0,170.0,0.05037168142817555,Tulsipur_Central_DPP_1 (Uttar Pradesh)
IND272001AAA,1,2,0.0006142721367910688,0.0,277.0,7.0,44.0,0.009583074007970212,Basti_GndhiNgr_D (Uttar Pradesh)
IND272153AAC,1,0,0.0,0.0,0.0,0.0,0.0,0.0,Bansi_GangDPP_D (Uttar Pradesh)
IND272155AAA,0,1,0.0,0.0,23.0,3.0,23.0,0.0007957065060769489,Harraiya_MahuGDPP_D (Uttar Pradesh)
IND272175AAA,1,0,0.0,0.0,0.0,0.0,0.0,0.0,Khalilabad_MrgnjDPP_D (Uttar Pradesh)
IND272207AAB,0,1,0.0,0.0,102.0,3.0,9.0,0.0035287853747760344,Naugarh_Central_D_1 (Uttar Pradesh)
IND273014AAB,6,6,0.009177127177326463,0.0,4790.0,45.0,60.0,0.1657145288742863,Gorakhpur_Matriprm_IP (Uttar Pradesh)
IND273155AAA,1,2,7.664714719318147e-06,0.0,64.0,2.0,219.5,0.0022141398429967275,Anandnagar_LohiaDPP_D (Uttar Pradesh)
IND273303AAA,1,1,2.7373981140421955e-07,0.0,73.0,1.0,10.0,0.0025255032584181425,Maharajganj_PakriDPP_D (Uttar Pradesh)
IND273304AAA,2,1,0.0006126296979226435,0.0,3056.0,14.0,355.5,0.10572517750309374,Nichlaul_Wardno13_D (Uttar Pradesh)
IND274001AAA,2,2,0.0006372662809490232,0.0,582.0,14.0,41.0,0.02013483419725149,Deoria_CCRoad_D (Uttar Pradesh)
IND274301AAB,3,1,0.0018356991752766967,0.1,2401.0,16.0,173.5,0.08306484004742411,Kaptanganj_Subshngr_D (Uttar Pradesh)
IND274304AAA,2,1,3.5586175482548542e-06,0.0,287.0,6.0,27.5,0.00992903335843845,Kushinagar_KasyaDPP_D (Uttar Pradesh)
IND274304AAB,2,2,0.0006131771775454519,0.1,324.0,14.0,29.5,0.011209082955170932,Padrauna_BawliDPPP_D (Uttar Pradesh)
IND274402AAA,1,2,4.106097171063293e-06,0.16666666666666666,180.0,5.0,17.0,0.006227268308428296,Kushinagar_JiswlDPP_D (Uttar Pradesh)
IND274509AAB,1,3,2.0804225666720685e-05,0.0,299.0,5.0,19.0,0.010344184579000337,Salempur_Banjaria_D (Uttar Pradesh)
IND275101AAA,1,1,0.0,0.5,69.0,2.0,36.0,0.0023871195182308467,Mau_BaliaMod_D (Uttar Pradesh)
IND275303AAA,1,1,0.0012389463864154976,0.0,86.0,4.0,27.0,0.0029752504140268523,Dohrighat_AzmrdDPP_D (Uttar Pradesh)
IND275503AAA,2,1,0.0018461012881100566,0.16666666666666666,168.0,4.0,26.5,0.00581211708786641,Ghosi_Jamalpur_D (Uttar Pradesh)
IND276128AAA,1,1,0.0018280344605573781,0.0,178.0,6.0,31.0,0.006158076438334648,Azamgarh_ChtwrDPP_D (Uttar Pradesh)
IND276129AAA,1,1,2.4636583026379758e-05,0.0,203.0,1.0,867.0,0.007022974814505246,Chiraiyakot_KamalDPP_D (Uttar Pradesh)
IND276140AAA,1,1,0.0006317914847209387,0.0,51.0,1.0,57.0,0.0017643926873880172,Jiyanpur_Central_DPP_1 (Uttar Pradesh)
IND276305AAA,1,1,0.001220879558862819,0.0,195.0,7.0,38.0,0.006746207334130653,Saraimeer_MsmcyDPP_D (Uttar Pradesh)
IND277201AAA,1,1,0.0012312816716961797,0.0,651.0,7.0,20.0,0.022521953715482337,Bariya_BgnprDPP_D (Uttar Pradesh)
IND277211AAA,1,1,0.0006263166884928544,0.0,155.0,5.0,15.0,0.0053623699322576995,Sahatwar_PnchmDPP_D (Uttar Pradesh)
IND277303AAC,1,1,2.1351705289529124e-05,0.0,96.0,6.0,27.0,0.0033212097644950917,Sikandarpur_Central_D_3 (Uttar Pradesh)
IND281004AAA,1,0,0.0,0.0,0.0,0.0,0.0,0.0,Mathura_DC (Uttar Pradesh)
IND281121AAB,0,1,0.0,0.0,2242.0,13.0,28.0,0.07756408637497912,Vrindavan_MathuraRD_D (Uttar Pradesh)
IND281401AAA,0,2,0.0,0.5,396.0,12.0,12.5,0.013699990278542252,Chhata_GvrdnDPP_D (Uttar Pradesh)
IND282001AAA,2,2,0.0,0.8,1774.0,12.0,91.5,0.061373188773065544,Agra_Idgah_P (Uttar Pradesh)
IND282001AAC,1,1,0.0,0.5,225.0,2.0,87.5,0.007784085385535371,Agra_Idgah_L (Uttar Pradesh)
IND282001AAF,0,1,0.0,0.0,479.0,18.0,46.5,0.01657145288742863,Agra_Central_D_3 (Uttar Pradesh)
IND282002AAD,6,5,0.007005592360638916,0.18867924528301888,1823.0,30.0,78.5,0.0630683895903599,0
IND282005AAA,1,0,0.0,0.0,0.0,0.0,0.0,0.0,Agra (Uttar Pradesh)
IND283122AAB,1,2,0.0006066074220717505,0.0,1517.0,10.0,36.5,0.05248203346603181,Kirauli_AchneraRD_D (Uttar Pradesh)
IND283203AAA,2,2,0.0006217543583027837,0.4166666666666667,2912.0,14.0,57.5,0.1007433628563511,Firozabad_Sudmpuri_D (Uttar Pradesh)
IND284001AAA,0,1,0.0,0.0,399.0,6.0,32.0,0.013803778083682723,Jhansi_LVMColge_D (Uttar Pradesh)
IND284403AAA,1,2,0.0006060599424489419,0.16666666666666666,410.0,3.0,51.0,0.014184333369197786,Lalitpur_RjghatRd_D (Uttar Pradesh)
IND285001AAD,1,1,0.002423144810550151,0.0,344.0,21.0,33.0,0.01190100165610741,Orai_Ajnari_D (Uttar Pradesh)
IND285205AAB,1,1,0.0024198599328133013,0.0,509.0,5.0,53.0,0.01760933093883335,Konch_Central_D_2 (Uttar Pradesh)
IND301001AAB,5,3,0.004842731003552048,0.17307692307692307,1410.0,18.0,71.5,0.048780268416021656,Alwar_Central_I_1 (Rajasthan)
IND301019AAA,0,2,0.0,0.5,860.0,8.0,34.0,0.029752504140268525,Bhiwadi DC (Rajasthan)
IND301705AAA,2,1,0.0018220121847064854,0.16666666666666666,49.0,1.0,12.0,0.0016952008172943696,Neemrana_Rcocmplx_D (Rajasthan)
IND302004AAA,1,2,0.0,0.0,348.0,9.0,128.0,0.012039385396294707,Jaipur_NgrNigam_DC (Rajasthan)
IND302006AAA,1,1,0.0,0.0,475.0,13.0,20.0,0.016433069147241335,Jaipur (Rajasthan)
IND302006AAC,1,1,0.0,0.0,45.0,1.0,2.0,0.001556817077107074,Jaipur_Central_D_10 (Rajasthan)
IND302014AAA,10,8,0.060753346422923696,0.06,14539.0,96.0,173.0,0.5029902996457722,Jaipur_Hub (Rajasthan)
IND302014AAB,9,12,0.0,0.0,4896.0,150.0,36.0,0.16938169798924968,Jaipur_Central_I_7 (Rajasthan)
IND302020AAA,1,1,0.0,0.0,829.0,19.0,18.0,0.028680030153816986,Jaipur_VarunCly_DC (Rajasthan)
IND302022AAD,1,1,0.0,0.0,1039.0,7.0,384.0,0.03594517651365,Jaipur_RIICO_L (Rajasthan)
IND302023AAA,1,0,0.0,0.0,0.0,0.0,0.0,0.0,Ambabadi_DC (Rajasthan)
IND302026AAA,1,1,0.0,0.0,577.0,3.0,24.0,0.01996185452201737,Jaipur_Bhankrot_DC (Rajasthan)
IND302033AAB,1,0,0.0,0.0,0.0,0.0,0.0,0.0,Jaipur_Central_D_1 (Rajasthan)
IND303002AAA,1,1,0.0,0.5,354.0,10.0,19.0,0.01224696100657565,Achrol_BgwriDPP_D (Rajasthan)
IND303008AAB,1,1,0.0,0.0,62.0,5.0,30.0,0.00214494797290308,Dudu_NrainaRD_D (Rajasthan)
IND303106AAA,1,2,0.0006066074220717505,0.16666666666666666,256.0,11.0,24.0,0.00885655937198691,Paota_SmClyDPP_D (Rajasthan)
IND303108AAB,0,1,0.0,0.0,196.0,9.0,20.0,0.006780803269177478,Kotputli_LXngrDPP_D (Rajasthan)
IND303301AAB,1,1,0.0,0.0,156.0,12.0,6.5,0.0053969658673045234,Bassi_DmodrNGR_D (Rajasthan)
IND303303AAA,2,1,0.0,0.0,470.0,16.0,11.0,0.016260089472007216,Dausa_IndraCln_D (Rajasthan)
IND303338AAB,2,1,0.0,0.0,-3.0,6.0,17.5,-0.00010378780514047161,Phulera_NarenaRD_D (Rajasthan)
IND303503AAA,1,1,0.0,0.0,481.0,11.0,8.0,0.01664064475752228,Lalsot_NWclyDPP_D (Rajasthan)
IND303603AAB,2,2,0.0,0.0,694.0,7.0,24.0,0.024009578922495764,Renwal_ChomuRD_D (Rajasthan)
IND303702AAB,1,2,0.005744977421940356,0.3333333333333333,277.0,12.0,23.0,0.009583074007970212,Chomu_ShsmlDPP_D (Rajasthan)
IND303901AAA,1,1,0.0,0.0,93.0,3.0,16.0,0.0032174219593546194,Chaksu_TonkRoad_D (Rajasthan)
IND304001AAA,2,1,0.0,0.0,28.0,1.0,36.0,0.0009686861813110682,Tonk_DC (Rajasthan)
IND305001AAC,5,4,0.015066639219688243,0.08571428571428572,4003.0,45.0,95.0,0.13848752799243597,Ajmer_FoySGRRD_I (Rajasthan)
IND305404AAA,1,2,0.004229280086195192,0.16666666666666666,483.0,14.0,18.5,0.01670983662761593,Kekri_LxmntDPP_D (Rajasthan)
IND305601AAC,1,1,0.0,0.5,624.0,18.0,20.0,0.021587863469218094,Nasirabad_Central_DPP_2 (Rajasthan)
IND305624AAA,3,1,0.004232564963932043,0.0,440.0,8.0,44.5,0.015222211420602502,Bijainagar_Central_DPP_1 (Rajasthan)
IND305802AAA,1,1,0.0024297145660238527,0.0,242.0,6.0,18.0,0.008372216281331375,Kishangarh_Central_D_2 (Rajasthan)
IND305901AAA,1,2,0.001816537388478401,0.16666666666666666,708.0,7.0,55.0,0.0244939220131513,Beawar_DC (Rajasthan)
IND306001AAA,1,0,0.0,0.0,0.0,0.0,0.0,0.0,MarwarJn_SndbrDPP_D (Rajasthan)
IND306116AAA,1,1,0.0006115347386770265,0.0,292.0,3.0,13.0,0.01010201303367257,Falna_SbhRDDPP_D (Rajasthan)
IND306304AAB,1,1,0.0,0.5,42.0,1.0,9.0,0.0014530292719666024,Raipur_BypRDDPP_D (Rajasthan)
IND306401AAB,3,4,0.017825525908925666,0.15789473684210525,9516.0,60.0,50.5,0.32921491790557594,Pali_Nayagaon_I (Rajasthan)
IND306902AAA,1,1,0.001221974518108436,0.0,14.0,1.0,29.0,0.0004843430906555341,Sumerpur_BazarDPP_D (Rajasthan)
IND307001AAA,1,1,0.0018313193382942287,0.0,29.0,2.0,11.0,0.0010032821163578922,Sirohi_Ricco_D (Rajasthan)
IND311001AAA,2,1,0.0030193501197885416,0.3333333333333333,284.0,5.0,2.0,0.009825245553297978,Bhilwara_DC (Rajasthan)
IND311301AAA,0,1,0.0,0.0,701.0,6.0,19.5,0.024251750467823532,Asind_BsStdDPP_D (Rajasthan)
IND311302AAA,2,1,0.001209382486783842,0.16666666666666666,597.0,3.0,15.0,0.02065377322295385,Badnaur_BhmrdDPP_D (Rajasthan)
IND312001AAA,2,2,0.003634717215825227,0.08333333333333333,454.0,19.0,32.0,0.015706554511258037,Chittaurgarh_DC (Rajasthan)
IND312403AAA,1,1,0.001209382486783842,0.0,435.0,9.0,29.0,0.015049231745368381,BariSadri_BhmprDPP_D (Rajasthan)
IND312601AAA,1,1,0.0012159522422575432,0.0,-17.0,6.0,10.0,-0.0005881308957960058,Nimbahera_MsjidDPP_D (Rajasthan)
IND312605AAB,2,2,0.003028657273376285,0.16666666666666666,1659.0,19.0,47.0,0.0573946562426808,Pratapgarh_Nimachrd_D (Rajasthan)
IND313001AAB,4,5,0.01323719956143231,0.07142857142857142,9098.0,53.0,96.0,0.3147538170560035,Udaipur_Mangri_I (Rajasthan)
IND313324AAA,1,1,0.003016065242051691,0.5,620.0,14.0,31.0,0.021449479729030798,Rajsamand_kankroli_D (Rajasthan)
IND321001AAA,2,2,0.0006052387230147294,0.3333333333333333,1629.0,13.0,14.0,0.05635677819127608,Bharatpur_DC (Rajasthan)
IND321001AAB,1,2,0.0009110060923532427,0.3333333333333333,217.0,8.0,18.0,0.00750731790516078,Bharatpur_NraynDPP_D (Rajasthan)
IND321022AAA,1,1,0.0,0.5,1563.0,9.0,31.0,0.054073446478185704,Kaman_BsstdDPP_D (Rajasthan)
IND321401AAB,2,0,0.0,0.5,0.0,0.0,0.0,0.0,Bayana_LalBagh_D (Rajasthan)
IND321408AAB,0,2,0.0,1.0,553.0,5.0,32.0,0.0191315520808936,Weir_BsstdDPP_D (Rajasthan)
IND321606AAA,2,2,0.00030439867028149214,0.4,2677.0,9.0,159.0,0.0926133181203475,Kherli_GodamDPP_D (Rajasthan)
IND322001AAC,1,1,0.0,0.0,344.0,3.0,16.0,0.01190100165610741,SawaiMadhopur_Central_DPP_1 (Rajasthan)
IND322201AAA,1,2,0.0,0.0,476.0,14.0,14.0,0.016467665082288162,Gangapur_Ward6DPP_D (Rajasthan)
IND322230AAA,1,1,0.0,0.0,282.0,14.0,15.5,0.00975605368320433,Hindaun_MndwrRod_D (Rajasthan)
IND322241AAA,1,1,0.0,0.0,432.0,15.0,21.0,0.01494544394022791,Karauli_HnsChowk_D (Rajasthan)
IND327001AAB,1,1,0.0018214647050836768,0.5,99.0,4.0,13.5,0.003424997569635563,Banswara_KhandDPP_D (Rajasthan)
IND328001AAA,3,3,0.0012675646394259385,0.46153846153846156,1044.0,14.0,29.0,0.03611815618888412,Dholpur_GtRoad_D (Rajasthan)
IND331001A1C,1,0,0.0,0.0,0.0,0.0,0.0,0.0,0
IND331022A1B,0,1,0.0,0.0,79.0,1.0,0.0,0.0027330788686990857,0
IND331023AAA,1,1,0.001816537388478401,0.0,21.0,3.0,27.0,0.0007265146359833012,Rajgarh_SadulDPP_D (Rajasthan)
IND331304AAA,1,1,0.0018132525107415502,0.0,1394.0,4.0,46.5,0.048226733455272466,Taranagar_RajRdDPP_D (Rajasthan)
IND331507AAA,0,1,0.0,0.0,694.0,3.0,15.0,0.024009578922495764,Sujangarh_JngidDPP_D (Rajasthan)
IND331701AAA,1,1,0.0006049649832033253,0.5,574.0,2.0,178.5,0.0198580667168769,Sidhmukh_MnbzrDPP_D (Rajasthan)
IND332001AAB,3,6,0.01451039992291487,0.041666666666666664,2222.0,34.0,47.0,0.07687216767404263,Sikar_FatehpRd_I (Rajasthan)
IND332404AAA,2,1,0.005744977421940356,0.3333333333333333,216.0,12.0,20.5,0.007472721970113955,Reengus_Shop2DPP_D (Rajasthan)
IND332709AAA,1,0,0.0,0.0,0.0,0.0,0.0,0.0,Khandela_PlsrdDPP_D (Rajasthan)
IND332713AAA,1,2,0.001221974518108436,0.0,434.0,7.0,16.0,0.01501463581032156,NeemKaThana_War5DPP_D (Rajasthan)
IND332715AAB,1,0,0.0,0.0,0.0,0.0,0.0,0.0,Shrimadhopur_RLSTNDPP_D (Rajasthan)
IND333001AAA,1,1,0.0,0.5,39.0,3.0,14.0,0.0013492414668261309,Jhunjhunu_DC (Rajasthan)
IND333028AAA,2,2,0.0030494614990430055,0.08333333333333333,57.0,2.0,5.5,0.001971968297668961,Sultana_Central_DPP_1 (Rajasthan)
IND333031AAA,2,1,0.0018198222662152515,0.16666666666666666,269.0,5.0,31.0,0.00930630652759562,Pilani (Rajasthan)
IND333042AAA,1,1,0.0,0.5,594.0,13.0,20.0,0.020549985417813377,Nawalgarh_NavldiDPP_D (Rajasthan)
IND333502AAA,1,0,0.0,0.0,0.0,0.0,0.0,0.0,Buhana_CourtDPP_D (Rajasthan)
IND333504AAA,1,1,0.0018313193382942287,0.0,60.0,2.0,7.0,0.002075756102809432,Khetri_NagarDPP_D (Rajasthan)
IND334001AAB,1,1,0.0003038511906586837,0.0,87.0,2.0,19.0,0.0030098463490736767,Bikaner_DC (Rajasthan)
IND334001AAC,1,2,0.006897148288140716,0.16666666666666666,235.0,6.0,14.0,0.008130044736003608,Bikaner_ITICollg_L (Rajasthan)
IND334803AAA,2,1,0.0006049649832033252,0.16666666666666666,105.0,3.0,11.0,0.0036325731799165062,Nokha_DeVDPP_D (Rajasthan)
IND335001AAA,1,1,0.004218330493739022,0.0,703.0,10.0,40.0,0.02432094233791718,Ganga Nagar_DC (Rajasthan)
IND335051AAA,1,1,0.0024165750550764493,0.0,1185.0,10.0,144.5,0.04099618303048628,RaisingNgr_BisnolDPP_D (Rajasthan)
IND335501AAA,1,1,0.0006082498609401759,0.5,15.0,1.0,24.0,0.000518939025702358,Bhadra_GMndiDPP_D (Rajasthan)
IND335513AAA,3,3,0.00726012727806271,0.03333333333333333,408.0,16.0,45.0,0.014115141499104138,Hanumangarh_DC (Rajasthan)
IND335523AAB,3,1,0.0006163127426579,0.3,325.0,1.0,82.0,0.011243678890217757,Nohar_Central_DPP_2 (Rajasthan)
IND335524AAA,2,1,0.0,0.5,7.0,1.0,38.0,0.00024217154532776706,Rawatsar_ShivmDPP_D (Rajasthan)
IND335701AAA,2,1,0.0024198599328132996,0.16666666666666666,77.0,7.0,21.0,0.0026638869986054378,Anupgarh_PrmNrDPP_D (Rajasthan)
IND335703AAA,1,1,0.0,0.5,96.0,9.0,16.0,0.0033212097644950917,Srivijaynagar_BhwanDPP_D (Rajasthan)
IND335803AAA,1,1,0.0,0.5,56.0,7.0,8.0,0.0019373723626221365,Pilibanga_BsstdDPP_D (Rajasthan)
IND335804AAD,2,2,0.002426429688287002,0.16666666666666666,79.0,11.0,25.0,0.0027330788686990857,Suratgarh_Central_DPP_2 (Rajasthan)
IND341001AAC,2,2,0.007799942186151832,0.16666666666666666,566.0,9.0,32.0,0.01958129923650231,Nagaur_KisanCo_D (Rajasthan)
IND341030AAA,1,1,0.0,0.5,64.0,3.0,8.0,0.0022141398429967275,Tarnau_BsstdDPP_D (Rajasthan)
IND341303AAA,2,1,0.00779337243067813,0.16666666666666666,262.0,14.0,21.0,0.009064134982267854,Didwana_KatlaDPP_D (Rajasthan)
IND341306AAA,1,1,0.00779008755294128,0.0,898.0,4.0,71.5,0.031067149672047833,Sujangarh_LdnunDPP_D (Rajasthan)
IND341503AAB,1,1,0.0,0.5,508.0,12.0,31.0,0.017574735003786524,Degana_BhukrdPP_D (Rajasthan)
IND341505AAA,1,2,0.002423144810550151,0.16666666666666666,908.0,13.0,41.0,0.031413109022516074,Makrana_Mwalibad_D (Rajasthan)
IND341510AAB,2,1,0.00241657505507645,0.16666666666666666,1111.0,14.0,193.0,0.038436083837021316,Merta_Central_DPP_1 (Rajasthan)
IND341512AAA,1,1,0.002426429688287002,0.0,96.0,5.0,13.0,0.0033212097644950917,Parbatsar_AjmhwDPP_D (Rajasthan)
IND342005AAD,2,4,0.007865092261266035,0.1,1633.0,19.0,170.0,0.05649516193146338,Jodhpur_Basni_I (Rajasthan)
IND342301AAA,4,1,0.00241657505507645,0.25,7921.0,14.0,22.0,0.27403440150589187,Phalodi_PalikDPP_D (Rajasthan)
IND342601AAA,1,2,0.0,0.3333333333333333,343.0,9.0,21.0,0.011866405721060586,Piparcity_BsstdDPP_D (Rajasthan)
IND342602AAC,2,2,0.0012159522422575432,0.16666666666666666,269.0,4.0,20.5,0.00930630652759562,Bilara_Central_DPP_2 (Rajasthan)
IND342902A1B,2,1,0.002105606629321257,0.16666666666666666,2363.0,9.0,77.0,0.0817501945156448,0
IND342902AAA,2,1,0.002105606629321257,0.16666666666666666,1408.0,5.0,85.0,0.04871107654592801,Gotan_DKLogDPP_D (Rajasthan)
IND343001AAA,1,1,0.0030467241009289633,0.0,41.0,2.0,21.0,0.0014184333369197787,Jalore_RoopNgr_D (Rajasthan)
IND343029AAB,1,1,0.0024395691992344045,0.0,56.0,2.0,14.5,0.0019373723626221365,Bhinmal_RwStnDPP_D (Rajasthan)
IND344001AAA,1,3,0.0012159522422575432,0.3333333333333333,634.0,13.0,17.0,0.021933822819686335,Barmer_Nehru3PL_D (Rajasthan)
IND344022AAB,1,2,0.0024297145660238527,0.3333333333333333,559.0,10.0,20.5,0.019339127691174542,Balotra_BsnoiHPL_D (Rajasthan)
IND345001AAA,1,2,0.0,0.5,191.0,5.0,12.0,0.0066078235939433586,Jaisalmer_Gopa3PL_D (Rajasthan)
IND345021AAA,2,1,0.0,0.5,206.0,10.0,20.0,0.007126762619645716,Pokhran_SttinDPP_D (Rajasthan)
IND360002AAB,3,0,0.0,0.0,0.0,0.0,0.0,0.0,Rajkot_PedakRd_P (Gujarat)
IND360003AAA,0,1,0.0,0.0,56.0,2.0,43.0,0.0019373723626221365,Rajkot_Kothriya_DC (Gujarat)
IND360050AAA,1,0,0.0,0.0,0.0,0.0,0.0,0.0,Jasdan_MotiDPP_D (Gujarat)
IND360311AAA,1,1,0.0,0.0,17.0,1.0,7.0,0.0005881308957960058,Gondal_DC (Gujarat)
IND360370AAA,1,1,0.0,0.0,19.0,1.0,5.0,0.0006573227658896535,Jetpur_DC (Gujarat)
IND360410AAA,1,1,0.0,0.0,49.0,2.0,8.0,0.0016952008172943696,Dhoraji_JmnvadRd_DC (Gujarat)
IND360490AAA,1,1,0.0,0.0,565.0,10.0,26.5,0.019546703301455484,Upleta_AdrshSt_DC (Gujarat)
IND360510AAB,1,1,0.0,0.0,205.0,13.0,12.0,0.007092166684598893,Bhanvad_Mainroad_D (Gujarat)
IND360530AAB,1,1,0.0,0.0,1222.0,15.0,14.0,0.04227623262721877,Jamjodhpur_Court_D (Gujarat)
IND360575AAA,1,1,0.0,0.0,336.0,10.0,20.5,0.01162423417573282,Porbandar_DC (Gujarat)
IND361001AAA,0,1,0.0,0.0,515.0,16.0,28.5,0.017816906549114293,Jamnagar_Dc (Gujarat)
IND361305AAC,1,2,0.0,0.0,245.0,11.0,5.0,0.008476004086471848,Khambhalia_JdswarRD_D (Gujarat)
IND361315AAA,1,1,0.0,0.0,180.0,11.0,3.0,0.006227268308428296,Bhatiya_Kalyanpr_D (Gujarat)
IND361335AAA,2,1,0.0,0.0,63.0,1.0,33.0,0.0021795439079499036,Dwarka_StnRoad_DC (Gujarat)
IND362001AAA,3,4,0.0,0.0,1406.0,37.0,25.0,0.04864188467583436,Junagadh_DPC (Gujarat)
IND362150AAA,1,1,0.0,0.0,490.0,11.0,7.0,0.016952008172943695,Talala_SsnRdDPP_D (Gujarat)
IND362220AAA,1,2,0.0,0.0,182.0,8.0,13.0,0.006296460178521944,Junagadh_keshod_DC (Gujarat)
IND362225AAA,1,1,0.0,0.0,130.0,6.0,3.0,0.004497471556087103,Mangrol_JilRDDPP_D (Gujarat)
IND362265AAA,3,1,0.0,0.0,850.0,16.0,17.5,0.02940654478980029,Veraval_DC (Gujarat)
IND362560AAA,1,1,0.0,0.0,503.0,11.0,17.0,0.017401755328552405,Una_Mamlatdr_DC (Gujarat)
IND362720AAA,1,1,0.0,0.0,489.0,17.0,12.0,0.016917412237896872,Kodinar_NCplxDPP_D (Gujarat)
IND363001AAA,1,1,0.0,0.0,91.0,14.0,20.0,0.003148230089260972,Surendranagar_DC (Gujarat)
IND363310AAB,2,1,0.0030226349975253923,0.3333333333333333,571.0,9.0,4.0,0.01975427891173643,Dhrangadhra_NvygRDPP_D (Gujarat)
IND363330AAB,1,1,0.0,0.5,188.0,8.0,20.5,0.006504035788802888,Halvad_CrossRD_D (Gujarat)
IND363421AAB,1,1,0.0,0.0,484.0,13.0,18.0,0.01674443256266275,Limbdi_Busstand_D (Gujarat)
IND363520AAC,0,1,0.0,0.0,135.0,13.0,34.0,0.0046704512313212225,Chotila_Central_D_2 (Gujarat)
IND363621AAB,1,1,0.0,0.0,50.0,2.0,14.5,0.0017297967523411933,Wankaner_JivanDPP_D (Gujarat)
IND363641AAA,0,2,0.0,0.0,153.0,7.0,17.0,0.0052931780621640525,Morbi_DC (Gujarat)
IND364001AAA,1,0,0.0,0.0,0.0,0.0,0.0,0.0,Bhavnagar_Dc (Gujarat)
IND364004AAB,1,1,0.0018280344605573781,0.0,539.0,7.0,89.0,0.018647208990238064,Bhavnagar_ChtrGIDC_IP (Gujarat)
IND364270AAA,0,1,0.0,0.0,70.0,2.0,0.0,0.0024217154532776707,Palitana_STRdDPP_D (Gujarat)
IND364290AAA,1,1,0.0,0.0,34.0,1.0,18.0,0.0011762617915920116,Bhavnagar_Mahuva_DC (Gujarat)
IND364710AAA,1,0,0.0,0.0,0.0,0.0,0.0,0.0,Botad_DC (Gujarat)
IND365560AAA,1,1,0.0012197845996172023,0.0,328.0,7.0,14.0,0.01134746669535823,Amreli_MrktYrd_DC (Gujarat)
IND365560AAB,2,1,0.0006104397794314096,0.0,542.0,11.0,22.0,0.018750996795378536,Amreli_Rajula_DC (Gujarat)
IND370001AAA,2,3,0.0012126673645206927,0.25,1666.0,14.0,16.0,0.05763682778800856,Bhuj_DC (Gujarat)
IND370110AAA,1,2,0.0,1.0,611.0,15.0,11.0,0.021138116313609383,Anjar_DC (Gujarat)
IND370201AAA,2,2,0.0030292047529990934,0.16666666666666666,621.0,9.0,95.0,0.021484075664077625,Gandhidham_Sector1A_IP (Gujarat)
IND370615AAB,2,1,0.0,1.0,707.0,3.0,30.0,0.024459326078104474,Nakhatrana_ClgRDDPP_D (Gujarat)
IND380005AAA,1,3,0.0012159522422575432,0.5,327.0,10.0,30.0,0.011312870760311405,Amd_Chandkheda_Dc (Gujarat)
IND380006AAA,0,1,0.0,0.0,271.0,18.0,20.5,0.009375498397689268,Ahmedabad_Paldi_D (Gujarat)
IND380006AAB,0,1,0.0,0.0,895.0,27.0,20.0,0.030963361866907364,Ahmedabad_Mithakal_D (Gujarat)
IND380015AAB,1,0,0.0,0.0,0.0,0.0,0.0,0.0,AMD_Satellite (Gujarat)
IND380021AAA,0,1,0.0,0.0,1611.0,32.0,33.5,0.055734051360433245,AMD_Rakhial (Gujarat)
IND380054AAA,1,1,0.0,0.0,589.0,24.0,25.5,0.02037700574257926,AMD_Memnagar (Gujarat)
IND382345AAA,1,0,0.0,0.0,0.0,0.0,0.0,0.0,Amdavad_East (Gujarat)
IND382421AAA,1,2,0.0,0.6666666666666666,1742.0,29.0,24.0,0.060266118851567185,Gandhinagar_DC (Gujarat)
IND382430AAB,17,13,0.047557571395642484,0.029137529137529136,30708.0,280.0,128.0,1.0623719734178674,Ahmedabad_East_H_1 (Gujarat)
IND382715AAA,1,1,0.0,1.0,1085.0,18.0,13.5,0.037536589525803896,Kadi_KaranNGR_D (Gujarat)
IND382721AAA,2,1,0.0,0.6666666666666666,1024.0,15.0,24.0,0.03542623748794764,Gandhinagar_Kalol_DC (Gujarat)
IND383001AAA,1,1,0.0012159522422575432,0.5,142.0,13.0,14.0,0.004912622776648989,Himmatnagar_DC (Gujarat)
IND383255AAB,1,1,0.0,0.5,549.0,9.0,83.0,0.018993168340706305,Khedbrahma_Patelfli_D (Gujarat)
IND383315AAC,1,2,0.0012126673645206927,0.3333333333333333,297.0,13.0,4.0,0.010274992708906689,Modasa_Central_D_1 (Gujarat)
IND384170AAA,1,1,0.0018231071439521022,0.0,102.0,12.0,4.5,0.0035287853747760344,Unjha_DC (Gujarat)
IND384205AAA,6,6,0.01267908058462064,0.0546875,1316.0,50.0,24.0,0.04552825052162021,Mehsana_Panchot_IP (Gujarat)
IND384265AAB,1,2,0.0018198222662152515,0.16666666666666666,364.0,12.0,13.0,0.012592920357043888,Patan_Central_D_2 (Gujarat)
IND384355AAB,1,2,0.0,0.5,450.0,13.0,5.0,0.015568170771070741,Vadnagar_BsstdDPP_D (Gujarat)
IND385001AAA,2,1,0.0006082498609401759,0.5,164.0,14.0,20.0,0.005673733347679115,Palanpur_DC (Gujarat)
IND385320AAA,1,1,0.0,0.5,-84.0,16.0,7.0,-0.002906058543933205,Bhabhar_TirupDPP_D (Gujarat)
IND385340AAB,2,1,0.0018132525107415502,0.16666666666666666,140.0,4.0,161.5,0.004843430906555341,Radhanpur_Santalpr_D (Gujarat)
IND385535AAA,1,1,0.0006049649832033252,0.5,1359.0,17.0,174.0,0.04701587572863364,Deesa_HawaiPlr_DC (Gujarat)
IND387001AAA,1,1,0.0,1.0,343.0,14.0,28.5,0.011866405721060586,Nadiad_DC (Gujarat)
IND387620AAB,1,1,0.0006093448201857927,0.0,77.0,1.0,15.0,0.0026638869986054378,Kapadvanj_Busstand_D (Gujarat)
IND388121AAA,1,1,0.0006082498609401759,0.5,306.0,11.0,21.0,0.010586356124328105,Anand_VUNagar_DC (Gujarat)
IND388220AAA,2,1,0.0006049649832033252,0.5,379.0,14.0,40.0,0.013111859382746246,Umreth_Dakor_DC (Gujarat)
IND388320AAA,4,4,0.004874393575071133,0.09615384615384616,470.0,19.0,34.0,0.016260089472007216,Anand_Vaghasi_IP (Gujarat)
IND388620AAB,1,1,0.0006049649832033252,0.5,469.0,13.0,25.0,0.016225493536960393,Khambhat_MotvdDPP_D (Gujarat)
IND389001AAA,1,1,0.0012186896403715854,0.0,791.0,21.0,28.0,0.02736538462203768,Godhra_DC (Gujarat)
IND389151AAA,1,1,0.0006098922998086011,0.0,633.0,11.0,30.0,0.02189922688463951,Dahod_DC (Gujarat)
IND389230AAB,1,0,0.0,0.0,0.0,0.0,0.0,0.0,Lunawada_VrdhriRD_D (Gujarat)
IND390018AAB,1,1,0.0,0.0,12.0,1.0,31.0,0.00041515122056188646,Vadodara_Karelibaug_DC (Gujarat)
IND390020AAA,3,3,0.0018209172254608683,0.16666666666666666,405.0,10.0,22.5,0.014011353693963667,Vadodara (Gujarat)
IND390022AAA,5,4,0.00801375839755524,0.18181818181818182,2885.0,50.0,60.0,0.09980927261008686,Vadodara_Karelibaug_DPC (Gujarat)
IND391110AAD,1,2,0.0,1.0,409.0,5.0,61.0,0.014149737434150962,Dabhoi_Central_DPP_3 (Gujarat)
IND394221AAA,1,0,0.0,0.0,0.0,0.0,0.0,0.0,Surat_Pandesra_Gateway (Gujarat)
IND395001AAA,1,1,0.0,0.0,1699.0,14.0,38.0,0.058778493644553745,Surat_Central_D_9 (Gujarat)
IND395004AAB,1,1,0.0,0.0,396.0,4.0,18.0,0.013699990278542252,Surat_Central_D_3 (Gujarat)
IND395006AAA,1,1,0.0,0.0,985.0,3.0,49.0,0.03407699602112151,Surat_Varachha_DC (Gujarat)
IND395009AAA,1,1,0.0,0.0,2190.0,16.0,62.0,0.07576509775254428,Surat_Central_D_12 (Gujarat)
IND395010AAB,0,1,0.0,0.0,7.0,1.0,63.0,0.00024217154532776706,Surat_Brpc (Gujarat)
IND395023AAA,8,8,0.02050677257025491,0.15217391304347827,41164.0,93.0,179.0,1.4241070702674576,Surat_HUB (Gujarat)
IND395023AAD,5,5,0.0,0.0,1248.0,63.0,46.0,0.04317572693843619,Surat_Central_I_4 (Gujarat)
IND396001AAA,1,1,0.0,0.0,1236.0,5.0,977.0,0.0427605757178743,Valsad_DC (Gujarat)
IND396105AAA,1,1,0.0,0.0,23.0,2.0,180.5,0.0007957065060769489,Bhilad_Umargaon_DC (Gujarat)
IND396191AAB,0,1,0.0,0.0,287.0,2.0,93.5,0.00992903335843845,Vapi_IndEstat_L (Gujarat)
IND396191AAC,3,5,0.0030330371103587527,0.08,2107.0,29.0,42.0,0.07289363514365789,Vapi_IndEstat_I (Gujarat)
IND396210AAA,1,0,0.0,0.0,0.0,0.0,0.0,0.0,Daman_DC (Daman & Diu)
IND396232AAA,1,1,0.0,0.0,519.0,15.0,20.0,0.017955290289301585,Silvassa_Samrvrni_D (Dadra and Nagar Haveli)
IND396321AAA,2,2,0.0,0.0,592.0,25.0,22.0,0.02048079354771973,Bilimora_DC (Gujarat)
IND396445AAA,1,1,0.0,0.0,220.0,7.0,58.0,0.007611105710301251,Navsari_DC (Gujarat)
IND396580AAB,1,1,0.0,0.0,607.0,8.0,257.5,0.020999732573422088,Vansda_CikhliRD_D (Gujarat)
IND400011AAA,2,2,0.0012121198848978841,0.0,2024.0,65.0,40.0,0.0700221725347715,LowerParel_CP (Maharashtra)
IND400015AAA,3,2,0.0006055124628261335,0.5,1667.0,37.0,79.0,0.057671423723055386,Mumbai_CottonGreen_DPC (Maharashtra)
IND400015AAB,2,2,0.0,1.0,2258.0,29.0,85.0,0.0781176213357283,Mumbai_CotnGren_M (Maharashtra)
IND400016AAA,0,1,0.0,0.0,8.0,1.0,64.0,0.00027676748037459094,Mumbai Mahim (Maharashtra)
IND400016AAB,0,2,0.0,0.0,470.0,16.0,57.0,0.016260089472007216,Mumbai_MhimWest_C (Maharashtra)
IND400037AAA,1,1,0.0,0.0,376.0,13.0,57.0,0.013008071577605775,Mumbai Antop Hill (Maharashtra)
IND400052AAA,1,0,0.0,0.0,0.0,0.0,0.0,0.0,Mumbai_Khar West _Dc (Maharashtra)
IND400064AAB,0,2,0.0,0.0,645.0,21.0,44.0,0.022314378105201396,Mumbai_MaladWest_CP (Maharashtra)
IND400072AAA,1,1,0.0,0.0,63.0,1.0,218.0,0.0021795439079499036,Mumbai_Tejpal_M (Maharashtra)
IND400072AAB,11,11,0.007647861886353283,0.11659192825112108,14111.0,300.0,55.5,0.48818323944573155,Mumbai Hub (Maharashtra)
IND400072AAC,0,1,0.0,0.0,706.0,17.0,64.0,0.02442473014305765,BOM_Sakinaka_RP (Maharashtra)
IND400072AAD,3,1,0.000884813339974759,0.0,5938.0,99.0,118.0,0.2054306623080401,Mumbai_Chndivli_PC (Maharashtra)
IND400072AAI,0,1,0.0,0.0,101.0,1.0,1280.0,0.0034941894397292105,Mumbai_Chndivli_D (Maharashtra)
IND400072AAJ,2,1,0.0006093448201857927,0.0,192.0,2.0,79.0,0.006642419528990183,Mumbai_Tejpal_I (Maharashtra)
IND400078AAB,1,0,0.0,0.0,0.0,0.0,0.0,0.0,Mumbai_Bhandup West_Dc (Maharashtra)
IND400102AAB,1,1,0.0,0.0,1642.0,20.0,92.0,0.05680652534688479,Mumbai_Jogeshwri_L (Maharashtra)
IND400102AAC,1,2,0.0006087973405629843,0.0,3417.0,36.0,60.0,0.11821431005499716,Mumbai_Jogshwri_I (Maharashtra)
IND400612AAA,1,1,0.0,0.0,267.0,10.0,119.5,0.009237114657501972,Mumbai_Mumbra_DC (Maharashtra)
IND400701AAA,1,2,0.00121704720150316,0.3333333333333333,490.0,18.0,32.5,0.016952008172943695,Mumbai_Ghansoli_DC (Maharashtra)
IND400701AAB,2,1,0.0,1.0,1165.0,26.0,133.0,0.04030426432954981,Mumbai_Pawane_L (Maharashtra)
IND400705AAA,1,1,0.0006087973405629843,0.0,881.0,12.0,98.0,0.03047901877625183,Mumbai_Sanpada_CP (Maharashtra)
IND400706AAA,1,1,0.0,0.0,75.0,2.0,34.5,0.00259469512851179,Mumbai_Nerul_D (Maharashtra)
IND401104AAA,4,4,0.0018239283633863148,0.2,3576.0,83.0,64.0,0.12371506372744216,Mumbai_MiraRd_IP (Maharashtra)
IND401104AAB,2,2,0.0,1.0,2095.0,28.0,110.5,0.072478483923096,Mumbai_MiraRoad_M (Maharashtra)
IND401208AAA,1,0,0.0,0.0,0.0,0.0,0.0,0.0,Nalasopara (Maharashtra)
IND401209AAA,1,1,0.0,0.0,2474.0,23.0,28.0,0.08559034330584225,Mumbai_Virar_DC (Maharashtra)
IND401209AAB,0,3,0.0,0.3333333333333333,2658.0,32.0,47.5,0.09195599535445784,Mumbai_Vasai_CP (Maharashtra)
IND401501AAA,1,1,0.0,0.0,539.0,17.0,46.0,0.018647208990238064,Boisar_OstwlEmp_D (Maharashtra)
IND401602AAA,1,1,0.0,0.0,3150.0,17.0,60.0,0.10897719539749517,Dahanu_KetyDPP_D (Maharashtra)
IND402107AAA,1,1,0.0,0.0,716.0,18.0,20.0,0.024770689493525892,Pen_BljiMrkt_D (Maharashtra)
IND402109AAA,1,1,0.0,0.0,944.0,20.0,5.5,0.03265856268420173,Roha_DataSagr_D (Maharashtra)
IND402301AAA,1,1,0.0,0.0,1013.0,13.0,27.0,0.03504568220243258,Mahad_Govndsgr_D (Maharashtra)
IND403002AAA,1,1,0.0,0.0,47.0,1.0,443.0,0.001626008947200722,Central Goa (Goa)
IND403401AAA,1,1,0.0,0.0,1012.0,3.0,213.0,0.03501108626738575,Goa_Ponda_Dc (Goa)
IND403507AAA,1,1,0.0,0.0,405.0,3.0,421.0,0.014011353693963667,Panaji Goa (Goa)
IND403507AAB,1,1,0.0,0.0,159.0,1.0,179.0,0.005500753672444995,Goa_Mapusa (Goa)
IND403601AAA,1,1,0.0,0.0,248.0,4.0,497.0,0.00857979189161232,Goa_Margao_Dc (Goa)
IND403702AAA,1,2,0.0018849182314553022,0.3333333333333333,2244.0,9.0,59.0,0.07763327824507275,Canacona_CharRsta_D (Goa)
IND403726AAA,4,6,0.01170119699102176,0.06818181818181818,7897.0,43.0,92.0,0.2732040990647681,Goa_Hub (Goa)
IND403726AAB,5,5,0.0,0.0,342.0,22.0,166.5,0.011831809786013763,Goa_ZuariNgr_IP (Goa)
IND410206AAA,2,1,0.0006038700239577082,0.5,515.0,13.0,31.0,0.017816906549114293,Jasai_JNPT_D (Maharashtra)
IND410206AAB,1,1,0.0,0.0,1086.0,36.0,63.0,0.03757118546085072,Mumbai_Panvel_D (Maharashtra)
IND410209AAA,1,0,0.0,0.0,0.0,0.0,0.0,0.0,Mumbai_Khandeshwar_Dc (Maharashtra)
IND410210AAA,1,0,0.0,0.0,0.0,0.0,0.0,0.0,Mumbai_Kharghar_D (Maharashtra)
IND410401AAA,1,1,0.0,0.0,994.0,9.0,37.0,0.03438835943654292,Lonavala_NngrgnRd_D (Maharashtra)
IND410501AAF,1,1,0.0,1.0,252.0,4.0,42.5,0.008718175631799614,Talegaon_Central_DPP_4 (Maharashtra)
IND410503AAA,1,1,0.0,1.0,143.0,2.0,13.5,0.004947218711695813,Ambegaon_Manchar_D (Maharashtra)
IND410505AAB,2,2,0.0012126673645206927,0.4,214.0,7.0,26.0,0.007403530100020308,Rajgurunagar_Chakan_D (Maharashtra)
IND411014AAA,3,3,0.0024253347290413853,0.0,3110.0,28.0,43.5,0.10759335799562222,PNQ Vadgaon Sheri DPC (Maharashtra)
IND411017AAA,1,1,0.0,0.0,63.0,2.0,17.5,0.0021795439079499036,PNQ Rahatani DPC (Maharashtra)
IND411021AAA,1,1,0.0,0.0,992.0,32.0,49.5,0.03431916756644928,PNQ Pashan DPC (Maharashtra)
IND411033AAA,23,20,0.06490119369366924,0.05343082114735658,74681.0,403.0,112.0,2.5836590252318534,Pune_Tathawde_H (Maharashtra)
IND411033AAB,0,1,0.0,0.0,64.0,1.0,79.0,0.0022141398429967275,Pune_Chinchwad DC (Maharashtra)
IND411036AAA,1,1,0.0,0.0,1546.0,33.0,138.0,0.053485315582389704,Pune_Mundhawa_L (Maharashtra)
IND411043AAA,1,1,0.0,0.0,141.0,3.0,31.0,0.004878026841602165,Pune Balaji Nagar (Maharashtra)
IND411048AAA,1,1,0.0,0.0,122.0,2.0,47.5,0.004220704075712511,Pune_East_D_8 (Maharashtra)
IND411057AAF,1,0,0.0,0.0,0.0,0.0,0.0,0.0,Pune_East_D_7 (Maharashtra)
IND412105AAC,1,1,0.0,0.0,769.0,33.0,27.0,0.026604274051007553,Pune_North_D_3 (Maharashtra)
IND412210AAC,1,1,0.0,0.5,186.0,2.0,25.5,0.006434843918709239,Shirur_Central_DPP_3 (Maharashtra)
IND412803AAB,1,1,0.0006082498609401759,0.0,7.0,2.0,7.0,0.00024217154532776706,Wai_Central_DPP_3 (Maharashtra)
IND413002AAA,5,5,0.005580048245958919,0.17073170731707318,9204.0,58.0,47.0,0.31842098617096687,Solapur_Central_I_2 (Maharashtra)
IND413304AAA,2,2,0.002424787249418577,0.1,399.0,11.0,15.0,0.013803778083682723,Pandharpur_RajCmplx_D (Maharashtra)
IND413307AAB,1,1,0.0006049649832033253,0.5,124.0,3.0,19.0,0.00428989594580616,Sangola_Central_DPP_2 (Maharashtra)
IND413307AAC,1,1,0.0,0.0,116.0,1.0,11.0,0.004013128465431569,Sangola_Central_DPP_3 (Maharashtra)
IND413401AAA,1,1,0.0,1.0,3812.0,19.0,60.0,0.1318797043984926,Barshi_Kurduwdi_D (Maharashtra)
IND413501AAA,2,2,0.0006804449760357942,0.4,567.0,22.0,38.0,0.019615895171549134,Osmanabad_Kakdepot_D (Maharashtra)
IND413517AAA,2,2,0.0012126673645206927,0.4,339.0,3.0,62.0,0.011728021980873292,Udgir_NlgaonRd_D (Maharashtra)
IND413531AAA,1,1,0.0,1.0,273.0,4.0,12.0,0.009444690267782916,Latur_Srnwsngr_D (Maharashtra)
IND413709AAA,4,3,0.0008079886766614324,0.34210526315789475,513.0,17.0,28.0,0.017747714679020647,Shrirampur_DavkharRd_D (Maharashtra)
IND414001AAA,1,3,0.0018231071439521022,0.3,208.0,3.0,50.0,0.0071959544897393654,AhmedNagar_DC (Maharashtra)
IND414203AAB,1,1,0.0,0.5,58.0,1.0,22.0,0.0020065642327157843,Ashti_SavtaHTL_D (Maharashtra)
IND414302AAB,2,2,0.0012126673645206927,0.3333333333333333,247.0,3.0,130.0,0.008545195956565495,Parner_Hindcwk_D (Maharashtra)
IND414502AAA,1,1,0.001816537388478401,0.0,107.0,7.0,20.0,0.003701765050010154,Shevgaon_VidyaNgr_D (Maharashtra)
IND415003AAA,1,2,0.0017321677066650112,0.16666666666666666,170.0,9.0,43.0,0.005881308957960058,Satara_DC (Maharashtra)
IND415124AAA,1,1,0.002426429688287002,0.0,284.0,16.0,19.5,0.009825245553297978,Karad_Mundhe_D (Maharashtra)
IND415301AAB,1,1,0.0006082498609401759,0.5,104.0,4.0,8.0,0.0035979772448696827,Atapadi_Vidyangr_D (Maharashtra)
IND415408AAC,1,1,0.0006049649832033252,0.5,1691.0,9.0,218.0,0.05850172616417916,Shirala_Central_DPP_3 (Maharashtra)
IND415409AAB,1,1,0.0024297145660238527,0.0,217.0,13.0,13.0,0.00750731790516078,Islampur_Shantanu_D (Maharashtra)
IND415605AAA,1,1,0.002423144810550151,0.0,509.0,16.0,20.0,0.01760933093883335,Chiplun_LxmiNiws_D (Maharashtra)
IND415612AAA,1,1,0.0006082498609401759,0.5,1156.0,8.0,27.5,0.03999290091412839,Ratnagiri_MjgaonRd_D (Maharashtra)
IND415709AAA,1,2,0.002419859932813301,0.0,1294.0,6.0,219.0,0.04476713995059009,Khed_Mahad_D (Maharashtra)
IND416012AAA,5,5,0.015785128432564695,0.07777777777777778,8845.0,47.0,70.0,0.30600104548915713,Kolhapur_Shivaji_I (Maharashtra)
IND416122AAA,1,1,0.0011385616676897737,0.0,423.0,1.0,56.0,0.014634080524806496,Kolhapur_Central_H_2 (Maharashtra)
IND416404AAA,2,1,0.00301989759941135,0.0,1852.0,6.0,118.5,0.0640716717067178,Jath_Shivprsad_D (Maharashtra)
IND416510AAA,2,2,0.0018209172254608683,0.0,1105.0,20.0,20.0,0.03822850822674037,Sawantwadi_LaxmiNgr_D (Maharashtra)
IND416602AAC,1,1,0.0012088350071610336,0.0,2919.0,7.0,50.0,0.10098553440167886,Kankavali_NrdawDPP_D (Maharashtra)
IND416606AAA,1,1,0.0,0.0,12350.0,10.0,89.0,0.4272597978282748,Malvan_BllvMarg_D (Maharashtra)
IND421004AAA,1,0,0.0,0.0,0.0,0.0,0.0,0.0,Mumbai_Ulhasngr_DC (Maharashtra)
IND421301AAA,1,1,0.0,0.0,463.0,15.0,78.0,0.01601791792667945,Mumbai_Kalyan West _Dc (Maharashtra)
IND421302AAF,1,1,0.0,0.0,214.0,12.0,76.0,0.007403530100020308,Mumbai_Kalyan (Maharashtra)
IND421302AAG,29,29,0.10447033213280951,0.05912990196078431,183411.0,821.0,142.0,6.345275042873013,Bhiwandi_Mankoli_HB (Maharashtra)
IND421302AAH,2,0,0.0,0.0,0.0,0.0,0.0,0.0,Bhiwandi_Mankoli_GW (Maharashtra)
IND421302AAN,0,1,0.0,0.0,515.0,16.0,65.0,0.017816906549114293,GreaterThane_Anjur_C (Maharashtra)
IND421302AAR,5,4,0.0024444965158396804,0.0,1761.0,59.0,60.0,0.06092344161745683,Mumbai_East_I_21 (Maharashtra)
IND421302AAS,1,0,0.0,0.0,0.0,0.0,0.0,0.0,Mumbai_East_L_23 (Maharashtra)
IND421401AAC,1,1,0.0006082498609401759,0.5,347.0,11.0,27.0,0.012004789461247882,Murbad_SnkunDPP_D (Maharashtra)
IND421502AAA,0,1,0.0,0.0,729.0,17.0,24.0,0.025220436649134603,Mumbai_Ambernath_Dc (Maharashtra)
IND421601AAB,1,1,0.0006049649832033252,0.5,1624.0,14.0,43.0,0.056183798516041966,Asangaon_Shahapur_D (Maharashtra)
IND421802AAA,1,1,0.0006049649832033252,0.0,362.0,7.0,145.0,0.012523728486950242,Khandala_Satara_D (Maharashtra)
IND422011AAD,2,4,0.007253010042966201,0.14285714285714285,4545.0,35.0,204.0,0.15723852478781447,Nashik_TgrniaRD_I (Maharashtra)
IND422103AAC,1,2,0.0008104523349640848,0.0,291.0,11.0,15.0,0.010067417098625745,Sinnar_Central_D_1 (Maharashtra)
IND422605AAA,1,2,8.212194342126587e-07,0.3333333333333333,453.0,10.0,17.0,0.01567195857621121,Sangamner_JawanChk_D (Maharashtra)
IND423105AAA,2,2,6.02227585089283e-06,0.2,134.0,8.0,16.5,0.004635855296274399,Malegaon_Rawlgaon_D (Maharashtra)
IND423106AAA,2,1,0.0,0.5,234.0,8.0,19.0,0.008095448800956785,Manmad_Malegaon_D (Maharashtra)
IND423109AAA,3,3,0.000807441197038624,0.42857142857142855,254.0,14.0,24.0,0.008787367501893262,Shirdi_SaiBansi_D (Maharashtra)
IND423301AAB,1,0,0.0,0.0,0.0,0.0,0.0,0.0,Satana_ThrbadRD_D (Maharashtra)
IND423601AAA,3,2,0.0006035962841463041,0.3888888888888889,508.0,15.0,26.0,0.017574735003786524,Kopargaon_NkshtrPz_D (Maharashtra)
IND423701AAB,3,1,0.0030177076809201164,0.5833333333333334,1792.0,18.0,29.0,0.061995915603908366,Vaijiapur_YeolaRD_D (Maharashtra)
IND424006AAA,6,9,0.004916914492442592,0.09313725490196079,3531.0,38.0,20.5,0.12215824665033509,Dhule_MIDCAvdn_I (Maharashtra)
IND424101AAA,1,1,5.474796228084391e-06,0.0,15.0,1.0,27.0,0.000518939025702358,Chalisgaon_BhadgDPP_D (Maharashtra)
IND424201AAA,1,1,0.0012290917532049458,0.0,640.0,1.0,14.0,0.022141398429967277,Pachora_PcrrdDPP_D (Maharashtra)
IND424304AAC,3,2,0.0,0.875,2050.0,11.0,11.0,0.07092166684598893,Sakri_DhuleRoad_D (Maharashtra)
IND425109AAA,1,1,0.0006186519737735362,0.0,14.0,1.0,5.0,0.0004843430906555341,Erandol_BsStdDPP_D (Maharashtra)
IND425201AAA,1,1,0.0,0.5,340.0,9.0,21.0,0.011762617915920115,Bhusawal_Samarth_D (Maharashtra)
IND425401AAA,1,1,8.212194342126586e-06,0.0,17.0,1.0,40.0,0.0005881308957960058,Amalner_Murtingr_D (Maharashtra)
IND425405AAA,2,2,0.0002057610915721717,0.4,12073.0,15.0,15.0,0.4176767238203045,Shirpur_KrantiNgr_D (Maharashtra)
IND425406AAA,2,3,5.474796228084391e-07,0.625,214.0,7.0,1.0,0.007403530100020308,Shindkheda_KakaCplx_D (Maharashtra)
IND425409AAA,3,4,0.0002057610915721717,0.5789473684210527,1351.0,12.0,9.0,0.04673910824825905,Shahada_Nandrbar_D (Maharashtra)
IND425412AAA,4,4,0.00020986718874323496,0.5,1513.0,14.0,7.0,0.05234364972584451,Nandurbar_DhuleRd_D (Maharashtra)
IND425508AAB,2,1,7.1172350965097085e-06,0.3333333333333333,534.0,16.0,8.5,0.018474229315003945,Raver_Truptingr_D (Maharashtra)
IND431001AAA,1,0,0.0,0.0,0.0,0.0,0.0,0.0,Aurangabad (Maharashtra)
IND431001AAB,0,1,0.0,0.0,541.0,18.0,72.0,0.018716400860331713,Aurangabad_Pratpngr_D (Maharashtra)
IND431103AAA,1,0,0.0,0.0,0.0,0.0,0.0,0.0,Kannad_KolheDPP_D (Maharashtra)
IND431107AAB,1,1,0.0018132525107415502,0.0,257.0,6.0,23.0,0.008891155307033735,Paithan_SantaNGR_D (Maharashtra)
IND431112AAB,2,1,0.0,1.0,1286.0,11.0,9.0,0.0444903724702155,Sillod_ZebaTWR_D (Maharashtra)
IND431122AAA,1,1,0.0018231071439521022,0.0,162.0,7.0,41.0,0.005604541477585466,Beed_JalnaRd_D (Maharashtra)
IND431127AAA,1,1,0.0018198222662152515,0.0,430.0,7.0,22.0,0.014876252070134263,Georai_Bazarrd_D (Maharashtra)
IND431131AAB,0,1,0.0,0.0,792.0,1.0,59.0,0.027399980557084504,Majalgaon_SmbjiCwk_D (Maharashtra)
IND431136AAC,5,5,0.008466224887109701,0.047619047619047616,5789.0,58.0,257.5,0.2002758679860634,Aurangabad_Central_H_1 (Maharashtra)
IND431203AAA,1,2,0.0,1.0,578.0,12.0,62.0,0.019996450457064194,Jalna_BhgyaNgr_D (Maharashtra)
IND431401AAA,1,0,0.0,0.0,0.0,0.0,0.0,0.0,Parbhani_Rjndrngr_D (Maharashtra)
IND431514AAA,1,1,0.004825485395433582,0.0,404.0,16.0,22.5,0.013976757758916842,Gangakher_Busstand_D (Maharashtra)
IND431515AAA,1,1,0.004822200517696731,0.0,429.0,14.0,25.0,0.014841656135087441,Parli_JirgeNgr_D (Maharashtra)
IND431517AAB,1,1,0.004818915639959881,0.0,4912.0,12.0,39.0,0.16993523294999885,Ambajogai_BnsllNgr_D (Maharashtra)
IND431603AAA,4,4,0.007266149553913604,0.07407407407407407,1472.0,21.0,65.0,0.05092521638892473,Nanded_Aswningr_I (Maharashtra)
IND431708AAA,1,1,0.004828770273170433,0.0,469.0,16.0,12.5,0.016225493536960393,Loha_SivjiCWK_D (Maharashtra)
IND431717AAA,1,1,0.0,1.0,736.0,2.0,335.5,0.025462608194462364,Degloor_Busstand_D (Maharashtra)
IND440014AAA,1,0,0.0,0.0,0.0,0.0,0.0,0.0,Nagpur_Jaripatk_DC (Maharashtra)
IND441107AAB,1,0,0.0,0.0,0.0,0.0,0.0,0.0,Savner_Wagodha_D (Maharashtra)
IND441206AAB,0,2,0.0,0.0,646.0,8.0,19.5,0.02234897404024822,Brahmapuri_DhnliRth_D (Maharashtra)
IND441603AAA,2,1,0.0,0.0,20.0,1.0,50.0,0.0006919187009364774,Chamorshi_Central_DPP_1 (Maharashtra)
IND441614AAA,0,1,0.0,0.0,302.0,9.0,26.0,0.010447972384140808,Gondia_RamNgr_D (Maharashtra)
IND441904AAB,0,1,0.0,0.0,331.0,12.0,21.5,0.0114512545004987,Bhandara_RjnaiDPP_D (Maharashtra)
IND441912AAA,1,1,0.0,0.0,1609.0,11.0,30.0,0.055664859490339606,Bhandara_KaremDPP_D (Maharashtra)
IND442001AAA,0,1,0.0,0.0,178.0,5.0,15.0,0.006158076438334648,Wardha_RamaNgr_D (Maharashtra)
IND442101AAB,1,1,0.0,0.0,574.0,12.0,15.5,0.0198580667168769,Deoli_Central_DPP_2 (Maharashtra)
IND442605AAA,2,1,0.0,0.0,68.0,3.0,18.0,0.0023525235831840232,Gadchiroli_Central_DPP_1 (Maharashtra)
IND443201AAA,1,1,0.0006049649832033252,0.0,84.0,1.0,36.0,0.002906058543933205,Chikhli_KKndrDPP_D (Maharashtra)
IND443301AAA,1,1,0.0006082498609401759,0.0,106.0,2.0,40.5,0.00366716911496333,Mehkar_SagarDPP_D (Maharashtra)
IND444005AAB,3,3,0.0066524248967453434,0.03571428571428571,10976.0,26.0,91.5,0.37972498307393876,Akola_Gaurkshn_I (Maharashtra)
IND444203AAA,2,1,0.00241657505507645,0.3333333333333333,290.0,5.0,332.0,0.010032821163578922,Shegaon_SChwkDPP_D (Maharashtra)
IND444303AAA,1,1,0.0,0.5,51.0,2.0,35.5,0.0017643926873880172,Khamgaon_WamanDPP_D (Maharashtra)
IND444602AAA,0,1,0.0,0.0,1823.0,21.0,64.0,0.0630683895903599,Amravati_DC (Maharashtra)
IND445001AAB,1,0,0.0,0.0,0.0,0.0,0.0,0.0,Yavatmal_JajuDPP_D (Maharashtra)
IND445101AAA,0,1,0.0,0.0,59.0,1.0,111.0,0.0020411601677626083,Nagpur_Gondkhry_H (Maharashtra)
IND450331AAA,1,1,1.6424388684253174e-06,0.5,1155.0,13.0,18.0,0.039958304979081566,Burhanpur_StRoad_D (Madhya Pradesh)
IND451666AAA,0,2,0.0,0.5,1885.0,10.0,44.5,0.06521333756326299,Sendhwa_VishnuVhr_D (Madhya Pradesh)
IND452001AAC,2,2,1.806682755267849e-05,0.16666666666666666,2592.0,11.0,31.0,0.08967266364136746,Jalgaon_DC (Maharashtra)
IND454001AAA,0,1,0.0,0.0,493.0,17.0,34.0,0.017055795978084168,Dhar_Trimurti_D (Madhya Pradesh)
IND457001AAA,1,2,0.0006066074220717505,0.16666666666666666,906.0,19.0,45.0,0.03134391715242242,Ratlam_Khjurwli_DC (Madhya Pradesh)
IND457226AAA,1,1,0.0,0.5,3834.0,16.0,41.5,0.1326408149695227,Jaora_RtlamNka_D (Madhya Pradesh)
IND457661AAA,1,0,0.0,0.0,0.0,0.0,0.0,0.0,Jhabua_Ward11_D (Madhya Pradesh)
IND458001AAB,1,1,0.0006082498609401759,0.5,303.0,11.0,17.0,0.010482568319187632,Mandsaur_YashDPP_D (Madhya Pradesh)
IND458664AAA,1,1,0.0012126673645206927,0.0,612.0,7.0,23.0,0.02117271224865621,Neemuch_KarjuDPP_D (Madhya Pradesh)
IND458990AAA,1,1,0.0006049649832033252,0.5,666.0,10.0,255.5,0.023040892741184694,Sitamau_Central_DPP_1 (Madhya Pradesh)
IND460001AAA,1,1,0.001220879558862819,0.0,1622.0,21.0,21.0,0.056114606645948306,Betul_PatelWrd_D (Madhya Pradesh)
IND461001AAA,1,1,0.002437379280743171,0.0,53.0,1.0,6.0,0.001833584557481665,Hoshangabad_MnRDDPP_D (Madhya Pradesh)
IND461111AAA,1,1,0.0018296768994258035,0.0,1072.0,20.0,17.5,0.03708684237019519,Itarsi_DivrsnRd_D (Madhya Pradesh)
IND462001AAA,2,1,0.0006055124628261336,0.0,1758.0,28.0,28.0,0.06081965381231636,Bhopal_Old City (Madhya Pradesh)
IND462011AAA,1,1,0.0,0.0,193.0,11.0,12.0,0.006677015464037006,Bhopal MP Nagar (Madhya Pradesh)
IND462021AAA,0,1,0.0,0.0,63.0,1.0,6.0,0.0021795439079499036,Bhopal_Indrapri_DC (Madhya Pradesh)
IND462022AAA,13,9,0.0444703923009245,0.05506607929515418,31673.0,123.0,79.0,1.0957570507380525,Bhopal_Trnsport_H (Madhya Pradesh)
IND462042AAA,1,1,0.0,0.0,1419.0,17.0,19.0,0.04909163183144307,Bhopal_Kolar Mandakni (Madhya Pradesh)
IND464001AAA,0,1,0.0,0.0,37.0,1.0,18.0,0.0012800495967324832,Vidisha_ShrprDPP_D (Madhya Pradesh)
IND464221AAA,1,1,0.0006087973405629843,0.0,84.0,1.0,28.0,0.002906058543933205,GanjBasoda_MnRDDPP_D (Madhya Pradesh)
IND464668AAA,1,1,0.01016067431970182,0.0,261.0,2.0,14.0,0.00902953904722103,Bareli_SourvDPP_D (Madhya Pradesh)
IND465001AAA,1,3,0.002423144810550151,0.25,565.0,9.0,37.0,0.019546703301455484,Shajapur_MhpraRD_D (Madhya Pradesh)
IND465333A1B,1,2,0.0,0.5,0.0,2.0,27.5,0.0,0
IND465333AAA,2,1,0.0,0.5,269.0,3.0,413.0,0.00930630652759562,Shujalpur_AstrdDPP_D (Madhya Pradesh)
IND465669AAB,1,1,0.0024297145660238527,0.0,231.0,11.0,23.0,0.007991660995816312,Narsinghgarh_Central_D_1 (Madhya Pradesh)
IND465683AAA,1,1,0.002426429688287002,0.0,646.0,13.0,7.0,0.02234897404024822,Pachore_Shop3DPP_D (Madhya Pradesh)
IND466001AAA,1,1,0.0006082498609401759,0.5,396.0,15.0,8.0,0.013699990278542252,Sehore_Mangalam_D (Madhya Pradesh)
IND466116AAA,1,1,0.0006049649832033252,0.5,1815.0,13.0,85.0,0.06279162210998532,Ashta_ShantiNg_D (Madhya Pradesh)
IND470004AAA,1,4,0.0012164997218803517,0.1,587.0,6.0,28.5,0.02030781387248561,Sagar_Bahreya_I (Madhya Pradesh)
IND470113AAA,2,2,1.916178679829537e-06,0.25,118.0,3.0,22.0,0.0040823203355252165,Bina_Srvdycwk_D (Madhya Pradesh)
IND470117AAA,2,1,8.212194342126587e-07,0.3333333333333333,478.0,6.0,23.0,0.01653685695238181,Khurai_Talaiya_D (Madhya Pradesh)
IND470227AAB,2,0,0.0,0.5,0.0,0.0,0.0,0.0,Rehli_Ward7DPP_D (Madhya Pradesh)
IND471001AAA,2,1,0.0017729215118613285,0.3333333333333333,438.0,9.0,28.0,0.015153019550508856,Chhatarpur_Busstand_D (Madhya Pradesh)
IND472001AAA,2,2,0.0017783963080894125,0.16666666666666666,4960.0,19.0,222.0,0.17159583783224638,Tikamgarh_MndiRoad_D (Madhya Pradesh)
IND473001AAA,1,1,5.474796228084391e-07,0.5,454.0,11.0,21.0,0.015706554511258037,Guna_HnumnDPP_D (Madhya Pradesh)
IND473226AAA,1,2,0.001212667364520692,0.16666666666666666,3591.0,20.0,43.5,0.12423400275314452,Guna_Raghogrh_D (Madhya Pradesh)
IND473331AAA,1,1,0.0006066074220717503,0.5,9724.0,17.0,928.0,0.3364108723953153,Ashokngr_Bypassrd_D (Madhya Pradesh)
IND473443AAA,1,1,0.0,0.5,346.0,7.0,16.0,0.011970193526201059,Mungaoli_AshkngRd_D (Madhya Pradesh)
IND473551AAA,1,0,0.0,0.0,0.0,0.0,0.0,0.0,Shivpuri_BypassRD_D (Madhya Pradesh)
IND474003AAA,8,6,0.011672999441675066,0.0898876404494382,5751.0,40.0,71.0,0.19896122245428405,Gwalior_HrihrNgr_I (Madhya Pradesh)
IND475661AAB,1,0,0.0,0.0,0.0,0.0,0.0,0.0,Datia_TownDPP_D (Madhya Pradesh)
IND476001AAA,1,1,0.0,0.5,29.0,1.0,6.0,0.0010032821163578922,Morena_Prjapati_D (Madhya Pradesh)
IND476111AAA,2,2,0.0018203697458380598,0.25,384.0,8.0,10.5,0.013284839057980367,Ambah_MrenTirh_D (Madhya Pradesh)
IND477001AAA,1,1,0.0006041437637691123,0.5,130.0,1.0,493.0,0.004497471556087103,Bhind_BhrolDPP_D (Madhya Pradesh)
IND477001AAB,1,1,0.0006041437637691123,0.5,2648.0,11.0,361.0,0.0916100360039896,Bhind_EtwahDPP_D (Madhya Pradesh)
IND480001AAA,2,2,0.0003022087517902584,0.4,555.0,12.0,19.0,0.019200743950987247,Chhindwara_NagpurRd_D (Madhya Pradesh)
IND480106AAA,1,0,0.0,0.0,0.0,0.0,0.0,0.0,Sausar_Central_DPP_1 (Madhya Pradesh)
IND480334AAA,1,1,0.000610987259054218,0.0,357.0,21.0,26.0,0.012350748811716121,Pandhurna_Mataward_D (Madhya Pradesh)
IND480661AAA,3,2,0.001213214844143501,0.3333333333333333,356.0,8.0,18.5,0.012316152876669297,Seoni_Kidwai_D (Madhya Pradesh)
IND480886AAA,1,2,0.0003038511906586837,0.5,389.0,8.0,3.0,0.013457818733214486,Lakhnadon_Central_DPP_1 (Madhya Pradesh)
IND481001AAA,1,0,0.0,0.0,0.0,0.0,0.0,0.0,Balaghat_Kosmi_D (Madhya Pradesh)
IND481661AAA,2,1,0.0018127050311187419,0.5,1723.0,9.0,41.0,0.059608796085677526,Mandla_Mharajpr_D (Madhya Pradesh)
IND482002AAA,1,1,0.0,0.0,319.0,3.0,337.0,0.011036103279936814,Jabalpur (Madhya Pradesh)
IND483225AAA,1,1,0.0,0.5,116.0,3.0,0.0,0.004013128465431569,Sihora_KtnRdDPP_D (Madhya Pradesh)
IND483501AAA,2,1,0.0012126673645206927,0.3333333333333333,144.0,3.0,24.0,0.004981814646742637,Katni_Bargawan_DC (Madhya Pradesh)
IND483770AAA,1,1,0.001209382486783842,0.5,311.0,2.0,367.5,0.010759335799562222,Barhi_Central_DPP_1 (Madhya Pradesh)
IND484001AAA,2,2,0.002423144810550151,0.16666666666666666,340.0,7.0,28.0,0.011762617915920115,Shahdol_Sohagpur_D (Madhya Pradesh)
IND484224AAA,1,1,0.0,0.5,-2.0,1.0,72.0,-6.919187009364773e-05,Anuppur_JthriDPP_DC (Madhya Pradesh)
IND484446AAA,2,1,0.00241657505507645,0.16666666666666666,654.0,3.0,28.0,0.02262574152062281,Dola_ChainDPP_D (Madhya Pradesh)
IND484551AAA,1,1,0.0,0.5,27.0,1.0,3.0,0.0009340902462642444,PaliBirsighpr_CtyLgDPP_D (Madhya Pradesh)
IND484661AAE,1,2,0.0024297145660238527,0.16666666666666666,189.0,3.0,3.0,0.006538631723849711,Umaria_Central_DPP_3 (Madhya Pradesh)
IND485001AAC,2,5,0.004255832847901401,0.11904761904761904,5192.0,21.0,331.0,0.17962209476310953,Satna_Central_I_2 (Madhya Pradesh)
IND485771AAA,1,2,0.0,0.5,441.0,2.0,20.5,0.015256807355649327,Maihar_MngalDPP_D (Madhya Pradesh)
IND486001AAA,2,1,0.0,0.5,173.0,2.0,46.0,0.0059850967631005295,Rewa_Dc (Madhya Pradesh)
IND486661AAA,1,1,0.0018576896067928354,0.0,3878.0,5.0,303.0,0.13416303611158295,Sidhi_Padra_D (Madhya Pradesh)
IND486771AAA,3,1,0.001860974484529686,0.25,115.0,6.0,10.0,0.003978532530384745,Churhat_Central_DPP_1 (Madhya Pradesh)
IND486886AAA,1,1,0.0,0.0,229.0,7.0,38.0,0.007922469125722666,Singrauli_Waidhan_D (Madhya Pradesh)
IND486889AAA,1,2,0.0,0.0,744.0,7.0,39.0,0.025739375674836956,Singrauli_Ward8DPP_D (Madhya Pradesh)
IND487001AAA,1,1,0.004780865806174694,0.0,67.0,4.0,2.5,0.0023179276481371993,Narsingpur_JrjolDPP_D (Madhya Pradesh)
IND487001AAB,1,1,0.004780865806174694,0.0,111.0,4.0,13.5,0.003840148790197449,Narsinghpur_KndliDPP_D (Madhya Pradesh)
IND487551AAA,2,1,0.010163959197438672,0.0,641.0,7.0,29.0,0.0221759943650141,Gadarwara_MPward_D (Madhya Pradesh)
IND488001AAA,1,1,0.0,0.5,223.0,4.0,11.0,0.007714893515441723,Panna_Mohnprwa_D (Madhya Pradesh)
IND490023AAA,1,0,0.0,0.0,0.0,0.0,0.0,0.0,Durg_Bhilai_DC (Chhattisgarh)
IND491001AAA,0,1,0.0,0.0,47.0,1.0,19.0,0.001626008947200722,Durg_Pulgaon_DC (Chhattisgarh)
IND491995AAB,1,0,0.0,0.0,0.0,0.0,0.0,0.0,Kawardha_TrnsptNGR_D (Chhattisgarh)
IND492001AAB,0,1,0.0,0.0,171.0,8.0,225.0,0.005915904893006882,Raipur_Katora_IP (Chhattisgarh)
IND492007AAA,1,0,0.0,0.0,0.0,0.0,0.0,0.0,Raipur_Central_D_5 (Chhattisgarh)
IND493118AAC,0,1,0.0,0.0,321.0,11.0,20.0,0.011105295150030461,Bhatpara_TrengaRD_D (Chhattisgarh)
IND493445AAB,1,1,0.0,0.0,818.0,1.0,23.0,0.028299474868301925,Mahasamund_RajpurRD_D (Chhattisgarh)
IND494334AAB,1,1,0.0,0.0,1153.0,11.0,26.0,0.03988911310898792,Kanker_KrisnKunj_D (Chhattisgarh)
IND495004AAA,0,1,0.0,0.0,67.0,1.0,5.0,0.0023179276481371993,Bilaspur_Torwa_DC (Chhattisgarh)
IND495334AAB,1,1,0.0,0.0,308.0,12.0,14.5,0.010655547994421751,Mungeli_Panderia_D (Chhattisgarh)
IND495671AAA,1,0,0.0,0.0,0.0,0.0,0.0,0.0,Champa_Brplicwk_D (Chhattisgarh)
IND495677AAA,0,1,0.0,0.0,995.0,7.0,52.0,0.03442295537158975,Korba_Tilknagr_DC (Chhattisgarh)
IND496001AAA,1,0,0.0,0.0,0.0,0.0,0.0,0.0,Raigarh_MithmdRd_D (Chhattisgarh)
IND500008AAC,1,2,0.0006087973405629843,0.0,1698.0,14.0,55.0,0.05874389770950693,Hyderabad_Tolichwk_I (Telangana)
IND500008AAD,0,1,0.0,0.0,550.0,6.0,262.5,0.019027764275753128,Hyderabad_Tolichwk_L (Telangana)
IND500008AAF,0,1,0.0,0.0,781.0,19.0,61.0,0.027019425271569444,Hyderabad_South_D_4 (Telangana)
IND500010AAA,3,3,0.003028657273376285,0.16666666666666666,1481.0,11.0,300.0,0.05123657980434615,Hyderabad_Alwal_I (Telangana)
IND500010AAB,1,1,0.0,0.0,3772.0,39.0,166.0,0.13049586699661964,Hyderabad_Alwal_L (Telangana)
IND500018AAA,0,1,0.0,0.0,180.0,4.0,49.5,0.006227268308428296,Hyderabad_PndrgNgr_DC (Telangana)
IND500032AAA,0,1,0.0,0.0,95.0,4.0,14.5,0.0032866138294482677,Hyd_Chandanagar_Dc (Telangana)
IND500035AAA,1,1,0.0,0.0,21.0,1.0,19.0,0.0007265146359833012,Hyd_LB-Nagar_Dc (Telangana)
IND500035AAD,1,0,0.0,0.0,0.0,0.0,0.0,0.0,Hyderabad_South_D_12 (Telangana)
IND500039AAB,0,1,0.0,0.0,24.0,2.0,24.5,0.0008303024411237729,Hyd_Uppal_Dc (Telangana)
IND500039AAC,5,4,0.007259579798439902,0.014705882352941176,2927.0,38.0,34.0,0.10126230188205346,Hyderabad_Uppal_I (Telangana)
IND500039AAD,1,1,0.0,0.0,475.0,8.0,266.0,0.016433069147241335,Hyderabad_Uppal_L (Telangana)
IND500050AAA,2,2,0.001211024925652267,0.2,2511.0,26.0,130.0,0.08687039290257474,Patancheru_Ameenpur_I (Telangana)
IND500055AAA,1,2,0.0,1.0,47.0,2.0,65.5,0.001626008947200722,Hyd_Trimulgherry_Dc (Telangana)
IND500055AAC,0,1,0.0,0.0,284.0,17.0,30.0,0.009825245553297978,Hyderabad_North_D_2 (Telangana)
IND500080AAB,2,1,0.0006055124628261335,0.0,1955.0,20.0,109.5,0.06763505301654066,Hyderabad_Chikdply_I (Telangana)
IND500084AAB,1,0,0.0,0.0,0.0,0.0,0.0,0.0,Hyderabad_Kondapur_D (Telangana)
IND501101AAB,1,2,0.0012110249256522673,0.3333333333333333,166.0,6.0,18.0,0.005742925217772762,Vikarabad_Central_DPP_2 (Telangana)
IND501141AAA,1,1,0.0012143098033891178,0.5,126.0,5.0,30.0,0.004359087815899807,Tandur_SnthiNGR_D (Telangana)
IND501218AAC,2,0,0.0,1.0,0.0,0.0,0.0,0.0,Shamshabad_Lngrguda_D (Telangana)
IND501301AAC,1,1,0.000606059942448942,0.0,58.0,2.0,20.5,0.0020065642327157843,Ghatkesar_Central_D_1 (Telangana)
IND501359AAE,30,27,0.13899069955671833,0.03734177215189873,60056.0,329.0,160.0,2.0776934751720546,Hyderabad_Shamshbd_H (Telangana)
IND501359AAF,3,0,0.0,0.0,0.0,0.0,0.0,0.0,Hyderabad_Shamshbd_P (Telangana)
IND501359AAG,0,1,0.0,0.0,509.0,11.0,83.0,0.01760933093883335,Hyderabad_South_R_11 (Telangana)
IND501401AAC,3,1,0.0006055124628261335,0.4,1272.0,14.0,30.5,0.04400602937955996,Medchal_MROoffce_D (Telangana)
IND502110AAA,1,1,0.0024198599328133005,0.0,286.0,19.0,15.0,0.009894437423391626,Medak_Dwaraka_D (Telangana)
IND502220AAC,1,1,0.006013516176927894,0.0,906.0,22.0,45.0,0.03134391715242242,Zahirabad_Mohim_D (Telangana)
IND502286AAB,1,1,0.0060168010546647445,0.0,1177.0,22.0,14.5,0.040719415550111694,Narayankhed_Datatrya_D (Telangana)
IND502295AAA,1,1,0.000606059942448942,0.0,50.0,2.0,5.5,0.0017297967523411933,Sangareddy_Pothredy_D (Telangana)
IND502313AAA,1,1,0.0024165750550764497,0.0,274.0,6.0,93.5,0.00947928620282974,Narsapur_Xroad_D (Telangana)
IND503111AAC,3,3,0.006049649832033252,0.3076923076923077,3002.0,34.0,40.5,0.10385699701056525,Kamareddy_Devenply_I (Telangana)
IND503122AAA,1,1,0.002423144810550151,0.0,479.0,19.0,11.0,0.01657145288742863,Yellareddy_JKRoad_D (Telangana)
IND503185AAA,1,1,0.0024297145660238527,0.0,295.0,19.0,21.0,0.010205800838813043,Bodhan_SuryaDPP_D (Telangana)
IND503187AAA,1,1,0.002426429688287002,0.0,317.0,20.0,19.0,0.010966911409843167,Banswada_Menagrdn_D (Telangana)
IND504201AAA,1,2,2.7373981140421955e-07,0.8333333333333334,173.0,6.0,18.0,0.0059850967631005295,Chinnur_AsnsdhRD_D (Telangana)
IND504208AAB,3,2,8.212194342126587e-07,0.5,506.0,7.0,73.0,0.017505543133692875,Mancherial_Hitech_D (Telangana)
IND504215AAA,1,2,2.7373981140421953e-06,0.5,1115.0,16.0,80.0,0.03857446757720861,Luxettipet_ShivaDPP_D (Telangana)
IND504251AAA,2,2,0.0012159522422575432,0.5833333333333334,123.0,5.0,10.0,0.004255300010759336,Bellmpalli_BasthDPP_D (Telangana)
IND504293AAA,2,2,0.0003022087517902583,0.5833333333333334,903.0,9.0,56.0,0.03124012934728195,Asifabad_PaikjNGR_D (Telangana)
IND504296AAA,1,3,0.0003022087517902583,0.5833333333333334,96.0,4.0,15.5,0.0033212097644950917,Kaghaznagar_Central_DPP_1 (Telangana)
IND505001AAA,0,2,0.0,0.5,205.0,10.0,25.0,0.007092166684598893,Karimnagar_DC (Telangana)
IND505001AAB,11,8,0.017458851431549717,0.08734939759036145,1808.0,30.0,50.5,0.06254945056465755,Karimnagar_KamnHbRD_I (Telangana)
IND505122AAA,2,1,0.001212119884897884,0.16666666666666666,2035.0,16.0,605.5,0.07040272782028657,Jammikunta_ConduDPP_D (Telangana)
IND505172AAA,1,0,0.0,0.0,0.0,0.0,0.0,0.0,Peddapalli_UdaynDPP_D (Telangana)
IND505184AAC,2,2,2.7373981140421955e-07,0.7,723.0,11.0,53.0,0.025012861038853654,Manthani_Chaitnya_D (Telangana)
IND505209AAA,2,2,0.0006082498609401759,0.7,365.0,8.0,17.0,0.012627516292090711,Ramagundam_Pdmavati_D (Telangana)
IND505302AAB,2,3,0.003330592285355139,0.2,146.0,10.0,10.0,0.005051006516836285,Vemulawada_Central_DPP_2 (Telangana)
IND505325AAA,1,1,0.0,0.5,68.0,6.0,17.0,0.0023525235831840232,Metpally_GunjRDPP_D (Telangana)
IND505326AAA,0,1,0.0,0.0,64.0,1.0,5.0,0.0022141398429967275,Koratla_BhemuDPP_D (Telangana)
IND505326AAB,2,3,0.0015113174987626962,0.3,236.0,3.0,5.0,0.008164640671050433,0
IND505327AAA,4,1,0.0015129599376311213,0.2,177.0,12.0,14.0,0.006123480503287825,Jagtial_Aravind_D (Telangana)
IND505425AAA,3,2,0.0027228899040377718,0.2,83.0,2.0,50.5,0.002871462608886381,DhrmpuriTS_HanumDPP_D (Telangana)
IND505467AAA,1,1,0.0,0.5,418.0,13.0,24.0,0.014461100849572377,Husnabad_Greenmkt_D (Telangana)
IND505503AAA,1,1,0.0006104397794314096,0.0,50.0,1.0,19.0,0.0017297967523411933,Mahadevpur_Kataram_D (Telangana)
IND506001AAC,0,2,0.0,0.5,357.0,15.0,17.0,0.012350748811716121,Warangal_Central_D_2 (Telangana)
IND506002AAA,3,3,0.010281119836719678,0.0,549.0,39.0,119.0,0.018993168340706305,Warangal_HunterRd_I (Telangana)
IND506132AAA,1,1,0.0018231071439521022,0.0,570.0,19.0,10.0,0.019719682976689606,Khanpur_Nrsampt_D (Telangana)
IND506143AAA,1,1,0.005408551193724569,0.0,200.0,16.0,32.5,0.006919187009364773,Ghanpur_Palakrty_D (Telangana)
IND506164AAA,1,0,0.0,0.0,0.0,0.0,0.0,0.0,Parkal_AmbedDPP_D (Telangana)
IND506167AAB,1,1,0.005405266315987718,0.0,1883.0,16.0,58.0,0.06514414569316934,Jangaon_Hanmkond_D (Telangana)
IND506169AAB,1,1,0.0012197845996172023,0.0,18.0,1.0,20.0,0.0006227268308428296,Bhupalpally_JwahrNGR_D (Telangana)
IND506314AAA,1,1,0.0018132525107415498,0.0,1769.0,16.0,601.5,0.06120020909783142,Rayaparthi_Perkadrd_D (Telangana)
IND506343AAA,1,1,0.0018280344605573781,0.0,29.0,2.0,20.0,0.0010032821163578922,Mulugu_LaxmiNGR_D (Telangana)
IND507002AAA,5,7,0.006932165475872461,0.15873015873015872,1765.0,42.0,59.5,0.06106182535764412,Khammam_NSTRoad_I (Telangana)
IND507111AAA,0,2,0.0,0.5,501.0,20.0,18.5,0.017332563458458756,Bhadrachalam_ITDARd_D (Telangana)
IND507117AAB,2,1,0.0006077023813173674,0.3333333333333333,1901.0,18.0,19.0,0.06576687252401218,Manuguru_AskNagar_D (Telangana)
IND507123AAA,1,1,0.0018165373884784007,0.0,495.0,12.0,11.5,0.017124987848177814,Yellandu_Sudimala_D (Telangana)
IND507159AAA,2,2,0.0,1.0,1640.0,15.0,179.0,0.05673733347679114,Kusumnchi_SKRoad_D (Telangana)
IND507167AAA,1,0,0.0,0.0,0.0,0.0,0.0,0.0,Tallada_PtrlBunk_D (Telangana)
IND507303AAA,2,1,0.0012099299664066502,0.3333333333333333,1820.0,18.0,246.0,0.06296460178521944,Sathupally_VidyaNGR_D (Telangana)
IND508001AAA,2,1,0.003813323318106099,0.16666666666666666,975.0,14.0,91.5,0.033731036670653275,Nalgonda_HydRoad_DC (Telangana)
IND508116AAA,1,2,0.0012159522422575432,0.3333333333333333,81.0,15.0,9.0,0.002802270738792733,Bhuvanagiri_HBColny_D (Telangana)
IND508206AAA,3,3,3.301171773243733e-05,0.6666666666666666,387.0,18.0,16.5,0.013388626863120836,Kodad_VidyaNgr_D (Telangana)
IND508207AAB,3,3,0.001364909715917523,0.38461538461538464,2084.0,16.0,22.5,0.07209792863758094,Miryalguda_Ragvendr_D (Telangana)
IND508213AAB,1,1,0.0,0.5,490.0,14.0,24.0,0.016952008172943695,Suryapet_Krishna_D (Telangana)
IND508223AAA,2,1,0.0012093824867838417,0.3333333333333333,1063.0,14.0,16.0,0.036775478954773774,Thirumalagiri_Xroad_D (Telangana)
IND508248AAB,2,1,0.0018165373884784007,0.16666666666666666,387.0,15.0,10.0,0.013388626863120836,Devarakonda_DindiRD_D (Telangana)
IND508252AAB,1,1,0.0007988659715656842,0.0,172.0,6.0,0.5,0.005950500828053705,Choutuppal_Nagaram_D (Telangana)
IND508277AAB,1,1,0.0,0.5,122.0,11.0,7.0,0.004220704075712511,Mothkur_Mainroad_D (Telangana)
IND508377AAB,1,1,0.0018132525107415498,0.0,1486.0,12.0,54.0,0.051409559479580265,Haliya_PeroorRD_D (Telangana)
IND509001AAA,1,1,0.0012159522422575432,0.0,366.0,19.0,28.0,0.012662112227137536,Mahabubnagar_DC (Telangana)
IND509103AAB,2,2,0.00030357745084727946,0.7,722.0,10.0,16.5,0.024978265103806834,Wanaparthy_VallaDPP_D (Telangana)
IND509103AAC,2,1,0.0,0.8333333333333334,399.0,6.0,25.5,0.013803778083682723,0
IND509124AAA,2,4,0.00030439867028149214,0.5769230769230769,687.0,16.0,29.5,0.023767407377168,JoguGadwal_ColctrOf_D (Telangana)
IND509203AAA,1,1,0.0012126673645206927,0.0,251.0,19.0,16.0,0.008683579696752791,Bijnapally_nagar_D (Telangana)
IND509216AAC,2,1,0.0,0.3333333333333333,344.0,12.0,53.0,0.01190100165610741,Shadnagar_Central_D_1 (Telangana)
IND509301AAA,1,2,0.0012093824867838417,0.16666666666666666,757.0,19.0,43.0,0.026189122830445666,Jadcherla_Badeplly_D (Telangana)
IND509324AAA,1,1,0.0,0.5,334.0,8.0,13.0,0.011555042305639172,Kalwakurthy_VidyaNGR_D (Telangana)
IND509358AAA,1,2,0.0018231071439521022,0.16666666666666666,870.0,17.0,22.0,0.030098463490736763,Kadthal_GndhiDPP_D (Telangana)
IND515004AAA,6,6,0.019329589302686155,0.109375,5709.0,59.0,91.0,0.19750819318231747,Anantapur_KamaStrt_I (Andhra Pradesh)
IND515134AAA,3,2,0.003634717215825227,0.05555555555555555,837.0,23.0,30.0,0.02895679763419158,Puttaprthi_Gokulam_D (Andhra Pradesh)
IND515201AAA,1,2,0.0012159522422575432,0.0,828.0,19.0,20.0,0.028645434218770163,Hindupur_Parigi_D (Andhra Pradesh)
IND515301AAA,1,1,0.0006082498609401759,0.0,238.0,16.0,10.0,0.008233832541144081,Madakasira_RTCStand_D (Andhra Pradesh)
IND515401AAB,1,1,0.0,0.5,641.0,18.0,15.5,0.0221759943650141,Gooty_StatonRd_D (Andhra Pradesh)
IND515411AAA,1,1,0.0018231071439521022,0.0,124.0,2.0,8.0,0.00428989594580616,Tadipatri_CBRoad_D (Andhra Pradesh)
IND515591AAA,2,1,0.00422654268808115,0.16666666666666666,466.0,10.0,17.0,0.01612170573181992,Kadiri_GVManu_D (Andhra Pradesh)
IND515671AAA,1,2,0.004242967076765403,0.16666666666666666,333.0,14.0,22.0,0.011520446370592347,Dharmavram_SaiNgr_D (Andhra Pradesh)
IND515761AAA,2,1,0.0018132525107415502,0.3333333333333333,839.0,19.0,48.0,0.029025989504285223,Kalyandurg_Shankrpa_D (Andhra Pradesh)
IND515801AAA,2,2,0.0018198222662152515,0.25,1100.0,19.0,32.0,0.038055528551506256,Guntakal_Verpatem_D (Andhra Pradesh)
IND515865AAB,1,1,0.0,0.5,398.0,18.0,10.5,0.0137691821486359,Rayadurgam_RailGate_D (Andhra Pradesh)
IND516001AAA,1,1,0.001816537388478401,0.0,68.0,2.0,49.5,0.0023525235831840232,Cuddapah_DC (Andhra Pradesh)
IND516101AAA,1,1,0.0,0.0,725.0,18.0,17.0,0.025082052908947303,Koduru_MGRoad_D (Andhra Pradesh)
IND516115AAA,1,1,0.0,0.0,1590.0,17.0,46.0,0.05500753672444995,Rajampet_RSRoad_D (Andhra Pradesh)
IND516227AAA,1,1,0.0018132525107415502,0.0,340.0,2.0,36.5,0.011762617915920115,Badvel_Sidrd_D (Andhra Pradesh)
IND516269AAA,1,1,0.004223257810344299,0.0,745.0,15.0,13.0,0.025773971609883782,Rayachoti_Madnpali_D (Andhra Pradesh)
IND516360AAB,1,1,0.0018198222662152515,0.0,52.0,2.0,32.0,0.0017989886224348414,Proddatur_Central_D_2 (Andhra Pradesh)
IND516390AAA,1,1,0.0042199729326074485,0.0,1231.0,15.0,12.0,0.04258759604264018,Pulivendula_RTCStand_D (Andhra Pradesh)
IND517325AAA,0,1,0.0,0.0,37.0,1.0,44.0,0.0012800495967324832,Madnapalle_PngnrRd_D (Andhra Pradesh)
IND517408AAA,1,0,0.0,0.0,0.0,0.0,0.0,0.0,Palamaner_Lakshmi_D (Andhra Pradesh)
IND517501AAB,2,2,0.0,0.0,1307.0,35.0,23.0,0.0452168871061988,Tirupati_Balajicly_I (Andhra Pradesh)
IND517583AAA,1,1,0.0,0.0,1057.0,19.0,14.0,0.03656790334449283,Puttur_Artmclny_D (Andhra Pradesh)
IND517644AAA,1,1,0.0,0.0,581.0,15.0,25.0,0.020100238262204667,Sriklahsti_SDKNgr_D (Andhra Pradesh)
IND518002AAA,10,8,0.015081694909315475,0.09863945578231292,6924.0,74.0,111.5,0.23954225426420847,Kurnool_AbbasNgr_I (Andhra Pradesh)
IND518102AAA,1,1,0.001209382486783842,0.0,1802.0,14.0,60.0,0.062341874954376604,Srisailam_Sishumdr_D (Andhra Pradesh)
IND518124AAA,1,2,0.0006049649832033252,0.5,120.0,7.0,8.0,0.004151512205618864,Bngnpalle_Enkndla_D (Andhra Pradesh)
IND518206AAA,2,2,0.0006082498609401759,0.4,149.0,5.0,22.0,0.005154794321976756,Betamcherla_CmtNgRod_D (Andhra Pradesh)
IND518222AAA,1,1,0.0,1.0,96.0,5.0,131.0,0.0033212097644950917,Dhone_RmNyrDPP_D (Andhra Pradesh)
IND518401AAA,1,1,0.0012159522422575432,0.0,299.0,12.0,14.5,0.010344184579000337,Nandikotkr_UmarDPP_D (Andhra Pradesh)
IND518422AAB,1,1,0.0012126673645206927,0.0,1131.0,14.0,17.0,0.0391280025379578,Atmakur_IndraNgr_D (Andhra Pradesh)
IND518501AAA,1,1,0.0006082498609401759,0.5,645.0,15.0,26.0,0.022314378105201396,Nandyal_SrnvsNgr_D (Andhra Pradesh)
IND520011AAA,1,1,0.0,0.0,318.0,8.0,73.5,0.01100150734488999,Vijayawada (Andhra Pradesh)
IND521001AAA,2,2,0.0006049649832033251,0.6,401.0,8.0,34.5,0.013872969953776371,Machilipatnam_DC (Andhra Pradesh)
IND521105AAA,1,2,0.0018198222662152515,0.16666666666666666,314.0,8.0,22.5,0.010863123604702695,HanumanJNC_VijywdRD_D (Andhra Pradesh)
IND521165AAA,2,1,0.0,1.0,485.0,3.0,145.0,0.016779028497709576,Vuyyuru_BhogdDPP_D (Andhra Pradesh)
IND521185AAA,2,2,0.001213214844143501,0.0,434.0,8.0,35.0,0.01501463581032156,Nandigama_Chndrlpd_D (Andhra Pradesh)
IND521201AAA,1,1,0.0018231071439521022,0.0,49.0,3.0,12.0,0.0016952008172943696,Nuzvid_Ward17_D (Andhra Pradesh)
IND521225AAB,8,8,0.01832180510705685,0.06837606837606838,6636.0,71.0,151.0,0.2295786249707232,Vijayawada_Rynapadu_H (Andhra Pradesh)
IND521301AAA,1,1,0.0,1.0,465.0,19.0,19.0,0.0160871097967731,Gudivada_GvrCompx_D (Andhra Pradesh)
IND521333AAA,2,1,0.0006041437637691124,0.3333333333333333,1734.0,14.0,260.0,0.05998935137119259,Kaikaluru_Atapaka_D (Andhra Pradesh)
IND522647AAA,1,1,0.001816537388478401,0.0,515.0,19.0,36.0,0.017816906549114293,Vinukonda_Kothapet_D (Andhra Pradesh)
IND523002AAA,4,5,0.009928991371512583,0.06944444444444445,3366.0,39.0,165.0,0.11644991736760914,Ongole_SubhVRTL_I (Andhra Pradesh)
IND523105AAA,2,1,0.0012126673645206927,0.3333333333333333,244.0,19.0,13.0,0.008441408151425023,Kandukur_LICOffce_D (Andhra Pradesh)
IND523201AAA,1,1,0.0018132525107415502,0.0,323.0,2.0,57.0,0.01117448702012411,Addanki_Oilmilrd_D (Andhra Pradesh)
IND523226AAA,1,1,0.0,0.5,678.0,13.0,17.0,0.023456043961746584,Chimkurthy_MSRClgRd_D (Andhra Pradesh)
IND523230AAA,1,1,0.0,0.5,354.0,19.0,5.0,0.01224696100657565,Kanigiri_Tiglgndi_D (Andhra Pradesh)
IND523316AAB,2,1,0.0018198222662152515,0.16666666666666666,567.0,14.0,17.5,0.019615895171549134,Markapur_VidyaNgr_D (Andhra Pradesh)
IND524003AAA,1,1,0.0,0.5,3534.0,14.0,49.5,0.12226203445547557,Nellore_DC (Andhra Pradesh)
IND524101AAB,1,1,0.0,0.0,1433.0,16.0,32.0,0.04957597492209861,Gudur_Bngisheb_D (Andhra Pradesh)
IND524132AAA,1,1,0.0,0.0,340.0,14.0,21.5,0.011762617915920115,Venktagiri_TirupthiRd_D (Andhra Pradesh)
IND524201AAA,1,1,0.001209382486783842,0.5,765.0,18.0,312.0,0.02646589031082026,Kavali_Kacheri_D (Andhra Pradesh)
IND530012AAA,10,11,0.02670647573497291,0.029556650246305417,9742.0,71.0,51.0,0.33703359922615816,Visakhapatnam_Gajuwaka_IP (Andhra Pradesh)
IND530012AAC,0,2,0.0,1.0,994.0,5.0,22.0,0.03438835943654292,Vizag_Gajuwaka_L (Andhra Pradesh)
IND530018AAA,0,1,0.0,0.0,27.0,1.0,196.0,0.0009340902462642444,Vizag _NAD (Andhra Pradesh)
IND530026AAA,0,1,0.0,0.0,247.0,4.0,19.0,0.008545195956565495,Vizag_Gajuwaka (Andhra Pradesh)
IND530043AAA,1,2,0.0006082498609401759,0.0,280.0,13.0,21.0,0.009686861813110683,Visakhapatnam_VislkNgr_DC (Andhra Pradesh)
IND531001AAA,2,2,0.0006082498609401759,0.5,345.0,6.0,33.5,0.011935597591154234,Anakapalle_Kothuru_D (Andhra Pradesh)
IND531036AAA,2,1,0.0006055124628261336,0.0,206.0,4.0,26.5,0.007126762619645716,Chodavaram_BaljiDPP_D (Andhra Pradesh)
IND531116AAA,1,2,0.0,1.0,391.0,5.0,34.0,0.013527010603308132,Narsiptnm_Wardno8_D (Andhra Pradesh)
IND531162AAA,2,0,0.0,0.0,0.0,0.0,0.0,0.0,Vishakhapatnam (Andhra Pradesh)
IND531163AAA,1,1,2.7373981140421955e-07,0.0,322.0,13.0,12.0,0.011139891085077284,Bheemunipatnam_SaiTempl_D (Andhra Pradesh)
IND532001AAB,5,4,0.010870755390484366,0.07142857142857142,3753.0,64.0,34.5,0.12983854423072996,Srikakulam_Kuslpram_I (Andhra Pradesh)
IND532127AAA,1,1,0.0024297145660238527,0.0,630.0,21.0,14.0,0.02179543907949904,Rajam_SamathBv_D (Andhra Pradesh)
IND532201AAA,2,2,0.0018198222662152515,0.3333333333333333,426.0,21.0,25.0,0.014737868329946967,Tekkali_AmvdiDPP_D (Andhra Pradesh)
IND532222AAA,1,2,0.0006041437637691125,0.5,558.0,12.0,26.5,0.01930453175612772,Palasa_Central_DPP_1 (Andhra Pradesh)
IND532421AAA,1,1,0.0,0.5,392.0,19.0,19.0,0.013561606538354956,Narasnpeta_HudcoDPP_D (Andhra Pradesh)
IND532440AAA,1,1,0.0,0.5,353.0,17.0,13.0,0.012212365071528826,Palakonda_VadaiDPP_D (Andhra Pradesh)
IND533003AAA,2,2,0.0006082498609401759,0.7,1045.0,21.0,54.0,0.03615275212393094,Kakinada_DC (Andhra Pradesh)
IND533106AAA,8,8,0.009363618690782663,0.08771929824561403,7794.0,51.0,73.0,0.26964071775494525,Rajamundry_AtoNgrRd_I (Andhra Pradesh)
IND533201AAA,3,2,0.0006052387230147293,0.375,460.0,11.0,37.0,0.01591413012153898,Amalapuram_Vijdurg_D (Andhra Pradesh)
IND533242AAA,2,1,0.0,0.5,36.0,2.0,19.5,0.0012454536616856593,Razole_Shanthi_D (Andhra Pradesh)
IND533262AAA,2,2,0.0012088350071610332,0.5,458.0,12.0,41.0,0.015844938251445333,Draksharamam_Anaipeta_D (Andhra Pradesh)
IND533308AAB,2,2,2.7373981140421955e-07,0.7,430.0,16.0,33.0,0.014876252070134263,Mandapeta_Mainrd_D (Andhra Pradesh)
IND533401AAA,1,2,2.7373981140421955e-07,0.8333333333333334,1671.0,18.0,40.0,0.057809807463242685,Tuni_Eaglvari_D (Andhra Pradesh)
IND534001AAA,1,2,0.0006041437637691124,0.3333333333333333,383.0,15.0,21.0,0.013250243122933542,Eluru_Agraharm_DC (Andhra Pradesh)
IND534260AAC,1,1,0.0,0.0,373.0,4.0,37.5,0.012904283772465303,Palakollu_CroadDPP_D (Andhra Pradesh)
IND535001AAA,2,1,0.0006049649832033252,0.0,1438.0,10.0,62.0,0.04974895459733272,Vizianagaram_NcsRd_DC (Andhra Pradesh)
IND535501AAB,1,2,0.002419859932813301,0.16666666666666666,461.0,18.0,28.0,0.015948726056585802,Parvathipuram_Central_D_2 (Andhra Pradesh)
IND535558AAA,1,1,0.002423144810550151,0.0,298.0,20.0,21.0,0.010309588643953512,Bobbili_ColegRd_D (Andhra Pradesh)
IND535591AAA,1,1,0.002426429688287002,0.0,60.0,3.0,14.0,0.002075756102809432,Salur_ward9_D (Andhra Pradesh)
IND560002AAA,3,2,0.0,1.0,1691.0,40.0,45.0,0.05850172616417916,Bengaluru_KHRoad_I (Karnataka)
IND560027AAA,0,1,0.0,0.0,95.0,4.0,99.5,0.0032866138294482677,Blr_Domlur (Karnataka)
IND560043AAC,4,3,0.0012137623237663095,0.42105263157894735,2062.0,79.0,29.0,0.07133681806655082,HBR Layout PC (Karnataka)
IND560048AAB,4,2,0.0012110249256522673,0.6153846153846154,2100.0,43.0,33.0,0.07265146359833012,Bengaluru_Hoodi_IP (Karnataka)
IND560058AAB,3,3,1.4599456608225042e-06,0.9230769230769231,1280.0,80.0,22.0,0.04428279685993455,Bengaluru_Peenya_IP (Karnataka)
IND560058AAD,3,1,0.0,0.9,1880.0,36.0,134.0,0.06504035788802887,Bengaluru_Peenya_L (Karnataka)
IND560060AAB,3,2,0.0,1.0,800.0,34.0,27.0,0.027676748037459092,Bengaluru_Kengeri_IP (Karnataka)
IND560064AAA,1,0,0.0,0.0,0.0,0.0,0.0,0.0,Bengaluru_NwYlhnka_DC (Karnataka)
IND560064AAD,0,1,0.0,0.0,951.0,41.0,47.0,0.0329007342295295,Bengaluru_Bagaluru_D (Karnataka)
IND560066AAB,1,0,0.0,0.0,0.0,0.0,0.0,0.0,Bengaluru_Whitefld_L (Karnataka)
IND560067AAC,1,1,0.0,0.0,393.0,20.0,25.5,0.013596202473401781,Bengaluru_Kadugodi_D (Karnataka)
IND560077AAA,1,1,0.0,0.0,108.0,1.0,114.0,0.0037363609850569776,Bengaluru_ Kothanur_L (Karnataka)
IND560078AAC,3,2,0.0,1.0,1509.0,36.0,32.5,0.05220526598565722,BLR_JPNagar_Pc (Karnataka)
IND560083AAB,2,2,0.0,0.9,1495.0,32.0,95.5,0.051720922895001686,Bengaluru_Bnnrghta_L (Karnataka)
IND560085AAA,3,1,0.0,1.0,284.0,7.0,92.0,0.009825245553297978,Bengaluru_Banshkri_DC (Karnataka)
IND560099AAA,1,0,0.0,0.0,0.0,0.0,0.0,0.0,Bengaluru_Bomsndra_PC (Karnataka)
IND560099AAB,11,18,0.005214837260900008,0.1473551637279597,21950.0,466.0,84.0,0.7593807742777839,Bengaluru_Bomsndra_HB (Karnataka)
IND560099AAG,0,1,0.0,0.0,21.0,2.0,240.0,0.0007265146359833012,Bengaluru_Bomsndra_L (Karnataka)
IND560099AAH,0,1,0.0,0.0,13.0,1.0,1.0,0.00044974715560871034,Bengaluru_South_D_20 (Karnataka)
IND560300AAA,4,12,0.008451351690690072,0.2606837606837607,16060.0,331.0,58.0,0.5556107168519914,Bengaluru_KGAirprt_HB (Karnataka)
IND560300AAB,3,4,7.755961323119554e-06,0.18421052631578946,1107.0,24.0,64.5,0.038297700096834024,Bangalore_East_I_20 (Karnataka)
IND561202AAB,1,1,0.0006049649832033252,0.0,775.0,14.0,6.0,0.026811849661288495,Pavagada_PnukndRD_D (Karnataka)
IND561203AAB,1,1,0.0,0.5,173.0,12.0,20.5,0.0059850967631005295,Doddablpur_ChikaDPP_D (Karnataka)
IND561207AAB,1,2,0.0006126296979226433,0.3333333333333333,301.0,13.0,17.0,0.010413376449093984,Bagepalli_TBCross_D (Karnataka)
IND562101AAA,2,1,0.001221974518108436,0.3333333333333333,69.0,13.0,24.0,0.0023871195182308467,Chikblapur_ShntiSgr_D (Karnataka)
IND562108AAA,1,1,0.0,0.5,222.0,2.0,563.5,0.007680297580394898,Gauribidanur_Gurukrpa_D (Karnataka)
IND562114AAA,1,2,0.0006060599424489421,0.0,689.0,17.0,32.0,0.023836599247261645,Hoskote_DC (Karnataka)
IND562117AAA,1,1,0.0006060599424489421,0.0,209.0,10.0,28.5,0.0072305504247861885,Kanakapura_VaniThtr_D (Karnataka)
IND562125AAA,1,1,5.474796228084391e-07,0.0,147.0,1.0,57.0,0.005085602451883109,Bengaluru_Sarjapur_D (Karnataka)
IND562132AAA,36,35,0.18747253740399358,0.05481120584652863,157859.0,768.0,140.0,5.461279710556569,Bangalore_Nelmngla_H (Karnataka)
IND562132AAC,0,1,0.0,0.0,1181.0,1.0,428.0,0.040857799290298986,Bengaluru_Nelmngla_L (Karnataka)
IND562159AAA,0,1,0.0,0.0,287.0,11.0,29.0,0.00992903335843845,Ramanagara_BMRd_DC (Karnataka)
IND562160AAB,1,0,0.0,0.0,0.0,0.0,0.0,0.0,Chanapatna_Central_D_2 (Karnataka)
IND563101AAB,2,3,0.0015165185551793763,0.3333333333333333,541.0,16.0,42.0,0.018716400860331713,Kolar_Ambedkar_D (Karnataka)
IND563116AAA,2,1,4.5623301900703254e-07,0.5,382.0,14.0,63.0,0.013215647187886717,Bethamangala_FshryOFC_D (Karnataka)
IND563125AAB,3,2,0.0018096026465894938,0.3333333333333333,2386.0,15.0,362.0,0.08254590102172175,Chintamani_Central_D_2 (Karnataka)
IND563130AAA,2,1,4.5623301900703254e-07,0.5,152.0,10.0,41.5,0.005258582127117228,Malur_NharuExt_D (Karnataka)
IND563131AAA,1,1,0.0,0.5,486.0,14.0,14.5,0.0168136244327564,Mulbagal_Sunku_D (Karnataka)
IND563131AAB,3,3,0.002118198660645851,0.19230769230769232,1169.0,24.0,31.5,0.0404426480697371,Bangarapet_KolarRd_D (Karnataka)
IND570020AAA,4,3,0.0042884078854585036,0.047619047619047616,1334.0,24.0,36.0,0.04615097735246304,Mysore_Yadvgiri_IP (Karnataka)
IND571104AAA,1,2,0.001816537388478401,0.16666666666666666,343.0,17.0,18.0,0.011866405721060586,Koppa_BMRd_D (Karnataka)
IND571105AAA,0,2,0.0,0.5,502.0,13.0,12.0,0.017367159393505582,Hunsur_RatnaDPP_D (Karnataka)
IND571111AAB,1,1,0.0012290917532049458,0.0,228.0,10.0,11.0,0.007887873190675843,Gundlupet_Swamylyt_D (Karnataka)
IND571114AAA,2,1,2.1899184912337564e-06,0.3333333333333333,1234.0,8.0,224.0,0.04269138384778065,HDKote_BegurRD_D (Karnataka)
IND571124AAA,1,1,1.0949592456168781e-05,0.5,1238.0,11.0,219.0,0.04282976758796795,Tirumakudalu_Narasipr_D (Karnataka)
IND571213AAA,1,2,2.1899184912337564e-06,0.3333333333333333,857.0,9.0,20.0,0.029648716335128052,Gonikoppal_Thomas_D (Karnataka)
IND571301AAA,1,1,0.0018395315326363553,0.0,195.0,8.0,18.0,0.006746207334130653,Nanjangud_RPRoad_D (Karnataka)
IND571313AAB,1,1,0.0006186519737735362,0.0,286.0,10.0,10.5,0.009894437423391626,Chamarjngr_BrDbleRd_D (Karnataka)
IND571401AAA,1,1,0.0,0.0,-10.0,10.0,24.0,-0.0003459593504682387,Mandya_Dc (Karnataka)
IND571426AAA,2,1,0.0018198222662152515,0.16666666666666666,1067.0,15.0,17.0,0.03691386269496107,Krishnarajpet_MuruPost_D (Karnataka)
IND571430AAA,2,1,0.0006213893718875783,0.16666666666666666,196.0,10.0,14.0,0.006780803269177478,Malavalli_SulthnRd_D (Karnataka)
IND571432AAB,1,1,0.0,0.5,303.0,17.0,7.0,0.010482568319187632,Nagamangala_MandyaRD_D (Karnataka)
IND571438AAB,0,1,0.0,0.0,68.0,9.0,11.0,0.0023525235831840232,Srirangapatna_Bburynkpl_D (Karnataka)
IND571440AAA,1,1,8.212194342126586e-06,0.0,23.0,10.0,16.0,0.0007957065060769489,Kollegala_NarsipuraRd_D (Karnataka)
IND571602AAA,1,0,0.0,0.0,0.0,0.0,0.0,0.0,Krishnarajngr_JublieRD_D (Karnataka)
IND572101AAA,3,2,0.0024406641584800216,0.15,594.0,13.0,39.0,0.020549985417813377,Tumkur_Veersagr_I (Karnataka)
IND572201AAB,2,4,0.0015129599376311213,0.3076923076923077,301.0,7.0,28.0,0.010413376449093984,Tiptur_YTRd_D (Karnataka)
IND573103AAA,2,2,0.00030302997122447103,0.6,78.0,7.0,5.0,0.0026984829336522617,Arsikere_HsnRdDPP_D (Karnataka)
IND573116AAA,1,3,0.003035774508472795,0.16666666666666666,599.0,14.0,25.5,0.020722965093047496,Channaraya_patna_D (Karnataka)
IND573134AAB,2,2,0.002418764973567684,0.1,671.0,15.0,22.0,0.023213872416418816,Sakleshpur_RgvdrDPP_D (Karnataka)
IND573142AAA,3,1,0.0030193501197885416,0.16666666666666666,697.0,17.0,12.0,0.024113366727636233,Ramanathapura_Central_D_2 (Karnataka)
IND573201AAB,4,5,0.01986654323625851,0.08823529411764706,4918.0,45.0,50.0,0.1701428085602798,Hassan_Pandrnga_I (Karnataka)
IND574104AAA,1,1,0.0006049649832033252,0.0,482.0,11.0,19.0,0.016675240692569104,Karkala_MarketRd_D (Karnataka)
IND574117AAA,1,2,0.0005713220413376718,0.3333333333333333,114.0,3.0,1.0,0.003943936595337922,Uchila_Busstand_D (Karnataka)
IND574202AAA,1,1,0.0012159522422575432,0.0,122.0,6.0,17.5,0.004220704075712511,Puttur_Darbe_DC (Karnataka)
IND574211AAA,1,2,0.0024302620456466612,0.16666666666666666,194.0,6.0,5.0,0.00671161139908383,Bantwal_Trmltmpl_D (Karnataka)
IND574216AAA,2,2,0.0018127050311187419,0.16666666666666666,538.0,6.0,15.5,0.01861261305519124,Dhrmsthala_Beltngdi_D (Karnataka)
IND574221AAA,1,1,0.001209382486783842,0.0,2031.0,6.0,20.0,0.07026434408009928,Kadaba_AnugrDPP_D (Karnataka)
IND574227AAA,1,1,0.0006082498609401759,0.0,129.0,9.0,7.0,0.004462875621040279,Moodbidri_MrdiVlge_D (Karnataka)
IND574239AAA,1,1,0.0012126673645206927,0.0,128.0,7.0,2.0,0.004428279685993455,Sullia_Srirampt_D (Karnataka)
IND575004AAB,6,7,0.02036737800236481,0.038461538461538464,1981.0,25.0,65.0,0.06853454732775809,Mangalore_Kuntikna_H (Karnataka)
IND575014AAA,1,1,8.923917851777557e-05,0.5,220.0,1.0,5.0,0.007611105710301251,Surathkal_DC (Karnataka)
IND576101AAA,2,1,0.0005713220413376718,0.3333333333333333,55.0,3.0,25.0,0.0019027764275753127,Udupi (Karnataka)
IND576201AAA,2,1,0.001744324188141848,0.16666666666666666,174.0,4.0,20.0,0.006019692698147353,Kundapura_DC (Karnataka)
IND577002AAA,4,3,0.004840814824872219,0.175,1620.0,31.0,60.0,0.05604541477585467,Davangere_Central_I_1 (Karnataka)
IND577101AAA,3,2,0.0012137623237663095,0.16666666666666666,189.0,9.0,7.0,0.006538631723849711,Chikmagalur_DC (Karnataka)
IND577116AAA,3,1,5.474796228084391e-07,0.4,4.0,8.0,7.5,0.00013838374018729547,0
IND577126AAA,1,1,0.0006049649832033252,0.5,111.0,1.0,338.0,0.003840148790197449,Koppa_Sangetha_D (Karnataka)
IND577132AAD,1,1,0.0012088350071610336,0.5,265.0,11.0,10.0,0.009167922787408325,Mudigere_HesglDPP_D (Karnataka)
IND577201AAA,3,2,0.0027264485215860268,0.15,1790.0,11.0,84.0,0.06192672373381473,Shimoga_DC (Karnataka)
IND577401AAA,1,2,0.0003016612721674499,0.3333333333333333,450.0,8.0,13.0,0.015568170771070741,Sagara_Vardhard_D (Karnataka)
IND577432AAA,1,1,0.0006082498609401759,0.5,22.0,1.0,12.0,0.0007611105710301252,Thirthahalli_NadthiCx_D (Karnataka)
IND577501AAA,2,1,0.0006049649832033252,0.3333333333333333,322.0,10.0,34.0,0.011139891085077284,Chitradurga_DC (Karnataka)
IND577522AAA,1,1,0.00361610290864974,0.0,697.0,10.0,20.5,0.024113366727636233,Challakere_Shivangr_D (Karnataka)
IND577535AAC,1,1,0.0036193877863865908,0.0,222.0,10.0,15.0,0.007680297580394898,Molakalmuru_KnsgraRD_D (Karnataka)
IND577598AAB,1,1,0.0,0.5,1072.0,17.0,19.0,0.03708684237019519,Madikeri_MuthpTmp_D (Karnataka)
IND577598AAC,1,1,0.0,0.5,309.0,11.0,23.0,0.010690143929468574,Hiriyur_TahurDPP_D (Karnataka)
IND580002AAA,2,1,0.0,0.5,184.0,2.0,63.0,0.006365652048615591,Dharwad_Dc (Karnataka)
IND580028AAA,9,8,0.020454340564444128,0.07894736842105263,12634.0,78.0,393.0,0.4370850433815727,Hubli_Adargchi_IP (Karnataka)
IND580030AAA,1,0,0.0,0.0,0.0,0.0,0.0,0.0,Hubli_Dc (Karnataka)
IND581110AAE,2,2,0.0012126673645206927,0.4,1123.0,20.0,35.5,0.0388512350575832,Haveri_GuttalRD_D (Karnataka)
IND581115AAC,1,1,0.0,1.0,422.0,20.0,30.0,0.014599484589759671,Ranebennur_SriRmNGR_D (Karnataka)
IND581119AAB,1,1,0.0,1.0,689.0,14.0,15.5,0.023836599247261645,Ukkadagatri_Tuminkte_D (Karnataka)
IND581303AAA,1,2,0.0003038511906586837,0.3333333333333333,239.0,14.0,15.5,0.008268428476190906,Karwar_Central_D_1 (Karnataka)
IND581314AAA,3,2,0.0020952703307215953,0.16666666666666666,884.0,10.0,5.0,0.0305828065813923,Ankola_Kakrmath_D (Karnataka)
IND581320AAA,2,2,0.00225640858790093,0.0,261.0,5.0,18.0,0.00902953904722103,Bhatkal_KmkshBul_D (Karnataka)
IND581325AAA,2,1,0.001209382486783842,0.16666666666666666,928.0,14.0,48.5,0.03210502772345255,Dandeli_RKComplx_D (Karnataka)
IND581334AAA,2,3,0.0007116693997768398,0.125,189.0,6.0,10.0,0.006538631723849711,Honnavar_Prbhtngr_D (Karnataka)
IND581343AAC,1,1,0.0,1.0,131.0,6.0,9.0,0.004532067491133927,Kumta_Central_DPP_2 (Karnataka)
IND581400AAB,2,1,0.0003038511906586837,0.3333333333333333,261.0,12.0,13.0,0.00902953904722103,Mallapur_ShtDRDPP_D (Karnataka)
IND581402AAA,1,2,0.0024280721271554275,0.16666666666666666,495.0,10.0,26.0,0.017124987848177814,Sirsi_Vidygiri_D (Karnataka)
IND582101AAB,2,1,0.0018132525107415502,0.16666666666666666,1649.0,18.0,133.5,0.057048696892212564,Gadag_Cdosclrd_D (Karnataka)
IND582209AAA,1,1,0.0,0.5,553.0,16.0,15.5,0.0191315520808936,Rona_GadagRD_D (Karnataka)
IND583101AAA,3,2,0.006052934709770102,0.1111111111111111,1888.0,28.0,31.5,0.06531712536840346,Bellary_Dc (Karnataka)
IND583119AAA,1,1,0.0,1.0,1170.0,9.0,54.0,0.040477244004783926,Sandur_WrdN1DPP_D (Karnataka)
IND583121AAA,1,0,0.0,0.0,0.0,0.0,0.0,0.0,Siruguppa_Wrd12DPP_D (Karnataka)
IND583201AAA,3,3,0.0030319421511131356,0.15384615384615385,1137.0,27.0,20.0,0.03933557814823874,Hospet (Karnataka)
IND583227AAA,1,2,0.0006082498609401759,0.5,487.0,16.0,15.0,0.016848220367803226,Gangavathi_PhrmPlza_D (Karnataka)
IND583231AAA,1,1,0.0,1.0,566.0,15.0,28.0,0.01958129923650231,Koppal_Banikatt_D (Karnataka)
IND584101AAA,2,3,0.0018263920216889527,0.5,683.0,17.0,51.0,0.023629023636980703,Raichur_LSRoad_DC (Karnataka)
IND584123AAA,1,1,0.0012186896403715854,0.0,16.0,1.0,12.0,0.0005535349607491819,Manvi_APMCYard_D (Karnataka)
IND584128AAA,1,1,0.0006098922998086011,0.0,55.0,2.0,20.5,0.0019027764275753127,Sindhanur_VasaviNg_D (Karnataka)
IND585104AAA,5,5,0.009673964935025118,0.0,2635.0,60.0,51.5,0.0911602888483809,Gulbarga_Nehrugnj_I (Karnataka)
IND585211AAA,2,2,0.0006060599424489421,0.0,543.0,20.0,24.5,0.01878559273042536,Chittapur_GlbrgaRD_D (Karnataka)
IND585222AAA,2,2,5.474796228084391e-07,0.0,425.0,22.0,29.5,0.014703272394900145,Sedam_DBRCmplx_D (Karnataka)
IND585307AAB,2,2,0.0006060599424489421,0.0,4687.0,21.0,177.0,0.16215114756446347,Chincholi_Mainroad_D (Karnataka)
IND585314AAA,2,2,0.0006060599424489421,0.0,2489.0,19.0,187.0,0.0861092823315446,Aland_RazaviRd_D (Karnataka)
IND585330AAE,1,1,0.006023370810138447,0.0,608.0,21.0,41.0,0.02103432850846891,Humnabad_EBroad_D (Karnataka)
IND585401AAA,1,1,0.006020085932401597,0.0,1303.0,22.0,13.0,0.0450785033660115,Bidar (Karnataka)
IND586101AAA,1,1,0.0003022087517902584,0.0,297.0,4.0,30.5,0.010274992708906689,Bijapur_KirtiNgr_D (Karnataka)
IND586101AAB,2,1,0.0021154612625318087,0.16666666666666666,244.0,5.0,30.0,0.008441408151425023,Bijapur_Central_D_2 (Karnataka)
IND586128AAA,2,2,0.0006060599424489421,0.0,1057.0,19.0,14.0,0.03656790334449283,Sindagi_KalyanNg_D (Karnataka)
IND586211AAA,2,2,5.474796228084391e-07,0.0,1468.0,19.0,17.0,0.05078683264873744,Indi_SindgiRD_D (Karnataka)
IND587103AAB,1,2,0.0018198222662152515,0.16666666666666666,1157.0,19.0,49.0,0.04002749684917522,Bagalkot_Sector4_D (Karnataka)
IND590016AAA,2,1,0.0006082498609401759,0.6666666666666666,91.0,5.0,52.0,0.003148230089260972,Belgaum_Dc (Karnataka)
IND591102AAA,1,1,0.0006071549016945589,0.0,813.0,18.0,12.0,0.028126495193067803,Bailhongal_NamoNagr_D (Karnataka)
IND591115AAB,2,2,2.7373981140421955e-07,0.5,179.0,6.0,49.5,0.006192672373381473,Kittur_ColageRD_D (Karnataka)
IND591123AAC,1,1,0.0018231071439521022,0.0,684.0,19.0,31.0,0.023663619572027526,Ramdurg_GndhiNGR_D (Karnataka)
IND591126AAA,0,1,0.0,0.0,33.0,2.0,5.0,0.0011416658565451877,Saundatti_ShanthiS_D (Karnataka)
IND591201AAA,1,2,0.0030330371103587527,0.16666666666666666,367.0,11.0,19.0,0.01269670816218436,Chikodi_IndraNgr_D (Karnataka)
IND591237AAB,1,1,0.003036321988095603,0.0,48.0,4.0,12.0,0.0016606048822475458,Nipani_AkkolRD_D (Karnataka)
IND591302AAB,1,2,0.0006049649832033252,0.6666666666666666,916.0,10.0,100.0,0.031689876502890665,Khanapur_StatinRD_D (Karnataka)
IND591304AAA,1,2,0.0006082498609401759,0.16666666666666666,403.0,12.0,19.0,0.013942161823870017,Athani_VikrmMah_D (Karnataka)
IND591307AAC,1,3,0.001213214844143501,0.16666666666666666,1149.0,7.0,18.0,0.03975072936880062,Gokak_Bsavangr_D (Karnataka)
IND600004AAA,1,1,0.0,0.0,185.0,3.0,144.0,0.006400247983662416,Chennai_Mylapore (Tamil Nadu)
IND600008AAA,0,1,0.0,0.0,690.0,14.0,51.5,0.023871195182308468,Chennai_Egmore_C (Tamil Nadu)
IND600008AAC,3,3,0.0018214647050836768,0.15384615384615385,1115.0,18.0,25.0,0.03857446757720861,Chennai_Egmore_DPC (Tamil Nadu)
IND600013AAA,1,0,0.0,0.0,0.0,0.0,0.0,0.0,Chennai_Royapuram (Tamil Nadu)
IND600016AAA,0,1,0.0,0.0,317.0,8.0,22.5,0.010966911409843167,Airport (Tamil Nadu)
IND600016AAB,0,1,0.0,0.0,1014.0,22.0,41.5,0.0350802781374794,Chennai_Alandur_C (Tamil Nadu)
IND600016AAC,2,2,0.0018176323477240178,0.0,356.0,12.0,106.5,0.012316152876669297,Chennai_Perungudi_DPC (Tamil Nadu)
IND600032AAB,3,4,8.759673964935025e-06,0.5555555555555556,3731.0,123.0,38.0,0.12907743365969984,Chennai_Hub (Tamil Nadu)
IND600044AAC,3,0,0.0,0.0,0.0,0.0,0.0,0.0,Chennai_Chrompet_PC (Tamil Nadu)
IND600044AAD,5,5,0.005447422246943969,0.15853658536585366,1804.0,52.0,47.0,0.062411066824470264,Chennai_Chrompet_DPC (Tamil Nadu)
IND600044AAE,1,1,0.0,0.0,1202.0,29.0,98.0,0.04158431392628229,Chennai_Chrompet_L (Tamil Nadu)
IND600048AAA,2,1,0.0,1.0,14.0,1.0,3.0,0.0004843430906555341,Chennai_Vandalur_Dc (Tamil Nadu)
IND600056AAA,1,1,0.0006093448201857927,0.0,176.0,7.0,20.0,0.006088884568241001,Chennai_Poonamallee (Tamil Nadu)
IND600056AAB,18,18,0.06323895295015455,0.03970826580226904,23572.0,300.0,124.0,0.8154953809237322,MAA_Poonamallee_HB (Tamil Nadu)
IND600056AAD,1,0,0.0,0.0,0.0,0.0,0.0,0.0,Chennai_Poonamallee_L (Tamil Nadu)
IND600073AAA,0,1,0.0,0.0,11.0,1.0,18.0,0.0003805552855150626,Chennai_Selaiyur_DC (Tamil Nadu)
IND600076AAB,2,2,0.0,1.0,534.0,18.0,15.5,0.018474229315003945,Chennai_Madhavaram_DPC (Tamil Nadu)
IND600083AAA,0,1,0.0,0.0,27.0,2.0,446.5,0.0009340902462642444,Chennai_AshokNagar_DC (Tamil Nadu)
IND600110AAA,1,2,0.0006087973405629843,0.0,570.0,11.0,43.0,0.019719682976689606,Chennai_Madhavaram_L (Tamil Nadu)
IND600116AAB,4,3,0.004243514556388211,0.05263157894736842,585.0,16.0,51.0,0.020238622002391963,Chennai_Porur_DPC (Tamil Nadu)
IND600119AAA,2,1,0.0006055124628261336,0.0,701.0,10.0,50.5,0.024251750467823532,Chennai_Sholinganallur_Dc (Tamil Nadu)
IND602001AAA,1,1,0.0,1.0,303.0,3.0,369.0,0.010482568319187632,Chennai_Thiruvlr_DC (Tamil Nadu)
IND602001AAB,0,1,0.0,0.0,399.0,11.0,12.0,0.013803778083682723,Kumbakonam_Mettu_DC (Tamil Nadu)
IND602024AAA,1,2,0.0006082498609401759,0.5,295.0,13.0,28.0,0.010205800838813043,Chennai_Vepmpttu_DC (Tamil Nadu)
IND602105AAB,1,0,0.0,0.0,0.0,0.0,0.0,0.0,Chennai_Sriperumbudur_Dc (Tamil Nadu)
IND603001AAA,1,1,0.0006082498609401759,0.5,206.0,13.0,14.0,0.007126762619645716,Chennai_Chnglptu_DC (Tamil Nadu)
IND603102AAA,1,1,0.0006049649832033252,0.0,783.0,12.0,30.5,0.02708861714166309,Kalpakkam_Sadras_D (Tamil Nadu)
IND603203AAA,2,2,0.0006055124628261336,0.4,476.0,14.0,20.5,0.016467665082288162,Chennai_Potheri (Tamil Nadu)
IND603301AAA,1,1,0.0006049649832033252,0.5,1184.0,14.0,40.5,0.04096158709543946,Malemruvathur_Achipkam_D (Tamil Nadu)
IND604303AAA,1,1,0.0006082498609401759,0.0,149.0,4.0,0.5,0.005154794321976756,Marakkanam_MJRDPP_D (Tamil Nadu)
IND605010AAB,2,3,0.010865280594256283,0.0,622.0,19.0,57.0,0.021518671599124444,Pondicherry_Vasanthm_I (Pondicherry)
IND605601AAA,3,3,0.007257389879948669,0.0,1293.0,26.0,32.0,0.04473254401554326,Villupuram_Thirumtr_IP (Tamil Nadu)
IND606003AAA,1,1,0.002423144810550151,0.0,122.0,14.0,15.5,0.004220704075712511,Virudhchlm_SelamRd_D (Tamil Nadu)
IND606105AAA,1,1,0.002419859932813301,0.0,474.0,14.0,11.0,0.016398473212194516,Pennadam_EastmnRD_D (Tamil Nadu)
IND606201AAC,1,1,0.00241657505507645,0.0,1287.0,15.0,6.0,0.04452496840526232,Chinnasalem_VkotRoad_D (Tamil Nadu)
IND606801AAB,1,1,0.0006049649832033252,0.0,1110.0,13.0,18.0,0.03840148790197449,Chetpet_Blmrgnst_D (Tamil Nadu)
IND606803AAA,1,1,0.0006082498609401759,0.0,123.0,13.0,14.0,0.004255300010759336,Polur_StationRD_D (Tamil Nadu)
IND607001AAA,1,1,0.004244609515633828,0.0,321.0,11.0,15.0,0.011105295150030461,Cuddalore_KtsiGrsm_D (Tamil Nadu)
IND607106AAA,1,1,0.0024297145660238527,0.0,223.0,14.0,15.5,0.007714893515441723,Panruti_GandhiRd_D (Tamil Nadu)
IND607801AAA,1,1,0.002426429688287002,0.0,446.0,15.0,17.0,0.015429787030883445,Neyveli_NJVNgr_D (Tamil Nadu)
IND608001AAA,1,1,0.004241324637896978,0.0,170.0,7.0,4.0,0.005881308957960058,Chidambaram_ARBNorth_DC (Tamil Nadu)
IND608301AAA,1,1,0.0,0.0,1520.0,16.0,17.5,0.052585821271172284,Lalpet_PriyrNGR_D (Tamil Nadu)
IND609001AAA,1,1,0.0,0.0,895.0,12.0,30.0,0.030963361866907364,Mylduthuri_Thiruviz_D (Tamil Nadu)
IND609110AAA,1,1,0.004238039760160127,0.0,216.0,8.0,11.0,0.007472721970113955,Sirkazhi_Pngktgudi_D (Tamil Nadu)
IND609602AAA,1,1,0.004234754882423276,0.0,374.0,11.0,11.0,0.012938879707512127,Karaikal_Thalthru_DC (Pondicherry)
IND610001AAA,2,2,0.0054386625729790335,0.08333333333333333,1626.0,27.0,20.0,0.056252990386135605,Thiruvarur_Bypasrd_D (Tamil Nadu)
IND611001AAA,1,1,0.004231470004686426,0.0,251.0,10.0,20.5,0.008683579696752791,Nagapttinm_Sttyapar_D (Tamil Nadu)
IND613104AAA,1,0,0.0,0.0,0.0,0.0,0.0,0.0,Thirukkatupli_Poondi_D (Tamil Nadu)
IND614018AAA,1,1,0.0,0.0,602.0,10.0,6.5,0.02082675289818797,Mannargudi_Vadasari_D (Tamil Nadu)
IND614602AAA,0,1,0.0,0.0,205.0,16.0,22.0,0.007092166684598893,Pattukotai_anthniyr_D (Tamil Nadu)
IND614616AAA,1,1,0.0,0.0,331.0,16.0,30.0,0.0114512545004987,Aranthangi_HsptlRod_D (Tamil Nadu)
IND614620AAA,1,1,0.0,0.0,1078.0,16.0,34.0,0.03729441798047613,Manamelkudi_TmpleSrt_D (Tamil Nadu)
IND614715AAA,1,1,0.0006082498609401759,0.5,288.0,17.0,10.0,0.009963629293485274,Thirthurpondi_Madaprum_D (Tamil Nadu)
IND614804AAA,1,1,0.0,0.0,106.0,16.0,19.0,0.00366716911496333,Peravurani_SH71_D (Tamil Nadu)
IND614809AAA,1,1,0.0006049649832033252,0.5,925.0,17.0,18.0,0.03200123991831208,Pushpavanam_Thmpulam_D (Tamil Nadu)
IND620012AAA,2,0,0.0,0.0,0.0,0.0,0.0,0.0,Tiruchi_Manikndm_H (Tamil Nadu)
IND620020AAA,0,1,0.0,0.0,283.0,25.0,24.0,0.009790649618251155,Tiruchi (Tamil Nadu)
IND621010AAA,1,1,0.0,0.0,317.0,16.0,15.0,0.010966911409843167,Thuraiyur_Mthrapuri_D (Tamil Nadu)
IND621112AAA,1,1,0.0,0.0,131.0,1.0,12.0,0.004532067491133927,Tiruchi_Samyaprm_D (Tamil Nadu)
IND621211AAA,0,1,0.0,0.0,191.0,15.0,6.0,0.0066078235939433586,Musiri_ThryrRD_D (Tamil Nadu)
IND621212AAA,2,1,0.0,0.0,237.0,16.0,7.0,0.008199236606097258,Perambalur_goplpurm_D (Tamil Nadu)
IND621306AAA,0,1,0.0,0.0,319.0,12.0,22.0,0.011036103279936814,Manapparai_BypassRd_D (Tamil Nadu)
IND621704AAA,1,1,0.0,0.0,505.0,17.0,23.0,0.017470947198646055,Ariyalur_Kmrajngr_D (Tamil Nadu)
IND621802AAA,1,2,0.0,0.0,337.0,12.0,14.0,0.011658830110779644,Jayamkondan_Chithbrm_D (Tamil Nadu)
IND622001AAA,1,0,0.0,0.0,0.0,0.0,0.0,0.0,Pudukkotti_Mrthndpr_D (Tamil Nadu)
IND622407AAA,1,1,0.0,0.0,239.0,14.0,10.5,0.008268428476190906,Ponnamaravathi_Puduvalvu_D (Tamil Nadu)
IND623315AAB,1,1,0.0,0.0,240.0,15.0,14.0,0.008303024411237729,Oriyur_Vllyaprm_D (Tamil Nadu)
IND623407AAA,1,1,0.0,0.0,32.0,15.0,22.0,0.0011070699214983637,Thiruvadanai_RamnadRD_D (Tamil Nadu)
IND623503AAA,1,1,0.0,0.0,-43.0,7.0,22.0,-0.0014876252070134262,Ramnthpurm_TnhbBlkC_D (Tamil Nadu)
IND623526AAA,1,1,0.0,0.0,84.0,8.0,17.0,0.002906058543933205,Rameswram_Kdthdstrt_D (Tamil Nadu)
IND623701AAA,1,1,0.0,0.0,74.0,7.0,16.0,0.0025600991934649664,Paramakudi_VagaiNgr_D (Tamil Nadu)
IND623704AAA,1,1,0.0,0.0,88.0,7.0,8.0,0.0030444422841205006,Muthukulathur_VaiklSRT_D (Tamil Nadu)
IND624001AAA,2,3,0.0,0.0,367.0,22.0,27.5,0.01269670816218436,Dindigul_Central_D_1 (Tamil Nadu)
IND624101AAA,1,1,0.0,0.0,-243.0,10.0,24.5,-0.0084068122163782,Kodaikanal_Athithnr_DC (Tamil Nadu)
IND624202AAA,1,1,0.0,0.0,136.0,11.0,10.0,0.0047050471663680465,Batlagundu_RTOofice_D (Tamil Nadu)
IND624601AAA,1,2,0.0,0.0,-74.0,17.0,24.0,-0.0025600991934649664,Palani_RjndraRd_D (Tamil Nadu)
IND624619AAA,2,1,0.0,0.0,69.0,10.0,5.5,0.0023871195182308467,Oddnchtram_Palani_D (Tamil Nadu)
IND624703AAA,2,1,0.0,0.0,15.0,1.0,10.0,0.000518939025702358,Gujiliam_Parai_D (Tamil Nadu)
IND625008AAA,5,3,0.0,0.0,820.0,19.0,133.0,0.02836866673839557,Madurai_Kappalur_H (Tamil Nadu)
IND625106AAA,1,1,0.0,0.0,383.0,13.0,18.0,0.013250243122933542,Melur_MduraiRD_D (Tamil Nadu)
IND625218AAA,1,1,0.0,0.0,149.0,1.0,16.0,0.005154794321976756,Vadipatti_lalaNGR_D (Tamil Nadu)
IND625516AAA,2,1,0.0,0.0,294.0,7.0,23.0,0.010171204903766218,Cumbum_LFRoad_D (Tamil Nadu)
IND625531AAA,1,1,0.0,0.0,91.0,7.0,38.0,0.003148230089260972,Theni_Rathnam_D (Tamil Nadu)
IND625532AAA,0,2,0.0,0.0,213.0,7.0,12.0,0.007368934164973483,Usilampatti_MrutiNGR_D (Tamil Nadu)
IND626117AAA,1,1,0.0,0.0,54.0,9.0,23.0,0.0018681804925284888,Rajpalayam_AshkTalk_D (Tamil Nadu)
IND626123AAA,1,1,0.0,0.0,742.0,17.0,21.0,0.025670183804743313,Sivakasi_Msstreet_DC (Tamil Nadu)
IND626138AAA,1,1,0.0,0.0,509.0,16.0,14.0,0.01760933093883335,Maharajapuram_Krsnakcl_D (Tamil Nadu)
IND626607AAB,1,1,0.0,0.0,183.0,7.0,9.0,0.006331056113568768,Narikkudi_MukkuRD_D (Tamil Nadu)
IND627005AAA,3,4,0.0,0.0,1215.0,39.0,35.0,0.042034061081891,Tirunelveli_VdkkuSrt_I (Tamil Nadu)
IND627117AAA,1,1,0.0,0.0,359.0,11.0,31.0,0.012419940681809767,Vallior_Radhaprm_D (Tamil Nadu)
IND627401AAA,1,1,0.0,0.0,596.0,13.0,17.0,0.020619177287907024,Ambasamdrm_Solaiprm_D (Tamil Nadu)
IND627657AAA,1,1,0.0,0.0,30.0,16.0,19.0,0.001037878051404716,Thisayanvilai_UdnkdiRD_D (Tamil Nadu)
IND627756AAA,1,1,0.0,0.0,347.0,17.0,32.0,0.012004789461247882,Sankaran_Kovil_D (Tamil Nadu)
IND627811AAA,1,1,0.0,0.0,205.0,10.0,26.5,0.007092166684598893,Tenkasi_RailwyRd_D (Tamil Nadu)
IND628204AAA,1,1,0.0,0.0,207.0,17.0,13.0,0.007161358554692541,Tirchchndr_Shnmgprm_D (Tamil Nadu)
IND628613AAA,1,1,0.0,0.0,513.0,14.0,10.5,0.017747714679020647,Peikulam_SriVnktpm_D (Tamil Nadu)
IND628801AAA,1,1,0.0,0.0,137.0,17.0,14.0,0.00473964310141487,Eral_Busstand_D (Tamil Nadu)
IND629001AAA,2,0,0.0,0.0,0.0,0.0,0.0,0.0,Nagarcoil_AsrplmRd_DC (Tamil Nadu)
IND629179AAA,0,1,0.0,0.0,1216.0,11.0,32.0,0.04206865701693782,Marthandam_Nallur_D (Tamil Nadu)
IND630002AAA,1,1,0.0,0.0,295.0,14.0,24.0,0.010205800838813043,Karaikudi_Sbrmnprm_D (Tamil Nadu)
IND630561AAA,1,2,0.0,0.0,509.0,20.0,50.0,0.01760933093883335,Sivaganga_Wardno3_D (Tamil Nadu)
IND631003AAA,1,1,0.0,1.0,556.0,10.0,123.5,0.01923533988603407,Arakkonam_HousngBd_D (Tamil Nadu)
IND631102AAA,1,1,0.0006049649832033252,0.0,741.0,12.0,23.0,0.025635587869696486,Sholinghur_ArkonmRD_D (Tamil Nadu)
IND631501AAA,1,2,0.0006082498609401759,0.5,2076.0,11.0,43.0,0.07182116115720634,Kanchipuram_DC (Tamil Nadu)
IND632006AAA,4,5,0.004913355874894337,0.16176470588235295,2665.0,44.0,205.5,0.09219816689978562,Vellore_GndhiNgr_IP (Tamil Nadu)
IND632301AAA,1,2,0.0012159522422575432,0.0,362.0,12.0,20.5,0.012523728486950242,Arani_KrthiKyn_D (Tamil Nadu)
IND632402AAA,1,1,0.0006082498609401759,0.0,169.0,11.0,28.0,0.005846713022913234,Ranipet_MBTRd_DC (Tamil Nadu)
IND635001AAA,2,2,0.0006077023813173674,0.4,436.0,8.0,20.5,0.015083827680415206,Krishnagiri_BnglorRd_D (Tamil Nadu)
IND635207AAA,1,1,0.0,1.0,143.0,1.0,16.0,0.004947218711695813,Uthangarai_RgstrOFC_D (Tamil Nadu)
IND635601AAB,1,2,0.0006082498609401759,0.5,1125.0,11.0,22.0,0.03892042692767685,Tiruppattur_KoilStrt_D (Tamil Nadu)
IND635802AAB,4,2,0.002424787249418577,0.25,1154.0,16.0,48.0,0.03992370904403474,Ambur_Central_D_2 (Tamil Nadu)
IND636005AAA,0,2,0.0,0.0,81.0,5.0,61.0,0.002802270738792733,Salem_Kadtmpty_H (Tamil Nadu)
IND636005AAC,1,0,0.0,0.0,0.0,0.0,0.0,0.0,Salem_Kadtmpty_D (Tamil Nadu)
IND636016AAA,1,2,0.0,0.0,444.0,16.0,24.0,0.015360595160789796,Salem (Tamil Nadu)
IND636102AAA,1,1,0.0,0.0,199.0,5.0,6.0,0.00688459107431795,Attur_KaaduRd_D (Tamil Nadu)
IND636352AAA,0,1,0.0,0.0,79.0,5.0,15.0,0.0027330788686990857,Thoppur_HghsclRD_D (Tamil Nadu)
IND636402AAA,2,0,0.0,0.0,0.0,0.0,0.0,0.0,Mettur_RTOroad_D (Tamil Nadu)
IND636705AAB,2,2,0.0006055124628261336,0.2,690.0,9.0,28.0,0.023871195182308468,Dharmapuri_Central_D_2 (Tamil Nadu)
IND637001AAA,1,0,0.0,0.0,0.0,0.0,0.0,0.0,Namakkal_Rkcomplx_DC (Tamil Nadu)
IND637211AAA,1,1,0.0,0.0,451.0,16.0,16.0,0.015602766706117566,Tirchngode_Mhdhvpur_D (Tamil Nadu)
IND637301AAA,0,1,0.0,0.0,162.0,10.0,5.5,0.005604541477585466,Sankari_Trchngrd_D (Tamil Nadu)
IND637408AAA,0,1,0.0,0.0,214.0,10.0,9.0,0.007403530100020308,Rasipurm_Knrpati_D (Tamil Nadu)
IND638001AAA,1,1,0.0,0.0,59.0,3.0,28.0,0.0020411601677626083,Erode (Tamil Nadu)
IND638052AAA,1,0,0.0,0.0,0.0,0.0,0.0,0.0,Perundurai_Viveka_DC (Tamil Nadu)
IND638401AAA,1,1,0.0,0.0,24.0,12.0,5.5,0.0008303024411237729,Sathyamangalam_Mlydpthr_D (Tamil Nadu)
IND638452AAA,1,1,0.0,0.0,18.0,3.0,20.0,0.0006227268308428296,Gobicheti_Ward25_D (Tamil Nadu)
IND638501AAB,1,1,0.0,0.0,504.0,14.0,52.0,0.01743635126359923,Anthiyour_TherSRT_D (Tamil Nadu)
IND638657AAA,1,1,0.0,0.0,242.0,16.0,19.0,0.008372216281331375,Dharapuram_Techrcly_D (Tamil Nadu)
IND638701AAA,1,1,0.0,0.0,510.0,17.0,342.0,0.01764392687388017,Kangayam_Thvlrsrt_D (Tamil Nadu)
IND639001AAA,0,1,0.0,0.0,337.0,9.0,18.0,0.011658830110779644,Karur (Tamil Nadu)
IND639104AAB,1,1,0.0,0.0,22.0,1.0,18.0,0.0007611105710301252,Kulithalai_AnnaNGR_D (Tamil Nadu)
IND641001AAA,2,1,0.0,0.0,332.0,3.0,9.0,0.011485850435545524,Coimbatore_Ukkadam_D (Tamil Nadu)
IND641006AAD,0,1,0.0,0.0,518.0,5.0,39.0,0.017920694354254765,Coimbatore_ElngoNgr_C (Tamil Nadu)
IND641008AAA,1,2,0.0,0.0,68.0,4.0,5.5,0.0023525235831840232,Cjb_Kovaipudur_Dc (Tamil Nadu)
IND641011AAA,1,1,0.0,0.0,882.0,9.0,30.0,0.030513614711298653,Cjb_West_Dc (Tamil Nadu)
IND641062AAD,7,8,0.0,0.0,3593.0,64.0,173.0,0.12430319462323816,Coimbatore_Karayam_H (Tamil Nadu)
IND641607AAA,2,3,0.0,0.0,1263.0,35.0,59.0,0.04369466596413855,Tirupur_Koliplm_I (Tamil Nadu)
IND641654AAA,1,1,0.0,0.0,116.0,11.0,8.0,0.004013128465431569,Avinashi_Valluvar_D (Tamil Nadu)
IND641664AAA,2,1,0.0,0.0,307.0,15.0,20.0,0.010620952059374928,Tirpur_Palladam_DC (Tamil Nadu)
IND642001AAA,2,2,0.0,0.0,590.0,18.0,45.0,0.020411601677626085,Pollachi_Venkatsa_DC (Tamil Nadu)
IND642126AAA,2,1,0.0,0.0,208.0,17.0,14.0,0.0071959544897393654,Udumalpet_Artclgrd_D (Tamil Nadu)
IND643001AAA,1,1,0.0,0.0,319.0,6.0,28.0,0.011036103279936814,Ooty_Davisdle_D (Tamil Nadu)
IND643212AAA,1,1,0.0,0.0,769.0,3.0,12.0,0.026604274051007553,Gudalur_kalmpuza_D (Tamil Nadu)
IND643217AAA,2,1,0.0,0.0,-14.0,10.0,6.5,-0.0004843430906555341,Kotagiri_CroslySRT_D (Tamil Nadu)
IND643231AAA,1,1,0.0,0.0,84.0,11.0,14.0,0.002906058543933205,Coonoor_Fairybnk_D (Tamil Nadu)
IND670643AAA,1,1,0.002439021719611596,0.0,413.0,5.0,41.0,0.014288121174338256,Kuthuparamba_IdstrlAr_D (Kerala)
IND670645AAB,2,1,0.0006066074220717505,0.5,543.0,6.0,1084.0,0.01878559273042536,Mananthavady_Central_D_1 (Kerala)
IND671315AAA,0,1,0.0,0.0,1095.0,2.0,199.0,0.03788254887627214,Kanhangad_Arangadi_D (Kerala)
IND671323AAD,1,1,0.0006093448201857927,0.0,18.0,1.0,6.0,0.0006227268308428296,Manjeshwar_Central_D_1 (Kerala)
IND673027AAB,1,2,1.0949592456168782e-06,0.16666666666666666,887.0,3.0,18.0,0.030686594386532772,Kozhikode_Feroke_H (Kerala)
IND673104AAA,3,1,0.0012236169569768613,0.16666666666666666,226.0,17.0,18.0,0.007818681320582194,Vadakara_Mandodi_D (Kerala)
IND673121AAA,1,1,0.0,1.0,336.0,8.0,15.5,0.01162423417573282,Kalpetta_Ward19_D (Kerala)
IND673305AAA,2,1,0.0,0.3333333333333333,95.0,14.0,11.5,0.0032866138294482677,Koyilandy_Pshrikvu_D (Kerala)
IND673506AAA,1,1,0.0018313193382942287,0.0,170.0,17.0,16.0,0.005881308957960058,Kallachi_ZamQuatr_D (Kerala)
IND673573AAA,0,1,0.0,0.0,464.0,12.0,20.0,0.016052513861726275,Thamarassery_Chungam_D (Kerala)
IND673592AAA,2,3,0.0018198222662152515,0.1111111111111111,3323.0,24.0,39.5,0.11496229216059572,SultnBthry_Kollgpra_D (Kerala)
IND673632AAA,2,4,0.0036571638803603733,0.03333333333333333,812.0,15.0,150.0,0.028091899258020983,Kozhikode_Central_H_4 (Kerala)
IND673639AAA,2,0,0.0,0.0,0.0,0.0,0.0,0.0,Areacode_Puthalam_D (Kerala)
IND676306AAA,1,1,1.5329429438636295e-05,0.0,96.0,7.0,4.0,0.0033212097644950917,Tirurangadi_Kooriyad_D (Kerala)
IND676509AAA,1,2,1.3139510947402539e-05,0.0,62.0,4.0,13.0,0.00214494797290308,Malappuram_Munduprm_D (Kerala)
IND678583AAA,1,0,0.0,0.0,0.0,0.0,0.0,0.0,Thachnttukra_Nattukal_D (Kerala)
IND678683AAA,1,1,0.0006082498609401759,0.0,131.0,13.0,35.0,0.004532067491133927,Vadakkencherry_Robinson_D (Kerala)
IND679303AAA,1,1,0.0018198222662152515,0.0,364.0,14.0,13.0,0.012592920357043888,Sankaramangalam_Central_D_1 (Kerala)
IND679322AAA,1,1,4.927316605275952e-06,0.0,48.0,1.0,2.0,0.0016606048822475458,Printhlmna_EmsPnmbi_D (Kerala)
IND679329AAA,0,1,0.0,0.0,38.0,3.0,4.0,0.001314645531779307,Nilambur_StteHW28_D (Kerala)
IND679531AAA,1,1,0.001816537388478401,0.0,173.0,15.0,18.0,0.0059850967631005295,Shoranur_KdrShrRd_D (Kerala)
IND679576AAA,1,0,0.0,0.0,0.0,0.0,0.0,0.0,Edappal_PonaniRD_D (Kerala)
IND680012AAA,1,1,0.0018231071439521022,0.0,319.0,11.0,14.0,0.011036103279936814,Arimbur_Veluthur_D (Kerala)
IND68004AAA,2,2,0.0012159522422575432,0.2,1798.0,24.0,31.0,0.06220349121418932,Thrissur_Poothole_D (Kerala)
IND680104AAA,1,1,0.0006093448201857927,0.0,295.0,17.0,30.0,0.010205800838813043,Guruvayoor_ManhrBld_D (Kerala)
IND680307AAA,1,2,0.0006066074220717505,0.16666666666666666,175.0,12.0,26.5,0.006054288633194177,Chalakudy_SurbhiTh_D (Kerala)
IND680587AAA,1,2,0.0018132525107415502,0.3333333333333333,962.0,14.0,27.0,0.03328128951504456,Pazhayannur_AlathurRD_D (Kerala)
IND680712AAA,1,1,0.0,0.5,253.0,9.0,24.0,0.008752771566846437,Irinjlkuda_Greens_D (Kerala)
IND683511AAA,13,7,0.03416382342249222,0.0213903743315508,7294.0,86.0,352.0,0.2523427502315333,Aluva_Peedika_H (Kerala)
IND683511AAB,1,0,0.0,0.0,0.0,0.0,0.0,0.0,Kerala_Cochin_L (Kerala)
IND683565AAA,1,1,0.0006049649832033252,0.5,230.0,13.0,26.0,0.00795706506076949,Kunnathund_Pringla_D (Kerala)
IND683572AAA,0,1,0.0,0.0,95.0,13.0,21.0,0.0032866138294482677,Angamaly_CivilStn_D (Kerala)
IND685514AAA,3,1,0.0,0.0,830.0,9.0,60.0,0.028714626088863812,Kattappana_Palikval_D (Kerala)
IND686028AAB,3,2,0.003673588269044626,0.0,277.0,17.0,92.0,0.009583074007970212,Kottayam_Central_H_1 (Kerala)
IND686141AAA,1,0,0.0,0.0,0.0,0.0,0.0,0.0,Vaikom_KotyamRD_D (Kerala)
IND686507AAA,1,2,0.0,0.5,200.0,16.0,23.0,0.006919187009364773,Parakkdavu_KeRoad_D (Kerala)
IND686513AAA,1,2,0.0,0.5,384.0,9.0,15.0,0.013284839057980367,Mundakayam_Central_D_1 (Kerala)
IND686540AAA,2,1,7.664714719318147e-06,0.3333333333333333,35.0,2.0,596.0,0.0012108577266388353,Karukachal_MnimlaRd_D (Kerala)
IND686632AAA,1,1,0.0006137246571682602,0.0,30.0,1.0,7.0,0.001037878051404716,Kothanalloor_Majoor_D (Kerala)
IND688009AAA,1,1,6.5697554737012695e-06,0.0,2512.0,16.0,646.0,0.08690498883762156,Alappuzha_Pazhvedu_D (Kerala)
IND688524AAA,0,1,0.0,0.0,455.0,7.0,40.0,0.01574115044630486,Cherthala_Mulapali_D (Kerala)
IND689101AAA,1,2,0.0018362466548995048,0.16666666666666666,82.0,10.0,39.5,0.0028368666738395575,Tiruvalla_TKRoad_D (Kerala)
IND689503AAB,1,1,0.0006060599424489421,0.0,150.0,1.0,82.0,0.00518939025702358,Manthuka_Central_D_1 (Kerala)
IND689645AAA,1,1,0.0,0.5,333.0,15.0,22.0,0.011520446370592347,Pthnmthitt_Klskhrpt_D (Kerala)
IND689650AAA,1,1,0.0,0.5,79.0,3.0,6.0,0.0027330788686990857,Kozhenchery_Cherukole_D (Kerala)
IND690537AAA,0,1,0.0,0.0,30.0,1.0,33.0,0.001037878051404716,Kayamkulam_Bhrnikvu_D (Kerala)
IND690548AAA,2,1,0.0006164620552823024,0.16666666666666666,140.0,15.0,25.0,0.004843430906555341,Haripad_Kumrpurm_D (Kerala)
IND690573AAA,1,0,0.0,0.0,0.0,0.0,0.0,0.0,Karungaply_Mrtrklgr_D (Kerala)
IND691001AAB,2,4,0.009137434904672849,0.0,780.0,32.0,141.5,0.026984829336522614,Kollam_Central_H_1 (Kerala)
IND691305AAA,1,2,0.000624674249624429,0.16666666666666666,606.0,16.0,17.0,0.020965136638375265,Punalur_PostofJN_D (Kerala)
IND691506AAA,1,1,2.1351705289529124e-05,0.0,225.0,20.0,14.5,0.007784085385535371,Kottarakkara_Amankovl_D (Kerala)
IND691551AAA,2,1,0.0018313193382942287,0.16666666666666666,2341.0,20.0,620.5,0.08098908394461468,Adoor_Town_D (Kerala)
IND691574AAA,2,1,1.4781949815827856e-05,0.16666666666666666,246.0,21.0,17.0,0.008510600021518672,Kalluvathukal_Pariplly_D (Kerala)
IND695012AAA,5,2,0.006118632264507116,0.0,571.0,14.0,71.5,0.01975427891173643,Trivandrum_Mnanthla_H (Kerala)
IND695012AAB,0,1,0.0,0.0,118.0,3.0,271.0,0.0040823203355252165,Trivandrum_Mnanthla_D (Kerala)
IND695101AAB,2,2,0.000629601566229705,0.1,311.0,21.0,27.0,0.010759335799562222,Attingal_Central_D_2 (Kerala)
IND695121AAA,1,2,0.0003063148489613217,0.6666666666666666,192.0,18.0,31.0,0.006642419528990183,Neyatinkra_Arlumodu_D (Kerala)
IND695541AAA,2,2,0.0018362466548995048,0.2,39.0,2.0,41.5,0.0013492414668261309,Nedumangad_Arsprmbu_D (Kerala)
IND695572AAB,3,2,0.000307957287829747,0.25,144.0,14.0,19.5,0.004981814646742637,Kallikkad_Mutyvila_D (Kerala)
IND695582AAA,0,2,0.0,0.5,158.0,20.0,26.0,0.005466157737398171,Kazhakkoottam_Rdiosttn_D (Kerala)
IND695609AAA,1,1,0.0012214270384856276,0.0,107.0,3.0,16.0,0.003701765050010154,Pangodu_Central_D_1 (Kerala)
IND695614AAA,1,1,0.0006181044941507278,0.0,35.0,3.0,16.0,0.0012108577266388353,Kilimanoor_Krvnkuzy_D (Kerala)
IND700026AAC,2,2,0.0,1.0,630.0,6.0,61.5,0.02179543907949904,CCU_Lake Avenue_DPC (West Bengal)
IND700028AAB,2,1,0.0006055124628261336,0.0,1211.0,11.0,61.0,0.041895677341703706,CCU_DumDum_DPC (West Bengal)
IND700053AAA,3,4,0.005451254604303628,0.1,1551.0,16.0,81.5,0.05365829525762382,CCU_New Alipore_DPC (West Bengal)
IND700065AAA,2,2,0.0,1.0,2992.0,26.0,112.0,0.10351103766009702,CCU_Beliaghata_DPC (West Bengal)
IND700065AAB,0,1,0.0,0.0,1439.0,15.0,70.0,0.049783550532379546,CCU_Beleghta_CP (West Bengal)
IND700088AAA,1,1,0.0,0.0,578.0,9.0,253.0,0.019996450457064194,Kolkata_TrtllaRD_L (West Bengal)
IND700136AAB,1,1,0.0,1.0,127.0,1.0,187.0,0.004393683750946631,CCU_Hub (West Bengal)
IND700136AAG,0,1,0.0,0.0,1705.0,23.0,64.0,0.0589860692548347,Kolkata_Narynpur_C (West Bengal)
IND700144AAA,1,1,0.0006082498609401759,0.5,165.0,4.0,86.0,0.005708329282725938,Baruipur_Bnsibtla_D (West Bengal)
IND711303AAA,1,1,0.002446138954708106,0.5,-49.0,17.0,36.0,-0.0016952008172943696,Bagnan_Harop_D (West Bengal)
IND711409AAA,1,0,0.0,0.0,0.0,0.0,0.0,0.0,Howrah_Salap_DC (West Bengal)
IND712103AAA,2,2,0.0,1.0,1816.0,24.0,30.0,0.06282621804503215,Hoogly_Bandel_D (West Bengal)
IND712124AAA,2,2,0.0,1.0,778.0,28.0,25.0,0.02691563746642897,Hooghly_DC (West Bengal)
IND712310AAA,2,0,0.0,0.0,0.0,0.0,0.0,0.0,Kolkata_Dankuni_P (West Bengal)
IND712310AAE,5,4,0.004889540511302169,0.1323529411764706,2878.0,50.0,53.5,0.09956710106475909,Kolkata_North_I_4 (West Bengal)
IND712311AAA,24,22,0.13603145221297308,0.03225806451612903,70263.0,262.0,116.5,2.4308141841949857,Kolkata_Dankuni_HB (West Bengal)
IND712406AAA,1,2,0.0024258822086641934,0.0,175.0,4.0,3.0,0.006054288633194177,Khanakul_Ramnagar_D (West Bengal)
IND712410AAC,1,1,0.002429167086401044,0.0,171.0,6.0,22.0,0.005915904893006882,Tarkeshwar_Naraynpr_D (West Bengal)
IND712602AAA,2,2,0.001511043758951292,0.2,360.0,3.0,4.0,0.012454536616856592,Arambag_BalibDPP_D (West Bengal)
IND712612AAA,1,1,0.0003038511906586837,0.0,34.0,3.0,2.0,0.0011762617915920116,Kamarpukur_ChatiDPP_D (West Bengal)
IND713103AAA,1,1,0.0,1.0,202.0,4.0,9.0,0.006988378879458421,Bardhaman_Bankura_D (West Bengal)
IND713128AAB,1,2,0.0018198222662152515,0.16666666666666666,849.0,16.0,30.0,0.029371948854753464,Guskhara_Itachnda_D (West Bengal)
IND713130AAA,2,2,0.0008100873485488795,0.16666666666666666,1479.0,18.0,40.5,0.0511673879342525,Katwa_BSarani_D (West Bengal)
IND713145AAB,1,2,0.0018280344605573781,0.0,65.0,3.0,8.0,0.0022487357780435514,Manteswar_MemariRD_D (West Bengal)
IND713148AAA,1,1,0.0018231071439521022,0.0,1045.0,17.0,18.0,0.03615275212393094,Panagarh_Central_D_1 (West Bengal)
IND713205AAB,7,11,0.021650081683959724,0.026845637583892617,10373.0,45.0,79.0,0.358863634240704,Durgapur_Central_I_1 (West Bengal)
IND713303AAA,1,1,0.0006082498609401759,0.0,308.0,6.0,22.5,0.010655547994421751,Asansol_DC (West Bengal)
IND713364AAB,1,1,0.0006049649832033252,0.0,4595.0,12.0,63.0,0.15896832154015567,Rupnarayanpur_Salanpur_D (West Bengal)
IND721102AAA,1,1,0.0036100806327988475,0.5,7866.0,13.0,58.0,0.27213162507831656,Midnapore_Talkui_D (West Bengal)
IND721133AAA,1,1,0.0012159522422575432,0.0,209.0,2.0,18.5,0.0072305504247861885,Keshiary_MdnprDPP_D (West Bengal)
IND721134AAB,1,2,0.0018384365733907385,0.16666666666666666,291.0,17.0,24.0,0.010067417098625745,Kolaghat_Central_DPP_2 (West Bengal)
IND721139AAC,2,2,0.0012258068754680952,0.2,282.0,3.0,38.0,0.00975605368320433,Panskura_Central_D_3 (West Bengal)
IND721212AAA,0,1,0.0,0.0,1111.0,10.0,19.5,0.038436083837021316,Ghatal_KrshDPP_D (West Bengal)
IND721253AAC,2,2,0.0006082498609401759,0.5,749.0,12.0,48.0,0.025912355350071074,ChandroknaRD_Central_DPP_3 (West Bengal)
IND721306AAA,4,4,0.00726395963542237,0.09259259259259259,1219.0,21.0,33.0,0.0421724448220783,Kharagpur_DC (West Bengal)
IND721401AAA,1,1,0.001209382486783842,0.0,151.0,2.0,33.0,0.005223986192070404,Contai_Kanakpur_D (West Bengal)
IND721434AAB,1,1,0.0012126673645206927,0.0,147.0,2.0,21.0,0.005085602451883109,Manglamaro_Bypassrd_D (West Bengal)
IND721501AAC,1,2,0.0,1.0,605.0,7.0,7.0,0.02093054070332844,AmaDubi_Bulabeda_D (West Bengal)
IND721507AAA,1,0,0.0,0.0,0.0,0.0,0.0,0.0,Jhargram_UBamdDPP_D (West Bengal)
IND721602AAB,2,1,5.474796228084391e-07,0.5,273.0,4.0,16.0,0.009444690267782916,Haldia_Central_D_2 (West Bengal)
IND721636AAB,1,1,0.0,1.0,27.0,3.0,20.0,0.0009340902462642444,Tamluk_Central_DPP_2 (West Bengal)
IND722101AAA,1,1,0.0,1.0,153.0,8.0,7.0,0.0052931780621640525,Bankura_KeranDPP_D (West Bengal)
IND722101AAB,1,1,0.0,0.0,25.0,1.0,8.0,0.0008648983761705966,Bankura_NapitDPP_D (West Bengal)
IND722101AAC,2,0,0.0,1.0,0.0,0.0,0.0,0.0,Bankura_BhowmDPP_D (West Bengal)
IND722122AAA,2,1,0.0006049649832033252,0.5,592.0,8.0,19.0,0.02048079354771973,Bishnupur_StnRdDPP_D (West Bengal)
IND722140AAA,1,2,0.0012126673645206927,0.3333333333333333,1279.0,10.0,24.0,0.04424820092488773,Khatra_KoralDPP_D (West Bengal)
IND722143AAB,1,1,0.0,0.5,252.0,10.0,33.5,0.008718175631799614,Mejia_Central_D_1 (West Bengal)
IND722151AAA,1,1,0.0,0.5,6881.0,8.0,24.0,0.23805462905719504,Simlapal_Central_D_1 (West Bengal)
IND722154AAA,2,2,0.0006049649832033252,0.2,388.0,2.0,195.5,0.01342322279816766,MirzapurWB_VidyaDPP_D (West Bengal)
IND722202AAA,1,2,0.0,0.5,89.0,5.0,6.0,0.003079038219167324,Barjora_Central_DPP_1 (West Bengal)
IND723101AAA,1,1,0.004223257810344299,0.0,544.0,14.0,22.0,0.018820188665472186,Purulia_GariDPP_D (West Bengal)
IND723130AAA,4,2,0.006051292270901678,0.1,1128.0,21.0,27.0,0.03902421473281732,Hura_Central_D_1 (West Bengal)
IND723131AAA,1,1,0.0012159522422575432,0.5,149.0,12.0,19.5,0.005154794321976756,Manbazar_Central_DPP_1 (West Bengal)
IND723133AAA,2,1,0.0006049649832033252,0.3333333333333333,301.0,13.0,13.0,0.010413376449093984,Rghunthpur_barkarRd_D (West Bengal)
IND723202AAA,1,1,0.0042199729326074485,0.0,2538.0,14.0,34.5,0.08780448314883897,Jhalda_GMukrDPP_D (West Bengal)
IND731204AAB,1,1,0.0,0.5,361.0,13.0,30.0,0.012489132551903417,Bolpur_WebelDPP_D (West Bengal)
IND731224AAA,1,1,0.002426429688287002,0.0,411.0,11.0,23.0,0.01421892930424461,Rampurhat_SrifoDPP_D (West Bengal)
IND731237AAB,2,1,0.0024297145660238527,0.0,677.0,15.0,20.0,0.023421448026699758,Morgram_Kntgorya_D (West Bengal)
IND731301AAA,2,1,0.0018132525107415502,0.16666666666666666,1490.0,19.0,24.0,0.051547943219767564,Nanoor_Central_DPP_1 (West Bengal)
IND732103AAA,2,1,0.002438474239988788,0.16666666666666666,137.0,2.0,29.0,0.00473964310141487,Malda_krshnPly_DC (West Bengal)
IND732103AAB,4,3,0.0049158195331969745,0.047619047619047616,999.0,15.0,40.0,0.03456133911177704,Malda_Central_I_3 (West Bengal)
IND732123AAC,3,1,0.0006142721367910686,0.4,6.0,1.0,27.0,0.00020757561028094323,Chanchal_BargaDPP_D (West Bengal)
IND732138AAA,1,3,0.001835151695653888,0.16666666666666666,361.0,7.0,5.0,0.012489132551903417,Bamangola_Central_D_1 (West Bengal)
IND732139AAA,2,2,9.854633210551903e-06,0.4,202.0,2.0,40.5,0.006988378879458421,Samsi_RatuaDPP_D (West Bengal)
IND732202AAA,1,1,0.0006153670960366856,0.0,309.0,11.0,25.0,0.010690143929468574,Manikchak_Enayetpr_D (West Bengal)
IND732204AAB,1,2,3.832357359659074e-06,0.3333333333333333,-24.0,8.0,41.5,-0.0008303024411237729,Paranpur_Nijgan_D (West Bengal)
IND733102AAA,2,1,1.4781949815827856e-05,0.16666666666666666,166.0,1.0,59.0,0.005742925217772762,Balurghat_AkhirDPP_D (West Bengal)
IND733124AAA,1,0,0.0,0.0,0.0,0.0,0.0,0.0,Gangarmpur_KhdimDPP_D (West Bengal)
IND733128AAA,1,2,0.0018444588492416312,0.16666666666666666,225.0,7.0,34.0,0.007784085385535371,Itahar_NatunDPP_D (West Bengal)
IND733129AAA,1,1,9.854633210551903e-06,0.0,519.0,4.0,35.5,0.017955290289301585,Kaliyaganj_FatprDPP_D (West Bengal)
IND733129AAB,2,1,0.0006213893718875783,0.16666666666666666,101.0,5.0,11.0,0.0034941894397292105,Kaliyaganj_Central_DPP_1 (West Bengal)
IND733134AAA,1,1,0.0,0.5,33.0,3.0,39.0,0.0011416658565451877,Raiganj_SubrtDPP_D (West Bengal)
IND733140AAA,1,2,5.474796228084391e-07,0.3333333333333333,304.0,10.0,13.0,0.010517164254234455,Gangarampr_FulbaDPP_D (West Bengal)
IND733201AAA,0,1,0.0,0.0,42.0,1.0,15.0,0.0014530292719666024,Dalkhola_DltprDPP_D (West Bengal)
IND733202AAB,1,1,0.0,0.0,10.0,1.0,19.0,0.0003459593504682387,Islampure_ShbdnDPP_D (West Bengal)
IND733202AAC,0,1,0.0,0.0,30.0,1.0,22.0,0.001037878051404716,Islampure_Central_DPP_2 (West Bengal)
IND733210AAA,2,0,0.0,0.0,0.0,0.0,0.0,0.0,Lodhan_GoalpDPP_D (West Bengal)
IND734203AAA,1,0,0.0,0.0,0.0,0.0,0.0,0.0,Kurseong_ABPath_D (West Bengal)
IND734214AAB,0,1,0.0,0.0,235.0,3.0,14.0,0.008130044736003608,Mirik_WardNo3_D (West Bengal)
IND735224AAA,0,1,0.0,0.0,216.0,8.0,8.0,0.007472721970113955,Mainaguri_MilpaDPP_D (West Bengal)
IND736101AAA,1,0,0.0,0.0,0.0,0.0,0.0,0.0,CoochBehar_Psthrjhr_D (West Bengal)
IND736135AAA,1,2,0.0,0.0,434.0,11.0,18.0,0.01501463581032156,Dinhata_WrdN4DPP_D (West Bengal)
IND736146AAA,1,1,0.0,0.0,321.0,8.0,40.5,0.011105295150030461,Mathabhang_Pshimpra_D (West Bengal)
IND736165AAA,1,0,0.0,0.0,0.0,0.0,0.0,0.0,Pundibari_StatonRD_D (West Bengal)
IND741101AAB,1,1,0.0006098922998086011,0.0,20.0,1.0,24.0,0.0006919187009364774,Krishnanagar_AnadiDPP_D (West Bengal)
IND741121AAA,0,1,0.0,0.0,34.0,1.0,12.0,0.0011762617915920116,Badkulla_Central_DPP_1 (West Bengal)
IND741123AAB,2,1,0.00040531741408584394,0.3333333333333333,859.0,18.0,23.5,0.029717908205221702,Chapra_NagarDPP_D (West Bengal)
IND741126AAB,2,1,0.001816537388478401,0.16666666666666666,556.0,20.0,23.5,0.01923533988603407,Nakashipara_MaxDPP_D (West Bengal)
IND741156AAA,1,2,0.0018132525107415502,0.0,1521.0,21.0,45.0,0.05262041720621911,Plassey_BtaiRoad_D (West Bengal)
IND741165AAB,1,1,0.0006055124628261336,0.0,248.0,15.0,29.0,0.00857979189161232,Nazirpur_Central_D_1 (West Bengal)
IND741201AAC,1,1,0.0006060599424489421,0.0,3233.0,4.0,66.0,0.11184865800638157,Ranaghat_ArickDPP_D (West Bengal)
IND741316AAA,1,0,0.0,0.0,0.0,0.0,0.0,0.0,Nabadwip_Srirmpur_D (West Bengal)
IND741502AAB,1,0,0.0,0.0,0.0,0.0,0.0,0.0,Hanskhali_Central_D_1 (West Bengal)
IND742101AAC,6,6,0.013742650998529778,0.03076923076923077,3335.0,26.0,94.5,0.1153774433811576,Baharampur_Chuanpur_I (West Bengal)
IND742102AAB,5,5,0.008497613718817366,0.011363636363636364,3847.0,41.0,60.0,0.1330905621251314,Berhampore_Central_I_2 (West Bengal)
IND742121AAA,1,2,1.6424388684253174e-06,0.3333333333333333,1287.0,18.0,27.5,0.04452496840526232,Nowda_AmtlaDPP_D (West Bengal)
IND742121AAB,2,2,0.0018184535671582304,0.16666666666666666,558.0,17.0,31.0,0.01930453175612772,Nowda_ArhamDPP_D (West Bengal)
IND742137AAA,1,1,0.002419859932813301,0.0,258.0,6.0,9.5,0.008925751242080558,Kandi_DohalDPP_D (West Bengal)
IND742147AAA,1,1,0.002423144810550151,0.0,47.0,3.0,7.0,0.001626008947200722,Khargram_BoiDPP_D (West Bengal)
IND742148AAA,1,1,0.0,0.5,665.0,16.0,22.0,0.023006296806137874,Lalgola_KrsprDPP_D (West Bengal)
IND742149AAA,0,2,0.0,0.5,680.0,15.0,43.0,0.02352523583184023,Murshidabad_Sirjudol_D (West Bengal)
IND742202AAA,1,2,0.0030439867028149215,0.3333333333333333,819.0,3.0,50.0,0.02833407080334875,Dhulian_RatanDPP_D (West Bengal)
IND742223AAA,1,1,0.0018198222662152515,0.0,538.0,17.0,36.0,0.01861261305519124,Jangipur_Central_D_1 (West Bengal)
IND742225AAA,2,1,0.0012143098033891178,0.16666666666666666,505.0,16.0,20.0,0.017470947198646055,Ragunthgnj_GopalDPP_D (West Bengal)
IND742226AAA,1,2,0.0024242397697957683,0.0,834.0,19.0,43.0,0.028853009829051104,Sagardighi_UtBzrDPP_D (West Bengal)
IND742303AAB,2,1,0.0006087973405629843,0.0,1389.0,18.0,42.0,0.04805375378003836,Domkal_Central_D_2 (West Bengal)
IND742401AAA,1,2,0.00241657505507645,0.0,2542.0,17.0,51.0,0.08794286688902628,Ghanashyampur_NditaDPP_D (West Bengal)
IND743235AAA,1,1,0.0006082498609401759,0.5,121.0,6.0,29.5,0.0041861081406656874,Bongaon_SukntDPP_D (West Bengal)
IND743270AAA,1,1,0.0006049649832033252,0.5,5299.0,5.0,42.0,0.1833238598131197,Helencha_ColnyDPP_D (West Bengal)
IND743347AAA,1,1,0.0006049649832033252,0.5,998.0,6.0,43.0,0.03452674317673022,Kakdwip_KlngrDPP_D (West Bengal)
IND743395AAA,1,1,0.0006049649832033252,0.5,624.0,4.0,150.5,0.021587863469218094,Jaynagar_MjlprDPP_D (West Bengal)
IND743513AAA,1,1,0.0006082498609401759,0.5,523.0,12.0,27.0,0.018093674029488884,Fatepur_NH117_D (West Bengal)
IND751002AAB,13,6,0.03239071990067926,0.08333333333333333,35381.0,79.0,113.0,1.2240387778916753,Bhubaneshwar_Hub (Orissa)
IND751014AAA,0,1,0.0,0.0,143.0,5.0,39.0,0.004947218711695813,Bhubaneswar_BjbNgr_DC (Orissa)
IND751015AAA,0,4,0.0,0.4166666666666667,218.0,13.0,34.0,0.007541913840207603,Bhubaneshwar_Nayapalli (Orissa)
IND751021AAA,0,1,0.0,0.0,22.0,1.0,542.0,0.0007611105710301252,Bhubaneswar_Patia (Orissa)
IND752030AAA,0,1,0.0,0.0,15.0,1.0,7.0,0.000518939025702358,Balugaon_Thikiri_D (Orissa)
IND752050AAA,2,2,5.474796228084391e-07,0.4166666666666667,56.0,3.0,16.0,0.0019373723626221365,Khurdha_JatniDPP_D (Orissa)
IND752055AAA,1,2,0.0,0.5,24.0,2.0,22.5,0.0008303024411237729,Khurdha_MunplDPP_D (Orissa)
IND752056AAA,2,1,0.0,0.5,17.0,1.0,6.0,0.0005881308957960058,Khurdha_MdhsnDPP_D (Orissa)
IND754022AAA,2,1,0.0012099299664066507,0.16666666666666666,128.0,2.0,14.0,0.004428279685993455,Tangi_SriDPP_D (Orissa)
IND754103AAA,1,1,0.0018214647050836768,0.0,64.0,1.0,38.0,0.0022141398429967275,Jagatsghpr_Markndpr_D (Orissa)
IND754142AAA,2,1,0.0024242397697957683,0.0,101.0,2.0,29.5,0.0034941894397292105,Paradip_Udyabata_D (Orissa)
IND754160AAA,0,1,0.0,0.0,28.0,1.0,30.0,0.0009686861813110682,Tirtol_Central_D_2 (Orissa)
IND754202AAA,1,1,0.0024176700143220676,0.0,70.0,1.0,33.0,0.0024217154532776707,Cuttack_SliprDPP_DC (Orissa)
IND754211AAA,1,1,0.0024209548920589175,0.0,53.0,1.0,6.0,0.001833584557481665,Kendrpara_Kapleswr_D (Orissa)
IND756019AAA,3,5,0.009049838165023498,0.09259259259259259,324.0,12.0,738.0,0.011209082955170932,Balasore_Ganeshwr_D (Orissa)
IND756029AAA,1,1,0.003306776921762972,0.0,122.0,1.0,466.0,0.004220704075712511,Basta_Central_DPP_1 (Orissa)
IND756032AAA,1,1,0.003306776921762972,0.0,2320.0,9.0,88.0,0.08026256930863138,Jaleswar_NaturDPP_D (Orissa)
IND756045AAB,1,1,0.00663271563032424,0.0,11.0,1.0,22.0,0.0003805552855150626,Soro_UttarDPP_D (Orissa)
IND756100AAC,3,4,0.009066262553707752,0.2631578947368421,4367.0,19.0,72.0,0.15108044834947984,Bhadrak_Central_I_2 (Orissa)
IND757001AAA,3,1,0.0006049649832033252,0.5,80.0,2.0,14.5,0.0027676748037459096,Baripada_KalikDPP_D (Orissa)
IND757024AAA,0,1,0.0,0.0,104.0,1.0,17.0,0.0035979772448696827,Sankerko_AmbkaDPP_D (Orissa)
IND757025AAA,1,1,0.0,0.5,135.0,6.0,19.5,0.0046704512313212225,Betnoti_MhliaDPP_D (Orissa)
IND757037AAA,3,2,0.0012088350071610336,0.625,2773.0,13.0,184.0,0.0959345278848426,Karanjia_Sarubali_D (Orissa)
IND757041AAA,2,2,0.001209382486783842,0.5,483.0,5.0,274.0,0.01670983662761593,Udala_NagplDPP_D (Orissa)
IND758001AAA,4,2,0.001213214844143501,0.3076923076923077,276.0,6.0,25.5,0.009548478072923387,Kendujhar_Sirjudin_D (Orissa)
IND758034AAA,1,3,0.0,0.8,414.0,4.0,24.5,0.014322717109385081,Joda_Central_D_1 (Orissa)
IND758035AAA,1,1,0.0,0.0,35.0,1.0,14.0,0.0012108577266388353,Barbil_PunjbiPd_D (Orissa)
IND759122AAC,1,1,0.0,0.0,106.0,1.0,121.0,0.00366716911496333,Angul_Central_I_2 (Orissa)
IND760003AAB,1,2,0.0012164997218803517,0.16666666666666666,153.0,2.0,318.0,0.0052931780621640525,Berhampur_Khajuria_I (Orissa)
IND761020AAA,1,0,0.0,0.0,0.0,0.0,0.0,0.0,Berhampur_Chatrpr_DC (Orissa)
IND761200AAA,2,1,0.0006041437637691125,0.5,724.0,12.0,7.5,0.025047456973900484,Paralakhemundi_Ward14_D (Orissa)
IND762001AAA,1,1,0.0,0.0,241.0,1.0,84.0,0.008337620346284552,Phulbani_Krusphrma_D (Orissa)
IND764001AAC,2,1,0.0024269771679098105,0.16666666666666666,399.0,7.0,13.0,0.013803778083682723,Jeypore_Kelasahi_D (Orissa)
IND764020AAC,1,1,0.0,0.5,15.0,1.0,7.0,0.000518939025702358,Koraput_GhtimDPP_D (Orissa)
IND764059AAA,1,1,0.0024236922901729597,0.0,24.0,3.0,18.0,0.0008303024411237729,Nabarangpr_PhdofDPP_D (Orissa)
IND764071AAB,1,2,0.0024204074124361094,0.0,2753.0,4.0,19.5,0.09524260918390612,Pappadahandi_Central_DPP_2 (Orissa)
IND764073AAA,1,0,0.0,0.0,0.0,0.0,0.0,0.0,Umerkote_Central_DPP_1 (Orissa)
IND767001AAA,3,2,0.0,0.0,240.0,4.0,41.0,0.008303024411237729,Balangir_Rjndpara_D (Orissa)
IND767017AAA,2,2,0.0,0.0,224.0,3.0,614.0,0.007749489450488546,Sonepur_BrezeDPP_D (Orissa)
IND768004AAD,1,2,0.0,0.0,165.0,3.0,148.0,0.005708329282725938,Sambalpur_Central_H_2 (Orissa)
IND768028AAA,1,1,0.0,0.0,-26.0,1.0,11.0,-0.0008994943112174207,Bargarh_JJCpxDPP_D (Orissa)
IND768028AAB,1,1,0.0,0.0,-3.0,1.0,4.0,-0.00010378780514047161,Bargarh_GurpdDPP_D (Orissa)
IND768201AAA,0,1,0.0,0.0,100.0,1.0,22.0,0.0034595935046823865,Jharsuguda_MbRoad_D (Orissa)
IND768216AAA,0,1,0.0,0.0,235.0,5.0,7.0,0.008130044736003608,Brajrajnagar_LamtiDPP_D (Orissa)
IND770001AAA,2,1,0.0,0.0,204.0,6.0,18.0,0.007057570749552069,Sundargarh_DiyoDPP_D (Orissa)
IND770017AAB,1,0,0.0,0.0,0.0,0.0,0.0,0.0,Rajgangpur_Central_D_2 (Orissa)
IND781001AAA,0,1,0.0,0.0,443.0,10.0,43.5,0.015325999225742975,Guwahati_UzanBazr_DC (Assam)
IND781003AAA,1,1,0.0,0.0,219.0,3.0,37.0,0.007576509775254428,Guwahati_Chandmari (Assam)
IND781005AAA,1,1,0.0,0.0,246.0,10.0,51.5,0.008510600021518672,Guwahati_North (Assam)
IND781014AAA,0,2,0.0,0.0,351.0,12.0,40.0,0.012143173201435178,Guwahati_Jalukbari (Assam)
IND781018AAA,0,1,0.0,0.0,4.0,2.0,1367.5,0.00013838374018729547,Guwahati_East (Assam)
IND781018AAB,17,15,0.06683329659104931,0.011293634496919919,53818.0,90.0,168.0,1.861884032349967,Guwahati_Hub (Assam)
IND781022AAA,1,1,0.0,0.0,195.0,12.0,45.5,0.006746207334130653,Guwahati_Sixmile (Assam)
IND781102AAA,2,1,0.0003027562314130668,0.0,239.0,2.0,571.5,0.008268428476190906,Hajo_Sardala_D (Assam)
IND781124AAA,1,1,0.0003027562314130668,0.0,761.0,6.0,26.0,0.026327506570632965,Chhaygaon_GwhRDDPP_D (Assam)
IND781335AAA,1,1,0.004845194661854686,0.0,170.0,4.0,26.0,0.005881308957960058,Nalbari_Bhgtpura_D (Assam)
IND781354AAA,1,1,0.0048484795395915365,0.0,64.0,2.0,6.5,0.0022141398429967275,Rangia_HosptlRd_D (Assam)
IND783129AAA,1,1,0.005431545337882524,0.0,105.0,1.0,31.0,0.0036325731799165062,Lakhipur_WrdN4DPP_D (Assam)
IND783301AAA,2,1,0.005438115093356226,0.0,389.0,11.0,41.0,0.013457818733214486,Dhubri_Tetultol_D (Assam)
IND783348AAA,1,1,0.005434830215619375,0.0,814.0,10.0,23.0,0.02816109112811463,Bilasipara_Wardno5_D (Assam)
IND783370AAB,0,1,0.0,0.0,106.0,2.0,40.0,0.00366716911496333,Kokrajhar_HplrdDPP_D (Assam)
IND783370AAC,1,1,0.004835340028644134,0.0,698.0,8.0,26.0,0.02414796266268306,Kokrajhar_PigonDPP_D (Assam)
IND784001AAA,3,4,0.0021255896355537648,0.09523809523809523,787.0,6.0,70.0,0.027227000881850382,Tezpur_Mhbhirab_D (Assam)
IND784101AAA,1,1,0.0,0.5,9.0,1.0,47.0,0.0003113634154214148,Balipara_EragnDPP_D (Assam)
IND784110AAA,1,2,0.0006049649832033252,0.3333333333333333,333.0,3.0,8.0,0.011520446370592347,Dhekiajuli_Wardno5_D (Assam)
IND784125AAA,1,1,0.0006082498609401759,0.5,237.0,3.0,38.0,0.008199236606097258,Mangaldoi_LNBRoad_D (Assam)
IND784168AAB,3,2,0.006349942405143681,0.15,485.0,8.0,32.0,0.016779028497709576,Gohpur_Central_D_1 (Assam)
IND784176AAA,1,1,0.006040890158068317,0.5,1009.0,4.0,78.5,0.03490729846224528,Bishwanath_ChrliDPP_D (Assam)
IND785001AAA,5,3,0.013235867361016824,0.057692307692307696,919.0,15.0,45.0,0.031793664308031135,Jorhat_RicMilRd_D (Assam)
IND785112AAC,1,2,0.0006082498609401759,0.5,677.0,4.0,92.0,0.023421448026699758,Teok_Wardno3_D (Assam)
IND785612AAB,2,2,0.011955312523267885,0.2,215.0,2.0,35.5,0.007438126035067131,Bokakhat_MlnprDPP_D (Assam)
IND785621AAA,2,1,3.2027557934293686e-05,0.5,85.0,3.0,42.0,0.002940654478980029,Golaghat_BaruaRd_D (Assam)
IND785634AAA,1,1,0.0,1.0,1415.0,3.0,364.0,0.04895324809125577,Mariani_Mainroad_D (Assam)
IND785675AAA,1,1,0.01136074965289792,0.0,144.0,1.0,39.0,0.004981814646742637,Moranhat_TiloiDPP_D (Assam)
IND785682AAA,2,2,0.012012250404039962,0.0,900.0,12.0,44.5,0.031136341542141482,Sivasagar_Babupaty_D (Assam)
IND785690AAB,1,1,0.0,0.0,2045.0,16.0,35.5,0.0707486871707548,Sonari_Central_DPP_1 (Assam)
IND786001AAB,6,7,0.018048213245503004,0.06493506493506493,2375.0,42.0,82.5,0.08216534573620668,Dibrugarh_Bokule_H (Assam)
IND786125AAA,2,1,0.0,0.6666666666666666,238.0,7.0,14.0,0.008233832541144081,Tinusukia_Chrwpaty_D (Assam)
IND786171AAA,1,1,0.0018214647050836768,0.5,137.0,11.0,14.0,0.00473964310141487,Digboi_JyotiNgr_D (Assam)
IND786181AAC,3,3,0.0030292047529990934,0.038461538461538464,4103.0,34.0,26.0,0.14194712149711833,Margherita_CivilHPL_D (Assam)
IND786184AAA,1,2,0.0,0.6666666666666666,192.0,7.0,18.0,0.006642419528990183,Chabua_CollgeRD_D (Assam)
IND786190AAA,3,2,0.001209382486783842,0.3888888888888889,426.0,10.0,10.0,0.014737868329946967,DoomDooma_Pthrgoan_D (Assam)
IND786602AAA,1,0,0.0,0.0,0.0,0.0,0.0,0.0,Duliajan_StatonRd_D (Assam)
IND787001AAA,2,1,0.0012154047626347349,0.0,671.0,8.0,32.0,0.023213872416418816,LakhimpurN_SashPhkn_D (Assam)
IND787057AAA,1,1,0.0018214647050836768,0.0,316.0,10.0,40.0,0.010932315474796343,Dhemaji_WardNo3_D (Assam)
IND787059AAB,1,1,0.002426429688287002,0.0,122.0,1.0,35.0,0.004220704075712511,Silapathar_Hejunagr_D (Assam)
IND788026AAC,4,4,0.007264507115045178,0.09259259259259259,7165.0,34.0,217.5,0.247879874610493,Silchar_Sirikona_H (Assam)
IND788121AAA,1,1,0.0006082498609401759,0.5,377.0,3.0,11.0,0.013042667512652598,Kabuganj_Jantaclg_D (Assam)
IND788151AAA,1,2,0.0012154047626347349,0.6666666666666666,730.0,13.0,47.0,0.025255032584181422,Hailakandi_kalibari_D (Assam)
IND788713AAA,2,2,0.0003022087517902584,0.5,608.0,11.0,50.0,0.02103432850846891,Karimganj_Alngjuri_D (Assam)
IND788806AAA,2,2,0.0003022087517902584,0.5,580.0,10.0,100.0,0.020065642327157844,Badarpur_Konapara_D (Assam)
IND790001AAB,0,1,0.0,0.0,726.0,1.0,63.0,0.025116648843994126,Bomdila_CTRoad_D (Arunachal Pradesh)
IND790114AAA,2,0,0.0,0.5,0.0,0.0,0.0,0.0,Bhalukpong_Khenewa_D (Arunachal Pradesh)
IND791102AAA,2,1,0.0036363596546936526,0.0,368.0,1.0,63.0,0.012731304097231182,Pasighat_MissonRd_D (Arunachal Pradesh)
IND791109AAA,0,1,0.0,0.0,85.0,1.0,44.0,0.002940654478980029,Nirjuli_BageDPP_D (Arunachal Pradesh)
IND791110AAA,0,1,0.0,0.0,86.0,1.0,37.0,0.0029752504140268523,Naharlagun_JmpuCntr_D (Arunachal Pradesh)
IND791111AAC,2,0,0.0,0.5,0.0,0.0,0.0,0.0,Itanagar_WageDPP_D (Arunachal Pradesh)
IND791125AAB,0,1,0.0,0.0,324.0,4.0,25.5,0.011209082955170932,Likabali_ZoomCDPP_D (Arunachal Pradesh)
IND792001AAA,1,2,0.0012126673645206927,0.3333333333333333,211.0,3.0,18.0,0.0072997422948798355,Tezu_Farmnala_D (Arunachal Pradesh)
IND792103AAB,2,1,0.0012159522422575432,0.5,-321.0,11.0,18.0,-0.011105295150030461,Namsai_HelipadRD_D (Arunachal Pradesh)
IND792110AAA,1,1,0.0,0.5,305.0,2.0,18.5,0.01055176018928128,Roing_DibngVly_D (Arunachal Pradesh)
IND792120AAB,1,1,0.0,0.0,196.0,3.0,19.0,0.006780803269177478,Changlang_Central_D_1 (Arunachal Pradesh)
IND792121AAB,1,1,0.0,0.0,6132.0,11.0,14.0,0.21214227370712396,Jairampur_Mdiclcly_D (Arunachal Pradesh)
IND792130AAB,0,1,0.0,0.0,1687.0,10.0,38.5,0.05836334242399187,Khonsa_Central_D_1 (Arunachal Pradesh)
IND793001AAA,1,2,0.0006082498609401759,0.5,427.0,3.0,39.0,0.014772464264993792,Shillong (Meghalaya)
IND793150AAA,1,1,0.0,1.0,129.0,1.0,68.0,0.004462875621040279,Jowai_Ldthlabh_D (Meghalaya)
IND794101AAA,1,1,0.005428260460145673,0.0,2024.0,9.0,147.0,0.0700221725347715,Tura_Sracmplx_D (Meghalaya)
IND796009AAA,1,1,0.0,0.0,2159.0,4.0,259.0,0.07469262376609273,Aizawl_HunthrVg_I (Mizoram)
IND796081AAA,1,1,0.0006049649832033252,0.5,118.0,1.0,807.0,0.0040823203355252165,Kolasib_Diakkawn_D (Mizoram)
IND796321AAB,1,1,0.0,0.0,2633.0,3.0,56.0,0.09109109697828724,Champhai_AwmpiVng_D (Mizoram)
IND798601AAA,1,1,0.0,0.0,2072.0,5.0,290.0,0.07168277741701906,Mokokchung_Central_D_1 (Nagaland)
IND799008AAA,1,0,0.0,0.0,0.0,0.0,0.0,0.0,Agartala_Chmpmura_I (Tripura)
IND799250AAA,1,1,0.0006093448201857927,0.0,214.0,1.0,22.0,0.007403530100020308,Dharmanagr_Ranakant_D (Tripura)
IND801103AAA,0,1,0.0,0.0,349.0,11.0,53.0,0.01207398133134153,Bihta_ShivNgar_D (Bihar)
IND802101AAA,1,2,0.0012159522422575432,0.3333333333333333,443.0,15.0,31.0,0.015325999225742975,Buxar_Sarswati_D (Bihar)
IND802119AAA,1,1,0.0,0.5,517.0,16.0,31.5,0.01788609841920794,Dumraon_Nishangr_D (Bihar)
IND802158AAB,2,1,0.001209382486783842,0.3333333333333333,1140.0,11.0,25.0,0.03943936595337921,Jagdishpur_Wardno13_D (Bihar)
IND802212AAA,1,1,0.001209382486783842,0.0,5677.0,7.0,69.0,0.19640112326081907,Bikramgang_Dehrird_D (Bihar)
IND802213AAB,1,1,0.0012126673645206927,0.0,218.0,5.0,4.0,0.007541913840207603,Dinara_Wardno7_D (Bihar)
IND802301AAA,1,1,0.0,0.0,570.0,10.0,24.5,0.019719682976689606,Arrah_Katira_D (Bihar)
IND803101AAA,1,1,0.0,0.0,270.0,9.0,49.0,0.009340902462642445,BiharSarif_Soghra_D (Bihar)
IND803108AAB,1,0,0.0,0.0,0.0,0.0,0.0,0.0,Chandi_SH78_D (Bihar)
IND803116AAA,1,1,0.0,0.0,579.0,13.0,19.0,0.02003104639211102,Rajgir_PnditNGR_D (Bihar)
IND803212AAB,2,0,0.0,0.0,0.0,0.0,0.0,0.0,Bakhtiarpur_BypassRD_D (Bihar)
IND803213AAA,0,2,0.0,0.0,373.0,5.0,24.0,0.012904283772465303,Barh_Malahi_D (Bihar)
IND804401AAA,1,0,0.0,0.0,0.0,0.0,0.0,0.0,Arwal_Rozapar_D (Bihar)
IND804420AAA,1,1,0.0,0.0,913.0,11.0,44.0,0.03158608869775019,Jehanabad_Madarpur_D (Bihar)
IND804452AAA,0,1,0.0,0.0,152.0,6.0,18.5,0.005258582127117228,Masaurhi_Blockrd_D (Bihar)
IND805110AAD,1,1,0.0,0.0,267.0,9.0,32.0,0.009237114657501972,Nawada_Central_DPP_2 (Bihar)
IND811105AAA,1,1,0.0,0.0,166.0,2.0,37.0,0.005742925217772762,Sheikhpura_Bgwtichk_D (Bihar)
IND811201AAB,2,2,0.0,0.0,230.0,4.0,46.5,0.00795706506076949,Munger_Kaura_D (Bihar)
IND811213AAA,2,2,0.0,0.0,74.0,3.0,31.0,0.0025600991934649664,KharagpurBR_Central_DPP_1 (Bihar)
IND811307AAA,0,2,0.0,0.0,90.0,2.0,44.5,0.003113634154214148,Jamui_Mehsouri_D (Bihar)
IND811399AAA,1,2,0.0003979890082776824,0.5,4386.0,50.0,150.5,0.15173777111536949,Noida_Sector02_C (Uttar Pradesh)
IND812002AAA,1,1,0.0,0.0,1426.0,18.0,61.5,0.04933380337677083,Bhagalpur_Pbroad_DC (Bihar)
IND813102AAA,0,2,0.0,0.0,936.0,18.0,32.0,0.03238179520382714,Banka_Wardno6_D (Bihar)
IND813203AAA,2,0,0.0,0.0,0.0,0.0,0.0,0.0,Kahalgaon_NdiaTola_D (Bihar)
IND813213AAA,2,0,0.0,0.0,0.0,0.0,0.0,0.0,Sultanganj_Wardno3_D (Bihar)
IND814101AAB,1,1,0.0012126673645206927,0.0,488.0,11.0,25.0,0.016882816302850046,Dumka_Dudhani_D (Jharkhand)
IND814112AAA,3,2,0.0011136647993961483,0.3,772.0,9.0,46.0,0.026708061856148026,Deoghar_Barmasia_D (Jharkhand)
IND814133AAA,1,1,0.00045372373740249394,0.0,92.0,1.0,41.0,0.0031828260243077955,Godda_PushPlza_D (Jharkhand)
IND814133AAB,3,1,0.0007578486678725818,0.25,1262.0,13.0,37.0,0.04366007002909172,Godda_Central_D_2 (Jharkhand)
IND815301AAA,1,3,0.00035389995284375634,0.5,726.0,8.0,40.5,0.025116648843994126,Giridih_Shivalya_D (Jharkhand)
IND815351AAA,1,1,0.0012159522422575432,0.0,111.0,12.0,22.0,0.003840148790197449,Jamtara_D (Jharkhand)
IND815353AAA,2,3,0.0009566750175558449,0.3888888888888889,699.0,11.0,47.0,0.024182558597729883,Madhupur_Sitarmrd_D (Jharkhand)
IND816107AAA,1,1,0.0012093824867838421,0.0,1390.0,8.0,33.5,0.048088349715085174,Pakur_Hatpada_D (Jharkhand)
IND816109AAA,2,1,0.0018137999903643592,0.0,2670.0,10.0,53.5,0.09237114657501973,Sahebganj_BaraLoha_D (Jharkhand)
IND821109AAA,1,1,0.0012159522422575432,0.0,1545.0,11.0,31.0,0.05345071964734288,Mohania_Bhabua_D (Bihar)
IND821115AAB,6,5,0.013798105470228706,0.10377358490566038,9850.0,32.0,40.5,0.3407699602112151,Sasaram_Central_I_2 (Bihar)
IND821307AAA,1,1,0.0,0.0,151.0,8.0,45.0,0.005223986192070404,DehriSone_Dilliyan_D (Bihar)
IND824101AAA,2,2,0.001213214844143501,0.0,345.0,11.0,37.0,0.011935597591154234,AurngbadBR_Mahindra_D (Bihar)
IND825102AAA,1,1,0.0,0.5,83.0,3.0,88.0,0.002871462608886381,Phusro_RhmgjDPP_D (Jharkhand)
IND825301AAA,1,1,0.0012126673645206927,0.0,958.0,14.0,64.0,0.03314290577485726,Hazaribag_BodomBzr_DC (Jharkhand)
IND825409AAA,1,1,0.0012093824867838421,0.0,10188.0,14.0,58.5,0.3524633862570416,JhumriTlya_RadhaCpx_D (Jharkhand)
IND826001AAC,0,1,0.0,0.0,28.0,2.0,46.0,0.0009686861813110682,Dhanbad_Central_D_4 (Jharkhand)
IND826004AAA,7,9,0.015452740099013523,0.03418803418803419,3828.0,37.0,66.0,0.13243323935924176,Dhanbad_Kalynpur_I (Jharkhand)
IND827013AAA,2,1,0.0012126673645206927,0.3333333333333333,133.0,5.0,37.0,0.004601259361227575,Bokaro_KSClny_DC (Jharkhand)
IND828111AAA,2,1,0.0006055124628261338,0.0,1125.0,9.0,56.0,0.03892042692767685,Dhanbad_Jharia_DC (Jharkhand)
IND828205AAA,1,0,0.0,0.0,0.0,0.0,0.0,0.0,Nirsa_ShantiDPP_D (Jharkhand)
IND828401AAB,1,1,0.0,0.0,311.0,7.0,239.0,0.010759335799562222,Gomoh_KhsmiDPP_D (Jharkhand)
IND829121AAA,1,1,0.001209382486783842,0.5,4063.0,11.0,19.0,0.14056328409524538,Peterbar_GagiDPP_D (Jharkhand)
IND829122AAA,1,1,0.0012159522422575432,0.0,528.0,14.0,136.0,0.018266653704723003,Ramgarh_HotelPrk_D (Jharkhand)
IND832109AAB,1,1,0.0,0.0,3335.0,22.0,69.0,0.1153774433811576,Jamshedpur_Central_I_3 (Jharkhand)
IND834002AAB,5,7,0.011866803317580516,0.1171875,21894.0,80.0,176.5,0.7574434019151618,Ranchi_Hub (Jharkhand)
IND841101AAA,0,1,0.0,0.0,164.0,3.0,39.0,0.005673733347679115,Sonepur_Sabalpur_D (Bihar)
IND841207AAB,2,0,0.0,0.0,0.0,0.0,0.0,0.0,Dighwara_SadarHPL_D (Bihar)
IND841226AAB,2,1,0.0,0.0,71.0,2.0,20.5,0.0024563113883244946,Siwan_HnmntNgr_D (Bihar)
IND841301AAC,1,1,0.0,0.0,48.0,1.0,97.0,0.0016606048822475458,0
IND841405AAA,0,1,0.0,0.0,96.0,1.0,558.0,0.0033212097644950917,Barauli_SiwanRd_D (Bihar)
IND841424AAA,0,2,0.0,0.0,1217.0,9.0,55.0,0.04210325295198465,Chhapra_Prbhunth_D (Bihar)
IND841428AAA,2,0,0.0,0.0,0.0,0.0,0.0,0.0,Gopalganj_GopalDPP_D (Bihar)
IND842001AAA,12,15,0.03705971688733745,0.035919540229885055,13746.0,178.0,71.0,0.47555572315364086,Muzaffrpur_Bbganj_I (Bihar)
IND842003AAB,5,8,0.01807722966551185,0.025974025974025976,3672.0,37.0,52.0,0.12703627349193725,Jabalpur_Adhartal_IP (Madhya Pradesh)
IND843105AAB,1,1,0.0,0.5,586.0,20.0,38.0,0.020273217937438786,Dholi_WardNo4_D (Bihar)
IND843109AAB,2,2,0.0,1.0,349.0,12.0,37.5,0.01207398133134153,Kanti_Central_DPP_2 (Bihar)
IND843126AAA,2,2,0.0,1.0,774.0,13.0,482.0,0.026777253726241672,Saraiya_Wardno4_D (Bihar)
IND843301AAA,2,1,0.0006049649832033253,0.3333333333333333,705.0,20.0,47.5,0.024390134208010828,Sitamari_Durma_D (Bihar)
IND843320AAA,2,1,0.001816537388478401,0.3333333333333333,355.0,8.0,30.5,0.012281556941622472,Pupri_SngihiRD_D (Bihar)
IND843329AAB,1,1,0.0,0.5,508.0,13.0,26.0,0.017574735003786524,Sheohar_Ward9DPP_D (Bihar)
IND844101AAB,0,1,0.0,0.0,29.0,1.0,32.0,0.0010032821163578922,Hajipur_ThaneDPP_D (Bihar)
IND844505AAB,1,1,0.0012093824867838421,0.5,7878.0,14.0,52.0,0.2725467762988784,HazratJandaha_HajiprRD_D (Bihar)
IND845305AAA,1,1,0.0012093824867838421,0.5,8364.0,20.0,79.5,0.2893604007316348,Raxaul_KairiyaT_D (Bihar)
IND845401AAA,2,1,0.0012126673645206927,0.3333333333333333,1264.0,22.0,42.5,0.04372926189918537,Motihari_RajaBzr_D (Bihar)
IND845412AAB,1,1,0.0,0.5,420.0,15.0,25.0,0.014530292719666025,Chakia_Wardno10_D (Bihar)
IND845418AAB,2,2,2.7373981140421955e-07,0.5,1057.0,14.0,48.5,0.03656790334449283,Dhaka_PchpkrRD_D (Bihar)
IND845438AAA,2,1,0.0006082498609401759,0.6666666666666666,505.0,15.0,50.0,0.017470947198646055,Bettiah_BypassRd_D (Bihar)
IND845455AAB,1,2,0.0006049649832033253,0.6666666666666666,3569.0,20.0,135.5,0.12347289218211438,Narktiganj_Central_DPP_2 (Bihar)
IND846004AAA,1,2,0.0012159522422575432,0.3333333333333333,810.0,22.0,71.5,0.028022707387927333,Darbhanga (Bihar)
IND847103AAA,1,1,0.0,0.5,685.0,19.0,45.0,0.02369821550707435,Benipur_Javahar_D (Bihar)
IND847212AAA,1,1,0.0006082498609401759,0.5,570.0,21.0,68.0,0.019719682976689606,Madhubani_Bardivan_D (Bihar)
IND847223AAA,1,1,0.0018132525107415508,0.5,8631.0,15.0,46.0,0.2985975153891368,Benipatti_WardNo1_D (Bihar)
IND847226AAA,1,1,0.0006049649832033253,0.5,13868.0,21.0,35.0,0.47977642722935343,Jaynagar_Wardno6_D (Bihar)
IND847404AAB,2,1,0.0012093824867838421,0.3333333333333333,10082.0,18.0,55.0,0.34879621714207826,Jhanjharpur_Nagar_D (Bihar)
IND848101AAA,2,1,0.0012126673645206927,0.3333333333333333,709.0,16.0,34.0,0.024528517948198124,Samastipur_Haripur_D (Bihar)
IND848114AAA,1,1,0.0018236546235749105,0.5,408.0,21.0,30.0,0.014115141499104138,DalsinghSarai_Wardno13_D (Bihar)
IND848210AAA,1,2,0.00182036974583806,0.3333333333333333,1094.0,20.0,24.0,0.03784795294122531,Rusera_Wardno4_D (Bihar)
IND851112AAB,1,0,0.0,0.0,0.0,0.0,0.0,0.0,Barauni_Wardno10_D (Bihar)
IND851127AAA,1,2,0.0006087973405629843,0.16666666666666666,4998.0,20.0,37.0,0.17291048336402567,Manjhaul_Purbari_D (Bihar)
IND851204AAA,2,0,0.0,0.5,0.0,0.0,0.0,0.0,Khagaria_GodamDPP_D (Bihar)
IND852111AAA,2,4,2.135170528952912e-06,0.23076923076923078,4312.0,20.0,96.0,0.1491776719219045,Simrahi_Bazar_D (Bihar)
IND852113AAA,2,2,0.0003038511906586837,0.5,1000.0,20.0,41.5,0.03459593504682387,Madhepura_Krishnpr_D (Bihar)
IND852118A1B,3,1,0.00020103451749525886,0.5,105.0,1.0,419.0,0.0036325731799165062,0
IND852118AAA,2,2,0.0005049952040785043,0.3,156.0,2.0,77.0,0.0053969658673045234,Forbesganj_JhumanCk_D (Bihar)
IND852131AAA,2,2,0.0003038511906586837,0.5,506.0,9.0,19.0,0.017505543133692875,Supaul_SadrHsptl_D (Bihar)
IND852139AAB,2,1,0.0006038700239577085,0.3333333333333333,3335.0,21.0,113.0,0.1153774433811576,Triveninganj_Central_D_1 (Bihar)
IND852201AAA,3,3,0.0006049649832033253,0.3333333333333333,1245.0,19.0,28.0,0.04307193913329572,Saharsa_Gangjala_D (Bihar)
IND853204AAA,2,1,5.474796228084391e-07,0.16666666666666666,612.0,11.0,9.0,0.02117271224865621,Naugchia_Vijayght_D (Bihar)
IND854105AAA,1,1,0.00030467241009289635,0.0,152.0,2.0,41.0,0.005258582127117228,Katihar_Shyndco_D (Bihar)
IND854105AAB,1,2,0.0009140172302786891,0.16666666666666666,1063.0,9.0,29.0,0.036775478954773774,Katihar_Central_D_2 (Bihar)
IND854311AAA,2,3,0.0003038511906586837,0.3888888888888889,519.0,12.0,49.5,0.017955290289301585,Araria_Wardn13_D (Bihar)
IND854326AAB,8,8,0.02849992773268979,0.1059322033898305,24388.0,70.0,154.0,0.8437256639219406,Purnia_Central_H_2 (Bihar)
IND854334AAA,2,3,0.00212463154621385,0.35,107.0,16.0,21.0,0.003701765050010154,Raniganj_Central_DPP_1 (Bihar)
IND854335AAA,2,3,0.0005054058137956105,0.2777777777777778,511.0,19.0,13.0,0.017678522808926997,Narpatganj_Central_DPP_1 (Bihar)
