source_center,destination_center,median_delay_factor,median_delay_minutes,median_hub_processing,median_osrm_distance,n_legs,median_delay_factor_Carting,median_delay_factor_FTL,median_delay_factor_midday,median_delay_factor_peak-am,median_delay_factor_peak-pm,median_delay_factor_pre-dawn
IND000000AAL,IND411033AAA,2.6950000000000003,47.5,87.5,24.50055,18,2.6950000000000003,,2.76,3.3846153846153846,2.4166666666666665,2.08
IND000000AAQ,IND700028AAB,6.071428571428571,71.0,302.0,13.90065,2,6.071428571428571,,,,,6.071428571428571
IND000000AAS,IND783370AAC,1.7666666666666666,23.0,38.0,41.7822,9,,1.7666666666666666,1.7666666666666666,,2.6666666666666665,
IND000000AAZ,IND444203AAA,6.020833333333333,241.0,33.0,67.4982,1,,6.020833333333333,,,,6.020833333333333
IND000000AAZ,IND444303AAA,4.0,120.0,14.0,53.7322,1,,4.0,,4.0,,
IND000000ABA,IND683565AAA,1.0952380952380951,2.0,41.0,18.2372,7,1.0952380952380951,,,,,1.0952380952380951
IND000000ABD,IND562132AAA,1.704054054054054,260.5,67.5,443.66679999999997,12,,1.704054054054054,,1.6819407008086251,,1.7081081081081082
IND000000ABG,IND501359AAF,7.0,163.0,48.0,32.6832,11,7.0,,7.0,,,
IND000000ACA,IND140406AAA,1.7567567567567568,28.0,209.0,51.5829,2,,1.7567567567567568,,,1.7567567567567568,
IND000000ACA,IND142001AAB,1.6428571428571428,39.0,85.0,76.222,9,,1.6428571428571428,1.6428571428571428,,,
IND000000ACA,IND142401AAA,1.9210526315789473,21.0,184.0,27.6177,12,,1.9210526315789473,,,2.0,1.6842105263157894
IND000000ACA,IND143001AAA,1.7027027027027026,78.0,37.0,155.23260000000002,1,,1.7027027027027026,1.7027027027027026,,,
IND000000ACA,IND144001AAB,1.6041666666666667,30.0,67.0,69.4616,17,,1.6041666666666667,1.6041666666666667,,,
IND000000ACA,IND144514AAA,1.8174603174603172,51.5,130.5,85.45885,12,,1.8174603174603172,,,1.8174603174603172,
IND000000ACA,IND147301AAA,1.7037037037037035,19.0,179.0,37.1418,3,,1.7037037037037035,,,1.7037037037037035,
IND000000ACA,IND152026AAA,1.5299145299145298,62.0,142.0,154.5822,1,,1.5299145299145298,1.5299145299145298,,,
IND000000ACA,IND160002AAC,2.064516129032258,66.0,107.0,88.7968,71,1.8309859154929575,2.07258064516129,2.314516129032258,1.9349550502379693,1.9837387625594922,2.064516129032258
IND000000ACB,IND000000AEL,1.7704918032786885,47.0,119.0,60.6693,23,1.7704918032786885,,1.9048859126984126,,1.5723393182409575,3.7936507936507935
IND000000ACB,IND110024AAA,2.07658371040724,71.5,124.5,59.611999999999995,6,2.07658371040724,,2.07658371040724,,,
IND000000ACB,IND110030AAD,1.6726844583987441,34.0,121.5,49.427800000000005,28,1.6726844583987441,,1.58,,1.807692307692308,2.522745098039216
IND000000ACB,IND110037AAK,1.8157894736842104,31.0,125.0,38.8098,39,1.8157894736842104,,1.9078947368421053,,1.794871794871795,
IND000000ACB,IND110043AAA,1.725,29.0,66.0,38.085800000000006,17,1.725,,1.6756756756756757,,2.5875000000000004,2.3846153846153846
IND000000ACB,IND110043AAC,1.945454545454545,52.0,40.0,52.015,9,1.945454545454545,,2.663636363636363,,1.7857142857142858,
IND000000ACB,IND110052AAA,1.500324464633355,34.0,106.5,65.72460000000001,2,1.500324464633355,,,,1.500324464633355,
IND000000ACB,IND110064AAA,1.6032786885245902,36.0,106.5,55.7743,48,1.6032786885245902,,1.6551724137931034,,1.271551724137931,2.189655172413793
IND000000ACB,IND110085AAB,1.622366110623354,42.0,134.5,65.32855,24,1.622366110623354,,1.6029411764705883,,1.4782608695652173,2.3043478260869565
IND000000ACB,IND110092AAC,1.6575342465753424,48.0,143.0,69.59060000000001,5,1.6575342465753424,,1.7534246575342465,,1.5135135135135136,
IND000000ACB,IND110095AAB,1.9357928047968023,73.0,136.5,71.63884999999999,36,1.9357928047968023,,1.0584415584415585,,1.0909090909090908,3.2911392405063293
IND000000ACB,IND121002AAB,1.876923076923077,57.0,116.0,77.75919999999999,57,1.876923076923077,,2.515151515151515,,1.6323529411764706,2.0
IND000000ACB,IND121004AAB,1.796875,51.0,69.0,77.9212,31,1.796875,,1.71875,,1.7121212121212122,2.121212121212121
IND000000ACB,IND122001AAA,1.7272727272727273,25.0,66.0,35.4615,57,1.7272727272727273,,1.838235294117647,1.7945378151260505,1.4201680672268908,1.9722222222222223
IND000000ACB,IND122015AAC,2.4449579831932775,50.0,160.5,35.485749999999996,2,2.4449579831932775,,,,,2.4449579831932775
IND000000ACB,IND124103AAA,1.8333333333333333,40.0,169.0,49.3821,13,,1.8333333333333333,1.891304347826087,,1.8333333333333333,
IND000000ACB,IND124112AAA,2.157303370786517,103.0,81.0,112.5815,7,,2.157303370786517,,2.157303370786517,,
IND000000ACB,IND125001AAA,2.201492537313433,161.0,142.0,170.2434,15,,2.201492537313433,1.7827342047930284,2.237037037037037,,
IND000000ACB,IND125005AAA,1.9522058823529411,129.5,142.0,170.56535,4,,1.9522058823529411,1.9522058823529411,,,
IND000000ACB,IND125033AAA,2.286087570621469,153.0,101.0,152.07659999999998,2,,2.286087570621469,,2.286087570621469,,
IND000000ACB,IND127021AAA,1.926042604260426,92.5,132.0,124.36105,2,,1.926042604260426,1.8217821782178216,,2.0303030303030303,
IND000000ACB,IND131028AAB,2.074076147816349,102.0,171.5,104.6878,92,2.074076147816349,,2.333333333333333,2.0309278350515463,2.0412371134020617,2.0
IND000000ACB,IND160002AAC,2.205188679245283,255.5,354.5,280.28414999999995,58,,2.205188679245283,2.0260663507109005,2.2796208530805684,2.161137440758294,2.3160377358490565
IND000000ACB,IND201001AAC,1.8736263736263736,79.5,83.0,87.99020000000002,4,1.8736263736263736,,1.978021978021978,,1.8461538461538465,
IND000000ACB,IND201007AAA,1.5974025974025974,46.0,75.0,72.811,9,1.5974025974025974,,1.7148302148302148,,1.155844155844156,1.722111222111222
IND000000ACB,IND201301AAF,1.425,34.0,77.0,75.2903,9,1.425,,1.6730769230769231,,1.205128205128205,1.9780448717948718
IND000000ACB,IND201301AAM,2.6202531645569622,130.0,131.0,92.0435,39,2.6202531645569622,,3.347560975609756,,2.5181547619047624,2.6202531645569622
IND000000ACB,IND209304AAA,2.2803738317757007,411.0,193.0,444.3207,15,,2.2803738317757007,,,2.2710280373831777,2.289719626168224
IND000000ACB,IND282002AAD,1.905109489051095,124.0,163.0,183.2081,9,,1.905109489051095,,1.905109489051095,,
IND000000ACB,IND301001AAB,1.7142857142857142,65.0,144.0,115.6808,6,,1.7142857142857142,1.7142857142857142,1.8137725920841912,,
IND000000ACB,IND301705AAA,3.75,154.0,207.0,62.9226,1,,3.75,,,3.75,
IND000000ACB,IND302014AAA,1.8794117647058823,149.5,209.0,221.2688,30,,1.8794117647058823,1.906512418949084,1.893821789070658,,1.8638655462184872
IND000000ACB,IND302022AAD,1.6913702007749207,117.0,129.0,221.44150000000002,20,,1.6913702007749207,1.6875066435176984,,1.77376607731283,
IND000000ACB,IND328001AAA,1.818181818181818,162.0,184.0,244.709,5,,1.818181818181818,,1.818181818181818,,
IND000000ACB,IND382430AAB,1.860759493670886,544.0,174.0,873.1134000000001,17,,1.860759493670886,1.7876386687797148,,1.8678797468354431,
IND000000ACB,IND390022AAA,1.7827338129496404,544.0,156.0,913.3769,11,,1.7827338129496404,,,1.7827338129496404,
IND000000ACB,IND411033AAA,1.7695691890617633,776.5,158.0,1361.7046,22,,1.7695691890617633,,,1.7695691890617633,1.7297029702970297
IND000000ACB,IND421302AAG,1.9273858921161824,894.0,256.0,1322.4025,33,,1.9273858921161824,1.921079958463136,1.9958463136033229,1.944412061234491,1.8295218295218296
IND000000ACB,IND462022AAA,1.8545841853631164,502.5,167.0,813.9573,18,,1.8545841853631164,,,1.7023809523809523,1.859083191850594
IND000000ACB,IND474003AAA,4.475174978127734,881.5,236.5,304.9602,2,,4.475174978127734,,4.475174978127734,,
IND000000ACB,IND501359AAE,1.909871244635193,1061.0,247.0,1562.7023000000002,29,,1.909871244635193,2.093525423479266,,1.8935975677088317,1.8817480719794344
IND000000ACB,IND521225AAB,1.9493374902572096,1218.0,341.0,1728.3344,11,,1.9493374902572096,,,,1.9493374902572096
IND000000ACB,IND562132AAA,1.852207683965296,1320.5,193.0,2065.06305,66,,1.852207683965296,1.9132449127906976,1.8458498023715413,1.8665364583333333,1.827633361504062
IND000000ACB,IND600056AAB,1.8605590062111803,1385.5,250.5,2190.2241,14,,1.8605590062111803,,1.8773291925465838,,1.845031055900621
IND000000ACB,IND712311AAA,2.032003219425158,1048.0,226.5,1427.93005,48,,2.032003219425158,2.195291268901122,,1.8935960591133003,2.025641025641025
IND000000ACB,IND751002AAB,2.0403087478559176,1213.0,154.0,1638.6996,15,,2.0403087478559176,,,2.0403087478559176,2.0437135579493826
IND000000ACB,IND821115AAB,2.0533625066393597,680.5,183.0,900.8994499999999,18,,2.0533625066393597,,,1.9099378881987576,2.05564142194745
IND000000ACB,IND834002AAB,1.8854289071680377,753.5,205.5,1192.90015,16,,1.8854289071680377,,,1.8871915393654524,1.8854289071680377
IND000000ACB,IND842001AAA,2.047425474254742,773.0,187.0,995.4546,19,,2.047425474254742,,2.0502717391304346,,2.0433604336043354
IND000000ACK,IND501359AAF,3.2739130434782613,51.0,67.0,25.954900000000002,32,3.2739130434782613,,3.2739130434782613,,,
IND000000ACN,IND501359AAF,2.284313725490196,22.5,56.5,21.381,16,2.284313725490196,,2.388888888888889,,1.8611111111111112,
IND000000ACT,IND000000ACB,1.3585526315789473,15.5,148.5,43.6586,100,1.6744186046511629,1.2093023255813953,2.2790697674418605,2.0055555555555555,1.25,1.675
IND000000ACT,IND131028AAB,1.648148148148148,35.0,102.0,43.3454,39,1.648148148148148,,1.7469211822660098,2.0982142857142856,1.4259259259259258,
IND000000ACT,IND160002AAC,2.0372340425531914,195.0,78.0,226.1991,21,,2.0372340425531914,,2.074468085106383,,2.023922700393289
IND000000ADM,IND683511AAA,3.3076923076923075,60.0,29.0,24.4293,1,3.3076923076923075,,,,,3.3076923076923075
IND000000ADV,IND600044AAC,2.0533428165007113,39.5,49.0,47.5303,18,2.0533428165007113,,2.0405405405405403,,2.1073968705547657,
IND000000AEL,IND000000ACB,1.8448275862068968,49.0,152.0,63.1293,17,1.8448275862068968,,1.777323202805377,1.8305084745762712,1.847457627118644,10.473684210526317
IND000000AEM,IND110037AAB,4.0,126.0,123.0,41.5922,11,4.0,,,4.4523809523809526,2.069767441860465,5.1875
IND000000AEM,IND110064AAB,2.092592592592593,59.0,128.0,53.5163,11,2.092592592592593,,,1.6181818181818182,,2.099867724867725
IND000000AET,IND000000AAS,2.4646938775510203,71.5,36.0,68.7217,8,,2.4646938775510203,2.4646938775510203,,,
IND000000AFF,IND734203AAA,4.842105263157895,73.0,24.0,27.8663,3,,4.842105263157895,4.842105263157895,,,
IND000000AFG,IND673027AAB,1.826086956521739,38.0,23.0,41.4264,1,,1.826086956521739,,,,1.826086956521739
IND000000AFG,IND673632AAA,2.3541666666666665,65.0,5.0,42.6643,3,,2.3541666666666665,,,,2.3541666666666665
IND000000AFJ,IND695121AAA,1.08,2.0,40.5,18.366799999999998,20,1.08,,,,1.0,1.0976923076923077
IND000000AFJ,IND695572AAB,2.2222222222222223,33.0,43.0,22.1852,1,2.2222222222222223,,,,2.2222222222222223,
IND000000AFR,IND683511AAA,2.0615530303030303,34.5,11.5,30.16375,8,2.0615530303030303,,,,,2.0615530303030303
IND000000AFT,IND400072AAB,1.973684210526316,18.0,60.5,21.138600000000004,10,1.973684210526316,,,,1.973684210526316,
IND000000AFT,IND400701AAA,2.9473684210526314,37.0,458.0,25.0439,1,2.9473684210526314,,,,,2.9473684210526314
IND000000AFT,IND400706AAA,3.511111111111111,42.0,22.5,14.15335,2,3.511111111111111,,,,,3.511111111111111
IND000000AFT,IND410206AAA,4.558333333333334,66.0,35.0,20.9824,2,4.558333333333334,,,3.066666666666667,,6.05
IND000000AFT,IND410206AAB,3.117647058823529,36.0,15.0,20.5299,1,3.117647058823529,,,3.117647058823529,,
IND000000AFT,IND410209AAA,2.2857142857142856,18.0,21.0,17.5744,40,2.2857142857142856,,,2.25,6.408333333333333,2.2857142857142856
IND000000AFT,IND410210AAA,2.875,30.0,31.0,17.6222,13,2.875,,,,3.6648351648351647,2.263157894736842
IND000000AFT,IND421302AAG,2.523809523809524,32.0,86.0,23.4977,15,2.523809523809524,,2.1904761904761907,3.4297619047619046,2.20995670995671,3.0573593073593077
IND110014AAA,IND110024AAA,3.4285714285714284,23.0,33.0,11.5411,11,3.4285714285714284,,,3.4285714285714284,,3.3636363636363638
IND110020AAB,IND110037AAM,3.937747035573123,65.5,470.0,26.3062,4,3.937747035573123,,,3.937747035573123,,
IND110024AAA,IND110014AAA,2.0,7.0,28.0,9.7226,9,2.0,,,3.142857142857143,2.0,1.7142857142857142
IND110030AAD,IND000000ACB,3.106382978723404,99.0,27.0,45.9485,7,3.106382978723404,,,5.766608771168041,1.6595744680851063,4.7643026004728135
IND110035AAC,IND110037AAM,1.6666666666666667,12.0,286.0,20.9077,3,1.6666666666666667,,,1.6666666666666667,1.7276315789473684,
IND110037AAK,IND000000ACB,2.1842105263157894,45.0,159.0,38.7507,43,2.1842105263157894,,1.4,1.8421052631578947,1.6842105263157894,2.796959459459459
IND110037AAM,IND000000ACB,1.5424418604651162,23.0,261.5,44.05995,12,,1.5424418604651162,,,,1.5424418604651162
IND110037AAM,IND110020AAB,3.4615384615384617,64.0,88.0,26.7182,9,3.4615384615384617,,,3.4615384615384617,,
IND110037AAM,IND110024AAA,2.667826086956522,40.0,143.5,24.7372,14,2.667826086956522,,,,,2.667826086956522
IND110037AAM,IND110035AAC,2.2857142857142856,26.0,96.5,18.3518,36,2.2857142857142856,,,3.045238095238095,1.8496240601503757,5.073099415204679
IND110037AAM,IND110064AAA,5.39375,85.5,114.0,14.17905,2,5.39375,,,,,5.39375
IND110037AAM,IND110085AAB,2.0217391304347827,24.0,165.5,21.9404,22,2.0217391304347827,,,,,2.0217391304347827
IND110037AAM,IND110092AAC,2.193548387096774,37.0,143.0,27.751,1,2.193548387096774,,,,,2.193548387096774
IND110037AAM,IND121004AAB,2.1555299539170507,34.0,61.5,28.8804,46,2.1555299539170507,,2.5422222222222226,,1.6,3.433333333333333
IND110037AAM,IND125001AAA,4.015037593984962,401.0,306.0,164.5073,1,,4.015037593984962,,,,4.015037593984962
IND110037AAM,IND131028AAB,2.210526315789474,69.0,189.0,44.0332,1,2.210526315789474,,,2.210526315789474,,
IND110037AAM,IND201001AAC,2.0612244897959187,52.0,73.5,42.266099999999994,8,2.0612244897959187,,,,1.7755102040816326,2.4285714285714284
IND110037AAM,IND201007AAA,2.492016806722689,52.5,160.0,30.137050000000002,6,2.492016806722689,,,,,2.492016806722689
IND110037AAM,IND201301AAD,4.567567567567568,132.0,88.0,32.6532,3,4.567567567567568,,,4.567567567567568,,3.8776061776061783
IND110037AAM,IND201301AAF,2.1538461538461537,45.0,152.0,35.1773,5,2.1538461538461537,,,,,2.1538461538461537
IND110037AAM,IND202001AAB,1.7954382826475848,103.0,255.5,152.92115,26,,1.7954382826475848,1.693798449612403,1.821705426356589,,1.984615384615385
IND110037AAM,IND209304AAA,2.1167664670658684,373.0,291.0,464.8352,25,,2.1167664670658684,,2.108108108108108,2.095808383233533,2.131736526946108
IND110037AAM,IND226004AAC,1.8293333333333333,311.0,355.0,489.2995,1,,1.8293333333333333,,,1.8293333333333333,
IND110037AAM,IND250002AAC,8.718063648588076,710.5,852.5,90.25325000000001,2,,8.718063648588076,1.175257731958763,,16.26086956521739,
IND110037AAM,IND282001AAA,2.0405405405405403,154.0,168.5,202.20735000000002,4,,2.0405405405405403,,3.728476821192053,,2.0135135135135136
IND110037AAM,IND282001AAC,2.1059602649006623,167.0,141.0,202.6035,1,,2.1059602649006623,,,,2.1059602649006623
IND110037AAM,IND282002AAD,1.966887417218543,146.0,258.0,206.0601,1,,1.966887417218543,1.966887417218543,,,
IND110037AAM,IND421302AAG,1.9914744232698098,988.5,321.5,1367.7746,18,,1.9914744232698098,,,2.0179788221956896,1.9914744232698098
IND110037AAM,IND781018AAB,2.5083459787556905,1988.0,396.0,1809.2888,1,,2.5083459787556905,,,,2.5083459787556905
IND110037AAM,IND811399AAA,2.1052631578947367,42.0,176.0,32.6278,11,,2.1052631578947367,2.0223285486443383,,2.324324324324324,
IND110039AAA,IND110085AAB,3.733333333333333,41.0,81.0,13.4506,3,3.733333333333333,,,3.4291666666666663,,6.428571428571429
IND110043AAA,IND000000ACB,5.05,162.0,43.0,39.945800000000006,5,5.05,,,8.625,3.1960526315789473,4.3125
IND110043AAA,IND110078AAA,1.7,14.0,35.0,18.4287,33,1.7,,,1.7,,1.8809523809523814
IND110043AAC,IND000000ACB,1.6206896551724137,36.0,139.0,55.6689,1,1.6206896551724137,,,,1.6206896551724137,
IND110044AAB,IND000000ACB,1.7295698924731182,44.5,77.0,65.2376,76,1.7295698924731182,,1.7796610169491525,2.0743169398907106,1.6885245901639343,
IND110044AAB,IND110030AAD,1.5857142857142859,9.5,51.0,13.43895,30,1.5857142857142859,,1.5555555555555556,,1.7142857142857142,
IND110044AAB,IND110037AAM,2.0476190476190474,22.0,76.0,24.686,3,2.0476190476190474,,,,,2.0476190476190474
IND110044AAB,IND131028AAB,1.623219373219373,33.0,90.5,43.1777,40,1.623219373219373,,2.1153846153846154,,1.3584905660377358,
IND110044AAB,IND201007AAA,2.5217391304347827,35.0,94.0,19.7873,11,2.5217391304347827,,2.8260869565217392,,2.347826086956522,
IND110044AAB,IND201301AAF,1.9126984126984128,14.0,38.0,12.69995,12,1.9126984126984128,,1.5,,2.2142857142857144,
IND110052AAA,IND000000ACB,1.6617866004962778,42.0,111.5,67.77295000000001,10,1.6617866004962778,,,,1.646153846153846,1.8870967741935485
IND110064AAA,IND000000ACB,1.9285714285714288,52.0,30.0,57.2795,39,1.9285714285714288,,,12.166666666666666,1.3269230769230769,13.596153846153848
IND110064AAA,IND110005AAA,2.6538461538461537,19.5,57.5,11.3041,2,2.6538461538461537,,,,2.3076923076923075,3.0
IND110064AAA,IND110046AAA,3.0,30.0,92.0,13.586200000000002,1,3.0,,,3.0,,
IND110077AAA,IND110043AAA,1.3333333333333333,5.0,57.0,11.7786,1,1.3333333333333333,,,,,1.3333333333333333
IND110078AAA,IND110043AAA,2.732919254658385,38.0,46.0,19.388849999999998,14,2.732919254658385,,,3.3333333333333335,,2.381818181818182
IND110083AAA,IND110085AAB,2.9411764705882355,33.0,102.0,14.7983,1,2.9411764705882355,,,,,2.9411764705882355
IND110085AAB,IND000000ACB,2.6984126984126986,107.0,20.0,67.5514,7,2.6984126984126986,,,4.40625,2.1875,2.3846153846153846
IND110085AAB,IND110039AAA,1.738095238095238,12.5,21.0,13.5774,4,1.738095238095238,,,2.3854166666666665,,1.1339285714285714
IND110085AAB,IND110083AAA,4.0,42.0,12.0,11.9201,3,4.0,,,,,4.0
IND110085AAB,IND110085AAA,2.076923076923077,14.0,699.0,11.4111,1,2.076923076923077,,2.076923076923077,,,
IND110085AAB,IND110087AAA,2.0,13.0,15.0,11.7553,3,2.0,,,2.6923076923076925,,1.0769230769230769
IND110092AAC,IND000000ACB,2.1962391513982644,77.5,31.0,69.1793,6,2.1962391513982644,,,2.632992327365729,1.9411764705882355,2.098360655737705
IND110092AAC,IND110093AAA,3.25,36.0,47.0,12.8317,1,3.25,,,,3.25,
IND110093AAA,IND110092AAC,3.2222222222222223,40.0,30.0,15.547,1,3.2222222222222223,,,,,3.2222222222222223
IND110095AAB,IND000000ACB,1.5211267605633805,37.0,57.0,71.6641,1,1.5211267605633805,,,,1.5211267605633805,
IND121001AAA,IND121004AAB,1.9,9.0,16.0,12.0389,27,1.9,,,1.9,,1.909090909090909
IND121002AAA,IND121004AAB,19.08333333333333,217.0,36.0,11.2338,1,19.08333333333333,,,,,19.08333333333333
IND121002AAB,IND000000ACB,2.09375,70.0,75.0,76.42089999999999,29,2.09375,,1.4948680351906158,2.046875,2.303030303030303,2.09375
IND121004AAA,IND121004AAB,2.3833333333333333,19.5,77.5,17.5154,10,2.3833333333333333,,,1.9375,,2.5
IND121004AAB,IND000000ACB,1.809090909090909,53.0,23.5,76.11519999999999,34,1.809090909090909,,,1.7936507936507935,1.8615384615384616,
IND121004AAB,IND110037AAM,2.583333333333333,39.0,30.0,28.2936,37,2.583333333333333,,,2.958333333333333,2.1666666666666665,2.6
IND121004AAB,IND121001AAA,1.809090909090909,8.0,29.0,11.52635,24,1.809090909090909,,,1.5555555555555556,,1.9333333333333331
IND121004AAB,IND121002AAA,2.909090909090909,21.0,26.0,10.3547,1,2.909090909090909,,,,,2.909090909090909
IND121004AAB,IND121004AAA,1.75,9.0,39.0,16.5446,23,1.75,,,1.8,1.75,1.5
IND121004AAB,IND121004AAC,1.8461538461538465,11.0,26.0,16.6152,9,1.8461538461538465,,,1.9615384615384615,5.846153846153846,1.8397435897435899
IND121004AAB,IND121102AAA,1.9310344827586208,27.0,30.0,39.8523,41,1.9310344827586208,,,2.071428571428572,2.851851851851852,1.6428571428571428
IND121004AAC,IND121004AAB,4.095588235294118,47.0,18.0,16.565800000000003,6,4.095588235294118,,,4.941176470588236,,3.25
IND121102AAA,IND121004AAB,3.992857142857143,87.0,50.0,40.2281,12,3.992857142857143,,,,,3.992857142857143
IND122001AAA,IND000000ACB,1.7235521235521234,26.0,42.0,35.73245,20,1.7235521235521234,,,,1.7235521235521234,
IND122001AAA,IND110037AAM,3.8666666666666663,43.0,33.0,13.2356,1,3.8666666666666663,,,,3.8666666666666663,
IND122001AAA,IND122001AAD,3.2,28.0,21.0,12.7244,3,3.2,,,3.253846153846154,,3.1538461538461537
IND122001AAA,IND122050AAA,4.724137931034483,108.0,126.0,25.4459,1,4.724137931034483,,,4.724137931034483,,
IND122001AAA,IND122101AAC,1.375,6.0,31.0,13.6755,1,1.375,,,1.375,,
IND122001AAD,IND122050AAA,1.8872549019607843,15.5,11.5,16.641849999999998,10,1.8872549019607843,,,2.4761904761904763,,1.263157894736842
IND122001AAJ,IND507123AAA,0.7758620689655172,-13.0,12.0,39.431,13,,0.7758620689655172,,,,0.7758620689655172
IND122002AAD,IND122503AAA,2.285,28.5,24.0,29.54775,2,2.285,,,2.285,,
IND122004AAA,IND000000ACB,1.6176470588235294,21.0,141.0,35.6947,1,1.6176470588235294,,,,1.6176470588235294,
IND122004AAA,IND122413AAE,1.7647058823529411,26.0,41.0,35.7912,43,1.7647058823529411,,1.8,,1.7575757575757576,1.588235294117647
IND122503AAA,IND122001AAA,4.5997150997151,95.0,104.5,34.04905,2,4.5997150997151,,,4.5997150997151,,
IND123001AAA,IND123401AAB,1.911764705882353,31.0,27.0,44.1692,13,,1.911764705882353,,,,1.911764705882353
IND123401AAB,IND000000ACB,2.0,62.0,29.0,66.0395,3,,2.0,,,,2.0
IND123401AAB,IND123106AAB,1.96,48.0,29.0,53.46755,10,,1.96,,,,1.96
IND124001AAB,IND126102AAA,2.520348837209302,66.0,37.0,60.50635,4,,2.520348837209302,,,,2.520348837209302
IND124103AAA,IND127021AAA,1.8846153846153848,46.0,12.0,74.3035,9,,1.8846153846153848,,,1.8846153846153848,
IND124112AAA,IND125001AAA,2.816161616161616,81.0,26.5,55.8926,2,,2.816161616161616,2.816161616161616,,,
IND124112AAA,IND125005AAA,2.4507246376811596,66.0,20.0,56.3482,2,,2.4507246376811596,2.4507246376811596,,,
IND124112AAA,IND125033AAA,1.7214285714285715,21.0,34.5,36.35185,4,,1.7214285714285715,1.7214285714285715,,,
IND124141AAA,IND000000ACB,2.0652768284347234,81.5,20.5,92.62684999999999,10,,2.0652768284347234,,,,2.0652768284347234
IND124507AAA,IND131028AAB,2.260869565217391,58.0,21.0,40.2684,9,,2.260869565217391,,,,2.260869565217391
IND124507AAA,IND131028AAE,2.4545454545454546,64.0,211.0,42.099,3,,2.4545454545454546,,,,2.4545454545454546
IND125001AAA,IND000000ACB,2.0037589828634603,135.0,96.5,170.45145000000002,10,,2.0037589828634603,1.9925925925925927,,2.014925373134328,
IND125001AAA,IND110037AAM,3.6417910447761193,354.0,93.0,172.4913,11,,3.6417910447761193,3.6087743102668477,4.916666666666667,,
IND125001AAA,IND125047AAB,2.057142857142857,37.0,82.0,42.0326,7,,2.057142857142857,,,2.057142857142857,
IND125001AAA,IND125051AAA,3.3492063492063493,148.0,93.0,78.5245,1,,3.3492063492063493,,,3.3492063492063493,
IND125001AAA,IND335501AAA,7.949367088607595,549.0,74.0,83.99119999999999,1,,7.949367088607595,7.949367088607595,,,
IND125001AAA,IND335513AAA,1.7466666666666666,112.0,96.0,179.8029,7,,1.7466666666666666,1.8100438596491228,,1.7466666666666666,
IND125001AAA,IND335523AAB,3.147557328015952,254.5,63.0,127.0227,4,,3.147557328015952,,,3.147557328015952,
IND125001AAA,IND335524AAA,1.902439024390244,148.0,55.0,167.69289999999998,5,,1.902439024390244,1.878787878787879,,1.9451219512195124,
IND125005AAA,IND000000ACB,1.927007299270073,127.0,94.0,171.9355,5,,1.927007299270073,,,1.927007299270073,
IND125005AAA,IND125047AAB,2.1714285714285717,40.0,62.0,42.031400000000005,3,,2.1714285714285717,,,2.1714285714285717,
IND125005AAA,IND335513AAA,1.7733333333333334,116.0,73.0,179.057,3,,1.7733333333333334,,,1.7733333333333334,
IND125005AAA,IND335523AAB,2.6050420168067228,191.0,78.0,127.9463,1,,2.6050420168067228,,,2.6050420168067228,
IND125005AAA,IND335524AAA,1.6818181818181819,113.5,96.5,169.06279999999998,2,,1.6818181818181819,,,1.6818181818181819,
IND125033AAA,IND125001AAA,2.0,17.0,10.0,21.2745,3,,2.0,2.0,,,
IND125033AAA,IND125005AAA,2.0620915032679736,18.5,14.0,21.5574,2,,2.0620915032679736,2.0620915032679736,,,
IND125047AAB,IND125050AAA,2.7142857142857144,60.0,18.0,44.6977,1,,2.7142857142857144,,,,2.7142857142857144
IND125047AAB,IND125051AAA,2.1842105263157894,67.5,17.5,68.73435,10,,2.1842105263157894,,,2.2490336009515315,2.1653055051421664
IND125050AAA,IND125051AAA,1.7186147186147185,15.5,11.5,23.45665,2,,1.7186147186147185,,,,1.7186147186147185
IND125051AAA,IND125111AAA,1.0489583333333334,1.5,16.0,21.792,4,,1.0489583333333334,,,,1.0489583333333334
IND125104AAA,IND125005AAA,2.5871559633027523,173.0,165.0,152.1319,1,,2.5871559633027523,,2.5871559633027523,,
IND125111AAA,IND125121AAA,3.1820276497695854,70.5,25.0,37.91675,2,,3.1820276497695854,,,,3.1820276497695854
IND125121AAA,IND125001AAA,3.9,87.0,375.0,36.9483,3,,3.9,,4.066666666666666,,2.9672413793103445
IND126102AAA,IND126116AAA,2.260869565217391,29.0,58.0,32.845,5,,2.260869565217391,,,,2.260869565217391
IND126102AAA,IND131301AAA,2.1571428571428575,40.5,24.0,46.69845,2,,2.1571428571428575,,,,2.1571428571428575
IND126112AAA,IND131028AAB,2.2641314553990606,91.0,154.5,89.5139,16,,2.2641314553990606,,2.2641314553990606,,
IND126116AAA,IND131301AAA,2.819672131147541,111.0,59.0,83.2686,5,,2.819672131147541,,,,2.819672131147541
IND127021AAA,IND127201AAA,1.8421052631578947,32.0,52.5,55.09065,8,,1.8421052631578947,,,1.8157894736842104,2.1052631578947367
IND127201AAA,IND124141AAA,2.4375,46.0,9.0,48.4122,3,,2.4375,,,,2.4375
IND131021AAA,IND131028AAA,1.625,6.0,25.5,13.07395,58,1.625,,1.5416666666666665,1.6666666666666667,1.8,
IND131028AAB,IND000000ACB,1.906426400347373,87.5,144.0,108.47364999999999,86,1.906426400347373,,1.865574650912997,1.7040816326530612,1.9484536082474226,2.224489795918368
IND131028AAB,IND110037AAM,2.2758620689655173,74.0,184.0,47.9002,7,2.2758620689655173,,,,,2.2758620689655173
IND131028AAB,IND124001AAB,1.778846153846154,42.0,119.0,65.80325,4,,1.778846153846154,,,1.778846153846154,
IND131028AAB,IND124507AAA,1.9404761904761905,39.5,100.5,36.71885,10,,1.9404761904761905,,,1.9404761904761905,
IND131028AAB,IND132103AAA,5.326923076923077,210.0,194.0,59.6565,2,,5.326923076923077,,,5.326923076923077,
IND131028AAB,IND136118AAA,1.9893617021276595,93.0,216.0,128.69639999999998,17,,1.9893617021276595,,,1.9893617021276595,
IND131028AAB,IND160002AAC,1.7595419847328244,99.5,150.0,181.91680000000002,30,,1.7595419847328244,1.7709923664122138,1.6511627906976745,,1.7938931297709924
IND131028AAB,IND201204AAA,2.0,47.0,183.0,63.058800000000005,9,,2.0,,,2.0,
IND131028AAB,IND244001AAA,1.944099378881988,152.0,308.0,201.2372,19,,1.944099378881988,,1.944099378881988,,1.9290638606676342
IND131028AAB,IND244235AAA,1.704,88.0,177.0,153.9991,21,,1.704,,1.704,,
IND131028AAB,IND247667AAA,1.9640287769784173,134.0,193.0,163.0853,5,,1.9640287769784173,1.9640287769784173,,,
IND131028AAB,IND247667AAB,1.9285714285714288,130.0,179.0,163.7663,15,,1.9285714285714288,1.9285714285714288,,,
IND131028AAB,IND248001AAA,1.7934272300469485,169.0,284.5,245.74824999999998,2,,1.7934272300469485,1.7934272300469485,,,
IND131028AAB,IND248001AAD,1.8726415094339623,185.0,276.0,245.6096,1,,1.8726415094339623,1.8726415094339623,,,
IND131028AAB,IND249407AAA,1.8666666666666667,156.0,219.0,196.1742,1,,1.8666666666666667,1.8666666666666667,,,
IND131028AAB,IND250002AAA,1.808219178082192,59.0,994.0,89.5733,1,,1.808219178082192,,,1.808219178082192,
IND131028AAB,IND250002AAC,5.625,333.0,273.0,89.7878,1,,5.625,5.625,,,
IND131028AAB,IND250609AAA,2.9545454545454546,43.0,123.0,24.9115,1,,2.9545454545454546,,,2.9545454545454546,
IND131028AAB,IND250611AAA,3.3142857142857145,81.0,94.0,38.9892,3,,3.3142857142857145,,,3.3142857142857145,
IND131028AAB,IND251001AAA,1.930565088080531,87.0,175.5,117.0308,10,,1.930565088080531,1.946236559139785,1.7731958762886595,,
IND131028AAE,IND124507AAA,1.7333333333333334,33.0,61.0,42.7911,1,,1.7333333333333334,,,1.7333333333333334,
IND131301AAA,IND131028AAB,3.0358974358974358,80.5,245.5,55.265699999999995,2,,3.0358974358974358,,,,3.0358974358974358
IND132001AAA,IND131028AAB,3.664473684210526,202.5,134.0,95.79400000000001,2,,3.664473684210526,,,,3.664473684210526
IND132001AAA,IND132103AAA,3.147058823529412,73.0,199.0,38.0852,1,,3.147058823529412,,,,3.147058823529412
IND132001AAA,IND132103AAB,4.0588235294117645,104.0,285.0,37.5003,3,,4.0588235294117645,,,,4.0588235294117645
IND132103AAA,IND131028AAB,2.913793103448276,111.0,119.0,59.3272,3,,2.913793103448276,2.913793103448276,,,
IND132103AAA,IND132001AAA,1.7714285714285714,27.0,21.0,39.1595,5,,1.7714285714285714,,,,1.7714285714285714
IND132103AAB,IND131028AAB,3.2981601731601726,98.0,137.5,58.072900000000004,6,,3.2981601731601726,2.125,4.396480331262939,,
IND132103AAB,IND132001AAA,1.496969696969697,15.5,18.0,39.8086,2,,1.496969696969697,,,,1.496969696969697
IND133004AAA,IND135001AAA,1.660774410774411,36.0,54.5,56.6245,6,,1.660774410774411,,,,1.660774410774411
IND134102AAA,IND174103AAA,2.75,24.5,33.0,19.85415,16,,2.75,,3.14010989010989,,2.75
IND134109AAA,IND160002AAC,12.83783783783784,438.0,82.0,43.66,15,12.83783783783784,,,13.685714285714283,,1.5146198830409356
IND134203AAA,IND140501AAA,1.575,23.0,33.0,48.934200000000004,14,1.575,,,,,1.575
IND134203AAA,IND160002AAC,3.324324324324324,86.0,38.0,45.1598,1,3.324324324324324,,,,,3.324324324324324
IND135001AAA,IND173025AAA,2.3,58.5,36.0,58.38055,12,,2.3,,2.4130434782608696,,2.2888888888888888
IND136027AAA,IND132039AAA,1.8235294117647056,28.0,70.0,39.400400000000005,21,,1.8235294117647056,,,,1.8235294117647056
IND136118AAA,IND136128AAA,1.4001322751322751,11.0,31.5,28.10095,22,,1.4001322751322751,,,,1.4001322751322751
IND136128AAA,IND136027AAA,2.0954545454545457,21.0,17.5,28.820050000000002,22,,2.0954545454545457,,,,2.0954545454545457
IND140001AAA,IND140118AAA,1.7575757575757576,25.0,35.0,39.9061,19,,1.7575757575757576,,1.9696969696969695,,1.753787878787879
IND140118AAA,IND160002AAC,1.5555555555555556,61.0,38.0,108.2867,17,,1.5555555555555556,,1.723809523809524,,1.4903846153846154
IND140301AAA,IND140001AAA,1.6666666666666667,16.0,27.0,26.4948,21,,1.6666666666666667,,,,1.6666666666666667
IND140301AAA,IND140901AAA,2.066666666666667,16.0,19.0,15.2782,19,2.066666666666667,,,2.066666666666667,,
IND140401AAA,IND000000ACA,2.814814814814815,96.0,13.0,74.1838,3,,2.814814814814815,,,,2.814814814814815
IND140401AAA,IND142401AAA,1.5757575757575757,18.0,26.0,44.9258,3,,1.5757575757575757,,,,1.5757575757575757
IND140401AAA,IND147301AAA,1.4782608695652173,11.0,35.0,32.8339,1,,1.4782608695652173,,,,1.4782608695652173
IND140406AAA,IND140401AAA,1.5833333333333333,14.0,19.0,31.0253,7,,1.5833333333333333,,,,1.5833333333333333
IND140501AAA,IND160002AAC,2.40625,23.0,25.5,19.6787,14,2.40625,,,2.5294117647058822,,2.294117647058824
IND140901AAA,IND160002AAC,1.8390379278445885,39.0,27.0,57.18415,20,1.8390379278445885,,,1.8390379278445885,,
IND140901AAA,IND160055AAA,1.7857142857142858,11.0,30.0,13.593599999999999,20,1.7857142857142858,,,,,1.7857142857142858
IND141003AAB,IND000000ACA,1.818181818181818,9.0,26.0,15.2594,7,1.818181818181818,,,1.818181818181818,,
IND141003AAB,IND141109AAA,1.0,0.0,40.0,47.3357,1,,1.0,,,,1.0
IND141003AAB,IND142026AAA,1.6774193548387095,22.0,29.0,40.7157,21,,1.6774193548387095,,,,1.6774193548387095
IND141010AAA,IND000000ACA,1.818181818181818,9.0,3.0,15.531,1,1.818181818181818,,,1.818181818181818,,
IND141109AAA,IND000000ACA,1.2916666666666665,16.5,37.0,59.772549999999995,18,,1.2916666666666665,,,,1.2916666666666665
IND141115AAA,IND000000ACA,1.4474358974358974,13.0,8.5,29.4784,14,,1.4474358974358974,,,,1.4474358974358974
IND142001AAB,IND151001AAA,2.6515151515151514,109.0,28.0,85.58139999999999,1,,2.6515151515151514,,,2.6515151515151514,
IND142001AAB,IND152026AAA,1.6451612903225807,41.0,36.0,79.5451,29,,1.6451612903225807,,,1.6451612903225807,
IND142026AAA,IND000000ACA,2.75,70.0,94.0,54.4594,1,,2.75,,,,2.75
IND142026AAA,IND141109AAA,1.436904761904762,15.5,28.0,23.547849999999997,18,,1.436904761904762,,,,1.436904761904762
IND142401AAA,IND000000ACA,1.875,18.0,43.5,29.4052,6,,1.875,,2.0,,1.75
IND143001AAA,IND144001AAB,2.272727272727273,79.0,75.0,85.8845,19,,2.272727272727273,,,2.272727272727273,
IND144001AAA,IND144040AAA,1.8723684210526317,17.0,32.0,26.034100000000002,16,,1.8723684210526317,,,,1.8723684210526317
IND144001AAB,IND000000ACA,2.358490566037736,69.0,18.0,75.6466,23,,2.358490566037736,,,2.7075471698113205,2.30188679245283
IND144001AAB,IND143001AAA,1.5,31.0,15.0,85.1994,17,,1.5,,,1.5,
IND144001AAB,IND144401AAB,1.9444444444444444,10.0,13.5,14.39735,14,1.9444444444444444,,,1.8214285714285712,,1.9444444444444444
IND144001AAB,IND144601AAA,3.6875,43.0,43.0,19.5231,3,,3.6875,,,3.6875,4.354166666666666
IND144001AAB,IND160002AAC,5.810344827586207,558.0,191.0,162.17829999999998,1,,5.810344827586207,,,5.810344827586207,
IND144001AAC,IND000000ACA,1.8908355795148246,44.5,260.0,73.5261,12,1.649122807017544,1.9245283018867925,,,1.7619047619047619,1.9418559876780903
IND144001AAC,IND160002AAC,2.544642857142857,173.0,121.0,159.83229999999998,15,2.544642857142857,,2.497546653796654,,2.633928571428572,
IND144040AAA,IND144001AAB,2.1263157894736846,21.0,17.0,27.092750000000002,10,,2.1263157894736846,,,,2.1263157894736846
IND144401AAB,IND144001AAB,1.9166666666666667,9.0,13.0,13.179,17,1.9166666666666667,,,1.9583333333333335,,1.8888888888888888
IND144514AAA,IND000000ACA,1.7241379310344829,42.0,18.0,55.3215,1,,1.7241379310344829,,,,1.7241379310344829
IND144514AAA,IND141115AAA,1.75,21.0,7.0,26.1322,5,,1.75,,,,1.75
IND144527AAA,IND141115AAA,1.8676470588235294,29.5,4.5,34.76015,4,,1.8676470588235294,,,,1.8676470588235294
IND144601AAA,IND144001AAA,2.0018382352941178,16.5,21.0,21.46695,2,,2.0018382352941178,,,,2.0018382352941178
IND144601AAA,IND144040AAA,1.3421052631578947,13.0,10.0,45.7258,1,,1.3421052631578947,,,,1.3421052631578947
IND145001AAA,IND176201AAA,1.7916666666666667,19.0,25.0,17.6282,7,,1.7916666666666667,,1.4761904761904765,,1.9791666666666665
IND145001AAA,IND176303AAA,1.1844660194174756,19.0,42.0,78.1911,1,,1.1844660194174756,,,,1.1844660194174756
IND147001AAB,IND147201AAA,1.3205619412515965,9.0,41.5,27.10445,6,,1.3205619412515965,,,,1.3205619412515965
IND147001AAB,IND160002AAC,3.5384615384615383,175.0,60.0,46.073,7,,3.5384615384615383,,3.5384615384615383,,
IND147001AAD,IND147201AAA,1.5,14.0,7.0,26.912,1,,1.5,,,,1.5
IND147001AAD,IND148023AAA,1.253968253968254,16.0,40.0,58.9258,1,,1.253968253968254,,,,1.253968253968254
IND147001AAD,IND160002AAC,4.193548387096774,99.0,38.0,45.9474,5,,4.193548387096774,,4.193548387096774,,
IND147101AAA,IND147105AAA,1.391304347826087,9.0,19.0,26.0715,9,,1.391304347826087,,,,1.391304347826087
IND147101AAA,IND160002AAC,7.017241379310345,349.0,22.0,76.0523,1,,7.017241379310345,,,,7.017241379310345
IND147105AAA,IND147101AAA,1.4230769230769231,11.0,74.0,28.1092,1,,1.4230769230769231,,,,1.4230769230769231
IND147105AAA,IND160002AAC,8.411764705882353,630.0,238.0,105.6492,7,,8.411764705882353,,,,8.411764705882353
IND147201AAA,IND148023AAA,1.0909090909090908,3.0,34.0,30.3811,7,,1.0909090909090908,,,,1.0909090909090908
IND147301AAA,IND000000ACA,1.5333333333333334,16.0,43.0,36.9875,1,,1.5333333333333334,,,,1.5333333333333334
IND147301AAA,IND140401AAA,1.3333333333333333,10.0,21.0,39.0861,1,,1.3333333333333333,,,,1.3333333333333333
IND148023AAA,IND148001AAA,1.3408045977011493,10.0,17.0,32.92355,2,,1.3408045977011493,,,,1.3408045977011493
IND148023AAA,IND148024AAB,2.0,18.0,34.0,19.4578,1,,2.0,,,,2.0
IND148028AAA,IND147001AAB,1.8113207547169812,43.0,21.5,65.09275,10,,1.8113207547169812,,,,1.8113207547169812
IND148028AAA,IND147001AAD,1.7980769230769234,41.0,18.0,63.2515,2,,1.7980769230769234,,,,1.7980769230769234
IND148101AAA,IND148102AAA,1.181818181818182,4.0,27.0,23.934,5,,1.181818181818182,,,,1.181818181818182
IND148102AAA,IND151001AAA,1.827586206896552,48.0,121.0,68.315,1,,1.827586206896552,,,,1.827586206896552
IND151001AAA,IND148101AAA,1.223609872137972,13.0,35.0,60.82,8,,1.223609872137972,,,,1.223609872137972
IND151001AAA,IND151103AAA,1.4285714285714286,12.0,27.0,28.3838,5,,1.4285714285714286,,,,1.4285714285714286
IND151001AAA,IND151302AAA,0.7804878048780488,-9.0,60.0,55.2147,17,,0.7804878048780488,,,,0.7804878048780488
IND151001AAA,IND160002AAC,1.5345911949685536,85.0,131.0,203.2861,21,,1.5345911949685536,,,1.5345911949685536,
IND151103AAA,IND151001AAA,15.672364672364672,389.5,48.5,28.80985,2,,15.672364672364672,,,,15.672364672364672
IND151302AAA,IND151505AAA,0.8704453441295547,-5.0,16.0,43.9317,16,,0.8704453441295547,,,,0.8704453441295547
IND151505AAA,IND151506AAA,1.7692307692307692,20.0,8.0,33.994699999999995,5,,1.7692307692307692,,,,1.7692307692307692
IND151506AAA,IND151001AAA,1.3705985915492958,26.5,245.0,81.8471,18,,1.3705985915492958,,1.3194444444444444,,1.3969594594594594
IND152024AAA,IND152123AAA,1.732258064516129,22.5,16.5,33.01095,2,,1.732258064516129,,,,1.732258064516129
IND152026AAA,IND000000ACA,4.533333333333333,427.0,75.0,159.7357,19,,4.533333333333333,,,4.533333333333333,
IND152026AAA,IND151001AAA,1.018867924528302,1.0,21.0,51.3308,11,,1.018867924528302,,,1.018867924528302,
IND152026AAA,IND152024AAA,2.0,21.0,53.5,30.62065,2,,2.0,,,,2.0
IND152026AAA,IND152101AAA,1.0526315789473684,2.0,23.0,47.0594,1,,1.0526315789473684,,,,1.0526315789473684
IND152026AAA,IND152107AAA,2.095238095238096,23.0,43.0,30.0671,1,,2.095238095238096,,,,2.095238095238096
IND152026AAA,IND152116AAA,1.5,20.5,23.0,57.939499999999995,2,,1.5,,,,1.5
IND152026AAA,IND160002AAC,4.505555555555556,631.0,164.0,243.8385,1,,4.505555555555556,,,4.505555555555556,
IND152101AAA,IND152026AAA,2.0063813813813813,37.0,580.0,46.7525,2,,2.0063813813813813,,,,2.0063813813813813
IND152107AAA,IND152026AAA,3.0,64.0,611.0,33.243,1,,3.0,,,,3.0
IND152116AAA,IND152026AAA,2.3902439024390243,57.0,641.0,58.2905,1,,2.3902439024390243,,,,2.3902439024390243
IND152116AAA,IND152107AAA,1.2666666666666666,4.0,32.0,22.495,1,,1.2666666666666666,,,,1.2666666666666666
IND152123AAA,IND152026AAA,2.345454545454545,74.0,541.0,65.8803,1,,2.345454545454545,,,,2.345454545454545
IND160002AAC,IND000000ACA,1.984126984126984,63.0,153.5,89.61054999999999,28,,1.984126984126984,1.608695652173913,1.8918067226890756,,2.015873015873016
IND160002AAC,IND000000ACB,1.9905436823750335,209.5,236.5,280.26784999999995,66,,1.9905436823750335,2.147619047619048,1.919431279620853,2.0142403648394884,2.1800947867298577
IND160002AAC,IND110037AAM,1.8054054054054052,149.0,171.0,229.1577,9,,1.8054054054054052,1.8054054054054052,,,
IND160002AAC,IND131028AAB,1.9154387833599622,119.0,139.0,182.03404999999998,12,,1.9154387833599622,,,1.9154387833599622,
IND160002AAC,IND134203AAA,2.2127659574468086,57.0,64.0,52.543800000000005,1,2.2127659574468086,,,,,2.2127659574468086
IND160002AAC,IND135001AAA,1.8688524590163933,53.0,35.0,67.1824,1,,1.8688524590163933,,,,1.8688524590163933
IND160002AAC,IND140301AAA,1.434782608695652,20.0,72.0,38.183,21,,1.434782608695652,,,1.5217391304347827,1.434782608695652
IND160002AAC,IND140603AAA,1.2413793103448276,7.0,72.0,38.4227,29,1.2413793103448276,,,1.2413793103448276,1.3214285714285714,1.2413793103448276
IND160002AAC,IND140901AAA,1.446808510638298,21.0,51.0,57.0374,21,1.446808510638298,,,,1.2659574468085106,1.5
IND160002AAC,IND142001AAB,1.8360875706214688,102.0,140.0,164.47115000000002,18,,1.8360875706214688,1.8360875706214688,,,
IND160002AAC,IND143001AAA,1.9830508474576272,177.0,416.0,247.0728,11,,1.9830508474576272,,1.9830508474576272,,
IND160002AAC,IND144001AAB,2.1621621621621623,129.0,339.0,158.5797,13,,2.1621621621621623,2.0357142857142856,2.1756756756756754,,
IND160002AAC,IND147001AAB,2.055555555555556,38.0,152.0,46.7842,3,,2.055555555555556,,,2.055555555555556,
IND160002AAC,IND147001AAD,2.0526315789473686,36.0,125.0,52.5001,7,,2.0526315789473686,,,2.0526315789473686,
IND160002AAC,IND147101AAA,2.23728813559322,80.0,94.0,73.8163,9,,2.23728813559322,,,2.23728813559322,
IND160002AAC,IND147105AAA,2.0595238095238093,89.0,80.0,102.25,3,,2.0595238095238093,,,2.0595238095238093,
IND160002AAC,IND151001AAA,1.7134146341463414,116.0,563.0,203.9193,15,,1.7134146341463414,1.5569620253164558,1.7134146341463414,,1.725609756097561
IND160002AAC,IND160003AAA,2.0,31.0,45.0,41.4919,1,2.0,,,2.0,,
IND160002AAC,IND160055AAA,1.095292115711855,4.0,75.0,33.87625,16,1.095292115711855,,,1.0987804878048781,,1.0357142857142856
IND160002AAC,IND160102AAC,1.7647058823529411,26.0,152.0,44.638,25,1.7647058823529411,,1.6357142857142857,,1.5294117647058822,1.910924369747899
IND160002AAC,IND173212AAA,2.1426985370950886,100.5,148.0,99.599,18,,2.1426985370950886,,,2.1426985370950886,
IND160002AAC,IND174001AAA,2.043011305241521,145.5,81.0,180.0813,16,,2.043011305241521,,,2.043011305241521,
IND160002AAC,IND174103AAA,1.3076923076923077,20.0,261.0,77.5153,1,,1.3076923076923077,,,1.3076923076923077,
IND160002AAC,IND174307AAA,1.3536019536019537,64.0,72.5,194.45555000000002,14,,1.3536019536019537,,,1.3555555555555556,1.3111111111111111
IND160002AAC,IND176041AAA,1.4383332559111812,91.0,31.5,229.16465,2,,1.4383332559111812,,,1.4383332559111812,
IND160002AAC,IND181152AAA,1.8546606619187265,264.0,389.5,378.49694999999997,2,,1.8546606619187265,,1.8546606619187265,,
IND160002AAC,IND184104AAA,1.8208802953750487,204.0,499.0,314.00604999999996,6,,1.8208802953750487,,1.8208802953750487,,
IND160002AAC,IND421302AAG,2.535964912280701,1751.0,406.0,1584.1409,1,,2.535964912280701,,2.535964912280701,,
IND160002AAC,IND562132AAA,2.244365361803084,2098.0,18.0,2326.1991000000003,1,,2.244365361803084,,,2.244365361803084,
IND160003AAA,IND160002AAC,3.0,68.0,382.0,44.446,1,3.0,,,3.0,,
IND160055AAA,IND160002AAC,1.1,4.0,47.0,33.5366,21,1.1,,,,,1.1
IND160102AAC,IND160002AAC,2.0702614379084965,36.5,104.5,44.65575,28,2.0702614379084965,,2.1882352941176473,2.485294117647059,1.9705882352941178,1.9379084967320261
IND160102AAD,IND160002AAC,1.5900735294117647,19.5,36.5,43.6608,12,1.5900735294117647,,,,,1.5900735294117647
IND160102AAD,IND160002AAD,2.117647058823529,38.0,68.0,44.446,3,2.117647058823529,,2.117647058823529,,,
IND173025AAA,IND160002AAC,2.3737373737373737,136.0,52.0,106.4389,11,,2.3737373737373737,,2.198019801980198,,2.506868686868687
IND173212AAA,IND134102AAA,3.8484848484848486,94.0,39.5,43.25705000000001,2,,3.8484848484848486,,3.787878787878788,,3.909090909090909
IND173212AAA,IND160002AAC,2.0105263157894737,96.0,42.0,101.7296,1,,2.0105263157894737,,2.0105263157894737,,
IND173212AAA,IND173220AAA,3.3076923076923075,60.0,46.0,36.8201,5,,3.3076923076923075,,,,3.3076923076923075
IND173212AAA,IND174103AAA,3.375,114.0,34.0,58.7798,1,,3.375,,,,3.375
IND173220AAA,IND173212AAA,3.53125,81.0,14.0,41.0419,1,,3.53125,,,,3.53125
IND173220AAA,IND174103AAA,2.628571428571429,31.0,24.0,21.279449999999997,2,,2.628571428571429,,3.1904761904761907,,2.066666666666667
IND174001AAA,IND175018AAA,2.5185185185185186,41.0,44.0,37.6677,15,,2.5185185185185186,,,,2.5185185185185186
IND174021AAA,IND176048AAA,2.086666666666667,29.5,10.5,28.26305,12,,2.086666666666667,,2.4512820512820515,,1.945925925925926
IND174101AAB,IND134102AAA,2.6666666666666665,35.0,16.0,30.2666,1,,2.6666666666666665,,,,2.6666666666666665
IND174101AAB,IND160002AAC,2.5064935064935066,116.0,31.0,93.2949,11,,2.5064935064935066,,2.5032467532467533,,2.961038961038961
IND174103AAA,IND160002AAC,2.7384615384615385,113.0,36.0,77.22575,6,,2.7384615384615385,,2.2691142191142193,,3.184615384615385
IND174307AAA,IND176041AAA,1.0769230769230769,4.0,19.0,35.9815,17,,1.0769230769230769,,1.2142857142857142,,1.0573294629898404
IND175001AAA,IND175101AAA,1.9726027397260275,71.0,43.0,63.4834,17,,1.9726027397260275,,1.8630136986301369,,2.0001801801801804
IND175015AAA,IND174001AAA,7.263157894736842,833.0,42.0,122.0761,13,,7.263157894736842,,7.263157894736842,,
IND175018AAA,IND175001AAA,2.9333333333333336,29.0,20.0,22.1319,16,,2.9333333333333336,,3.066666666666667,,2.8
IND175101AAA,IND160002AAC,2.2825844205408004,341.0,31.0,284.94085,4,,2.2825844205408004,,2.2825844205408004,,
IND176048AAA,IND175015AAA,2.021505376344086,95.0,5.0,78.5847,11,,2.021505376344086,,1.842331635540464,,2.0526315789473686
IND176061AAA,IND160002AAC,3.0144210933470865,562.5,32.0,288.7885,2,,3.0144210933470865,4.003571428571429,2.025270758122744,,
IND176110AAB,IND177033AAA,2.1,33.0,16.0,27.3424,9,,2.1,,2.1,,
IND176201AAA,IND176303AAA,1.6027397260273972,44.0,8.0,65.2679,9,,1.6027397260273972,,1.6027397260273972,,
IND176215AAA,IND176061AAA,1.8695652173913044,40.0,58.0,33.5998,3,,1.8695652173913044,1.8695652173913044,1.707427536231884,,
IND176303AAA,IND176310AAA,1.335704291044776,22.0,20.5,45.695350000000005,10,,1.335704291044776,,1.335704291044776,,
IND176310AAA,IND145001AAA,6.177514792899408,890.0,30.0,124.2269,13,,6.177514792899408,5.788235294117647,6.203699925185337,,
IND177001AAA,IND176110AAB,1.809523809523809,19.0,31.0,24.0675,7,,1.809523809523809,,1.8136363636363635,,1.809523809523809
IND177033AAA,IND160002AAC,2.886503443374262,381.0,90.0,214.3071,18,,2.886503443374262,,2.886503443374262,,
IND177101AAA,IND176001AAA,1.6966101694915254,41.5,34.5,43.86415,2,,1.6966101694915254,,1.6966101694915254,,
IND177101AAA,IND176001AAB,1.2203389830508475,13.0,33.0,42.9878,1,,1.2203389830508475,,,,1.2203389830508475
IND177203AAA,IND177101AAA,1.5135135135135136,19.0,24.0,32.0739,3,,1.5135135135135136,,1.4054054054054057,,2.328185328185328
IND181152AAA,IND184121AAA,1.4666666666666666,14.0,23.0,36.5022,5,,1.4666666666666666,,1.4666666666666666,,
IND181152AAB,IND160002AAC,1.983221476510067,293.0,182.0,376.721,1,,1.983221476510067,,1.983221476510067,,
IND181152AAB,IND181201AAB,3.217391304347826,51.0,22.0,32.1035,7,3.217391304347826,,,,,3.217391304347826
IND181152AAB,IND184121AAA,1.640625,20.5,156.5,36.462650000000004,4,,1.640625,,1.71875,,1.5625
IND181201AAB,IND181152AAB,5.08307453416149,98.5,96.0,31.752499999999998,8,5.08307453416149,,,5.130434782608695,,4.304347826086956
IND184104AAA,IND160002AAC,1.8668192219679636,198.5,22.0,300.79385,4,,1.8668192219679636,,1.8668192219679636,,
IND184104AAA,IND181152AAA,1.4857142857142858,34.0,48.0,77.64269999999999,3,,1.4857142857142858,,,,1.4857142857142858
IND184104AAA,IND181152AAB,1.359154929577465,25.5,38.5,78.2616,2,,1.359154929577465,,,,1.359154929577465
IND184104AAA,IND184121AAA,1.575,23.0,18.0,43.1069,3,,1.575,,,1.6428571428571428,1.3003205128205129
IND184121AAA,IND160002AAC,1.8226415094339623,218.0,24.0,340.6044,5,,1.8226415094339623,1.7849056603773583,1.8680876720102142,,
IND184121AAA,IND181152AAA,1.375,12.0,3.0,36.7359,1,,1.375,,,,1.375
IND184121AAA,IND181152AAB,1.3225806451612905,10.0,50.0,34.7509,1,,1.3225806451612905,,,,1.3225806451612905
IND184121AAA,IND184104AAA,1.205128205128205,8.0,22.0,41.0848,3,,1.205128205128205,,1.205128205128205,,
IND201001AAA,IND201007AAA,3.076923076923077,27.0,24.0,10.5612,5,3.076923076923077,,,3.076923076923077,,2.9642857142857144
IND201001AAC,IND000000ACB,2.4705882352941178,125.0,35.0,107.9784,1,2.4705882352941178,,,,,2.4705882352941178
IND201001AAC,IND110037AAM,1.8295454545454546,36.5,102.0,41.81025,2,1.8295454545454546,,2.2045454545454546,,1.4545454545454546,
IND201005AAA,IND201007AAA,3.2857142857142856,32.0,19.0,10.9884,1,3.2857142857142856,,,,,3.2857142857142856
IND201007AAA,IND201001AAA,1.4455128205128205,5.5,42.5,10.4857,4,1.4455128205128205,,,,1.3076923076923077,1.5833333333333333
IND201007AAA,IND201005AAA,2.076923076923077,14.0,87.0,10.4686,3,2.076923076923077,,,,2.076923076923077,
IND201007AAA,IND201007AAB,5.368421052631579,83.0,13.0,13.7023,1,5.368421052631579,,,5.368421052631579,,
IND201007AAA,IND245101AAA,2.047169811320755,55.5,53.0,45.9469,2,2.047169811320755,,,,,2.047169811320755
IND201007AAA,IND245304AAA,2.216216216216216,45.0,59.0,32.4253,11,2.216216216216216,,,,2.266002844950213,1.947368421052632
IND201007AAB,IND110044AAB,1.7543103448275863,23.0,96.0,28.59585,10,1.7543103448275863,,1.7543103448275863,,1.475,
IND201007AAB,IND201007AAA,4.035714285714286,42.5,28.0,11.77685,2,4.035714285714286,,4.035714285714286,,,
IND201007AAB,IND201301AAF,2.933333333333333,29.0,61.0,13.0087,5,2.933333333333333,,3.247916666666667,,2.466666666666667,
IND201204AAA,IND250002AAA,1.6428571428571428,13.5,5.5,23.08345,6,,1.6428571428571428,,,,1.6428571428571428
IND201301AAD,IND110037AAM,5.252123552123551,152.5,41.5,35.39905,2,5.252123552123551,,,5.252123552123551,,
IND201301AAF,IND201301AAL,1.4166666666666667,10.0,48.0,21.5816,1,1.4166666666666667,,,1.4166666666666667,,
IND201301AAF,IND201304AAA,1.7951388888888888,13.0,37.0,11.358550000000001,12,1.7951388888888888,,,1.8395833333333333,1.3333333333333333,1.7777777777777777
IND201301AAF,IND203205AAA,2.0,45.0,54.0,45.0338,19,,2.0,,,1.9782608695652173,2.2111111111111112
IND201301AAL,IND201301AAF,1.68,17.0,46.0,23.3817,11,1.68,,,1.7333333333333334,,1.6108333333333333
IND201301AAL,IND201307AAA,1.263157894736842,5.0,137.0,19.5069,5,1.263157894736842,,,1.4285714285714286,,1.2506265664160399
IND201301AAM,IND000000ACB,1.8974358974358971,100.0,100.0,96.1311,27,1.8974358974358971,,2.0384615384615383,,1.8773923444976077,2.0256191992970507
IND201304AAA,IND201301AAF,2.2225274725274726,16.0,23.0,11.5059,18,2.2225274725274726,,,2.178571428571429,,2.287179487179487
IND201306AAA,IND201301AAF,3.1077694235588975,42.0,98.0,17.5018,8,3.1077694235588975,,,2.736842105263158,,3.263157894736842
IND201306AAA,IND201304AAA,11.6,159.0,42.0,13.3995,1,11.6,,,,,11.6
IND201307AAA,IND201301AAL,1.256578947368421,5.0,25.5,18.92705,28,1.256578947368421,,,1.35,,1.1666666666666667
IND202001AAB,IND110037AAM,2.0846153846153848,141.0,85.0,147.5217,1,,2.0846153846153848,,,,2.0846153846153848
IND202001AAB,IND205001AAB,2.543269230769231,160.5,71.5,136.7223,8,,2.543269230769231,2.543269230769231,,,
IND202001AAB,IND207123AAA,2.376114827201784,84.0,199.0,79.23894999999999,2,,2.376114827201784,,,2.376114827201784,
IND202001AAB,IND282002AAD,2.0675675675675675,80.0,45.0,92.1499,10,,2.0675675675675675,2.472972972972973,2.6619718309859155,1.7815022815022816,
IND202001AAC,IND204215AAA,2.8001672240802673,44.0,8.5,34.220699999999994,4,2.8001672240802673,,,,,2.8001672240802673
IND203001AAA,IND203131AAA,3.615384615384616,33.0,1.0,17.2807,5,,3.615384615384616,,,,3.615384615384616
IND203131AAA,IND203135AAA,1.5,18.5,17.5,34.75995,16,,1.5,,,,1.5
IND203135AAA,IND203390AAA,1.5401509951956074,50.5,52.0,94.05095,4,,1.5401509951956074,,,,1.5401509951956074
IND203135AAA,IND203396AAB,1.5517241379310345,31.5,55.5,55.8355,12,,1.5517241379310345,,,,1.5517241379310345
IND203390AAA,IND201301AAF,2.5958440721649483,154.0,188.0,103.09845,20,,2.5958440721649483,,2.5958440721649483,,
IND203396AAB,IND203390AAA,1.3333333333333333,13.0,18.0,43.1407,15,,1.3333333333333333,,1.3333333333333333,,
IND204101AAA,IND202001AAB,2.961337513061651,63.0,50.5,40.3863,2,,2.961337513061651,,,,2.961337513061651
IND204101AAA,IND282002AAD,5.194870438921205,258.0,31.0,78.21105,2,,5.194870438921205,,,,5.194870438921205
IND204215AAA,IND207001AAA,3.1363636363636367,48.0,39.0,32.1965,6,3.1363636363636367,,,,,3.1363636363636367
IND205001AAB,IND110037AAM,3.3189655172413794,538.0,180.0,285.9302,1,,3.3189655172413794,,,3.3189655172413794,
IND205001AAB,IND205135AAA,2.0914473684210524,42.5,217.5,43.50965000000001,8,2.025,2.1578947368421053,1.95,,2.1578947368421053,
IND205001AAB,IND209625AAA,2.6779661016949152,99.0,45.0,65.611,1,,2.6779661016949152,,,2.6779661016949152,
IND205001AAB,IND209721AAB,2.25,50.0,86.5,52.995850000000004,10,,2.25,2.690909090909091,,2.2125,
IND205001AAB,IND283203AAA,4.689655172413793,214.0,105.0,66.034,1,,4.689655172413793,,,4.689655172413793,
IND205135AAA,IND283203AAA,2.2,21.0,28.0,22.3905,13,2.2,2.176470588235294,,,,2.2
IND206001AAA,IND000000ACB,1.9594093910491561,224.0,33.5,310.43625,20,,1.9594093910491561,,,,1.9594093910491561
IND206122AAA,IND206001AAA,1.4893617021276595,23.0,22.0,66.91369999999999,19,,1.4893617021276595,,,,1.4893617021276595
IND207001AAA,IND207302AAA,1.6024970963995355,25.0,43.5,51.51875,6,1.6024970963995355,,,,,1.6024970963995355
IND207123AAA,IND202001AAB,8.098039215686274,362.0,66.0,70.0116,1,,8.098039215686274,,,,8.098039215686274
IND207247AAB,IND205001AAB,2.2685185185185186,68.5,98.0,51.43945,10,,2.2685185185185186,1.7777777777777777,2.333333333333333,,
IND207302AAA,IND202001AAB,5.019807923169267,199.5,176.0,68.3236,6,5.019807923169267,,,1.1106227106227107,,6.529611844737895
IND208006AAA,IND209304AAA,6.551724137931035,161.0,65.0,31.5818,3,6.551724137931035,,,,,6.551724137931035
IND208012AAA,IND209304AAA,36.785714285714285,647.0,487.0,20.1315,13,36.785714285714285,,,,,36.785714285714285
IND208017AAA,IND209304AAA,15.68030303030303,228.5,231.5,17.4078,6,15.68030303030303,,15.133333333333333,,,16.227272727272727
IND208019AAA,IND209304AAA,9.40625,167.0,35.5,17.46825,6,9.40625,,9.40625,,,
IND209101AAA,IND209111AAA,0.8863636363636364,-5.0,11.0,63.698800000000006,17,,0.8863636363636364,,1.2173913043478262,,0.8765151515151515
IND209111AAA,IND285001AAD,2.1714285714285717,41.0,21.0,49.9361,21,,2.1714285714285717,,2.555555555555556,,2.15515873015873
IND209206AAB,IND210301AAA,2.2,18.0,19.0,21.6843,15,2.2,,,,,2.2
IND209304AAA,IND000000ACB,1.960244648318043,314.0,193.0,445.7063,35,,1.960244648318043,1.902140672782875,2.019877675840979,2.125714285714286,1.9051987767584095
IND209304AAA,IND110037AAM,2.230010052088093,428.0,97.0,468.20645,6,,2.230010052088093,2.032258064516129,2.4277620396600565,,
IND209304AAA,IND206122AAA,1.6262254901960784,30.5,440.0,70.4301,20,,1.6262254901960784,1.6366421568627452,,1.5918367346938775,
IND209304AAA,IND208006AAA,1.51,17.0,75.0,30.67055,14,1.51,,,,2.23,1.48
IND209304AAA,IND208012AAA,1.2727272727272727,6.0,112.0,29.0013,21,1.2727272727272727,,,,1.2727272727272727,1.0619047619047617
IND209304AAA,IND208019AAA,4.80625,59.0,78.0,16.2845,18,4.80625,,,,5.6875,4.5
IND209304AAA,IND209101AAA,3.0,29.0,80.0,20.87515,16,,3.0,,,3.0,9.63888888888889
IND209304AAA,IND209206AAB,0.7844827586206897,-12.5,108.5,57.58725,18,0.7844827586206897,,,,0.7844827586206897,0.809134906231095
IND209304AAA,IND209801AAA,2.25,72.5,46.5,47.9448,20,2.25,,,,,2.25
IND209304AAA,IND211002AAB,1.5755395683453235,80.0,206.0,196.4566,21,,1.5755395683453235,1.5002050173332835,,1.5755395683453235,
IND209304AAA,IND212601AAA,2.2164179104477615,81.5,113.0,96.66810000000001,16,,2.2164179104477615,,,2.2238805970149254,1.9852941176470589
IND209304AAA,IND221313AAA,2.0562770562770565,244.0,559.5,326.2649,6,,2.0562770562770565,2.0562770562770565,,,
IND209304AAA,IND282001AAA,2.409090909090909,279.0,125.0,259.6838,9,,2.409090909090909,1.5153061224489797,2.462198515769945,,
IND209625AAA,IND241124AAB,1.3636363636363635,24.0,43.0,52.5103,11,,1.3636363636363635,,,1.4307692307692308,1.3587412587412588
IND209721AAB,IND209625AAA,1.3394886363636362,11.0,19.0,28.744349999999997,10,,1.3394886363636362,,,1.3707386363636362,1.2924107142857144
IND209801AAA,IND209304AAA,20.75757575757576,652.0,101.0,46.019400000000005,5,20.75757575757576,,,,,20.75757575757576
IND210001AAA,IND210427AAA,3.822528883183569,111.5,45.5,54.8667,10,,3.822528883183569,,3.7521341463414632,,3.997638326585695
IND210427AAA,IND209304AAA,2.9915254237288136,235.0,36.0,164.1901,9,,2.9915254237288136,3.995621409555836,2.9915254237288136,,
IND210431AAA,IND209304AAA,2.369369369369369,152.0,306.0,125.92,5,,2.369369369369369,4.633928571428571,2.3346846846846843,,
IND210501AAB,IND209304AAA,2.4615384615384617,133.0,38.5,115.4576,16,2.4615384615384617,,,1.8956043956043955,,2.4835164835164836
IND211002AAB,IND209304AAA,1.855072463768116,121.5,58.0,196.00885,16,,1.855072463768116,,,,1.855072463768116
IND211002AAB,IND211011AAA,4.625,26.0,62.0,10.3753,13,4.625,,,,,4.625
IND211002AAB,IND211013AAA,5.071428571428571,58.0,61.0,20.5758,7,5.071428571428571,,,,,5.071428571428571
IND211002AAB,IND485001AAC,2.473684210526316,196.0,121.0,185.3955,13,,2.473684210526316,,,,2.473684210526316
IND211008AAA,IND211002AAB,9.28125,132.5,63.0,22.83415,6,9.28125,,,8.6875,,9.875
IND211010AAB,IND211002AAB,4.0,18.0,965.0,9.8043,1,4.0,,,4.0,,
IND211011AAA,IND212501AAA,3.952380952380953,62.0,28.0,30.4269,13,3.952380952380953,,,3.857142857142857,,4.1190476190476195
IND212402AAA,IND211002AAB,29.13888888888889,1013.0,77.0,48.8429,13,29.13888888888889,,,29.13888888888889,,
IND212501AAA,IND212402AAA,1.72,18.0,30.0,23.4775,13,1.72,,,1.72,,
IND212601AAA,IND210001AAA,2.335668103448276,82.5,27.0,84.96755,16,,2.335668103448276,,2.3793103448275863,,2.327586206896552
IND221010AAA,IND221005A1A,4.166666666666667,38.0,2303.0,13.1201,1,4.166666666666667,,4.166666666666667,,,
IND221010AAB,IND222001AAA,2.731707317073171,71.0,677.0,57.9928,1,,2.731707317073171,,2.731707317073171,,
IND221010AAB,IND232101AAB,27.0,546.0,130.0,25.0859,1,27.0,,27.0,,,
IND221010AAB,IND233001AAA,11.214285714285714,572.0,133.0,78.735,3,,11.214285714285714,9.847883597883598,12.375,,
IND221303AAA,IND231001AAA,1.625,15.0,24.0,29.2527,3,,1.625,,,,1.625
IND221313AAA,IND211002AAB,4.054172510518934,282.5,477.5,130.92185,6,,4.054172510518934,3.5698924731182795,4.210086489013557,,
IND221313AAA,IND221010AAA,4.0625,24.5,70.5,10.7186,2,4.0625,,,4.0625,,
IND221313AAA,IND221401AAA,16.714285714285715,550.0,89.0,47.8665,1,,16.714285714285715,16.714285714285715,,,
IND221313AAA,IND222136AAA,18.35,694.0,92.0,56.2867,1,,18.35,,18.35,,
IND221313AAA,IND232101AAB,28.727272727272727,610.0,78.0,29.6438,3,28.727272727272727,,28.727272727272727,,,
IND221313AAA,IND276128AAA,9.775351231047434,746.0,66.5,111.70515,2,,9.775351231047434,9.775351231047434,,,
IND221401AAA,IND221303AAA,2.71875,27.5,19.0,17.918,2,,2.71875,,,,2.71875
IND221706AAA,IND273014AAB,3.9204545454545454,252.0,23.0,117.0923,11,,3.9204545454545454,,3.9204545454545454,,
IND222001AAA,IND222136AAA,2.9166666666666665,23.0,26.0,17.665200000000002,1,,2.9166666666666665,,,2.9166666666666665,
IND222125AAB,IND222001AAA,2.7777777777777777,32.0,12.0,26.3353,1,,2.7777777777777777,,2.7777777777777777,,
IND223101AAB,IND222125AAB,2.074074074074074,29.0,39.0,29.0356,7,,2.074074074074074,,2.074074074074074,,
IND224001AAA,IND224141AAB,3.15,52.0,16.0,33.9283,13,2.925925925925926,3.333333333333333,,3.15,,
IND224141AAB,IND224122AAA,2.8947368421052637,36.0,36.0,27.4148,17,2.8833333333333333,2.8947368421052637,2.897368421052632,2.8666666666666667,,
IND226004AAA,IND226016AAA,4.207608695652174,69.5,13.5,20.3084,6,4.207608695652174,,,,,4.207608695652174
IND226004AAA,IND226024AAA,2.6923076923076925,22.0,97.0,19.077,1,2.6923076923076925,,,,,2.6923076923076925
IND231205AAA,IND231216AAA,3.3,46.0,18.0,22.9972,3,,3.3,,3.3,,
IND231208AAA,IND231217AAA,1.8070652173913042,19.0,33.0,33.65495,6,,1.8070652173913042,,,1.875,1.565217391304348
IND231217AAA,IND231225AAB,2.4,35.0,31.0,36.3769,7,,2.4,,,,2.4
IND231225AAB,IND486886AAA,1.6296296296296295,17.0,29.0,23.9771,7,,1.6296296296296295,,,,1.6296296296296295
IND232101AAB,IND232104AAB,3.230769230769231,29.0,36.0,14.0639,7,3.230769230769231,,,,,3.230769230769231
IND232104AAB,IND221010AAB,2.4,42.0,147.0,36.537,1,2.4,,,,,2.4
IND232104AAB,IND232327AAA,2.131578947368421,86.0,16.0,77.0534,1,2.131578947368421,,,,,2.131578947368421
IND232104AAB,IND233221AAC,1.8264528703047485,66.5,73.5,81.3904,2,1.8264528703047485,,,,,1.8264528703047485
IND233001AAA,IND275101AAA,3.4482758620689653,71.0,38.0,41.6421,3,,3.4482758620689653,,,,3.4482758620689653
IND233001AAA,IND275503AAA,3.452380952380953,103.0,39.0,59.8164,1,,3.452380952380953,,,,3.452380952380953
IND241124AAB,IND242001AAA,2.1856617647058822,19.5,21.5,23.759149999999998,4,,2.1856617647058822,,,,2.1856617647058822
IND242001AAA,IND242307AAB,6.230769230769231,68.0,10.0,19.7927,1,,6.230769230769231,,,,6.230769230769231
IND242221AAA,IND207247AAB,3.10989010989011,192.0,24.0,89.5042,5,,3.10989010989011,,3.2111111111111112,,2.827167277167277
IND242307AAB,IND207247AAB,2.210526315789474,161.0,30.0,139.6498,5,,2.210526315789474,,2.015151515151515,,2.268939393939394
IND242307AAB,IND242221AAA,1.4634146341463414,19.0,18.0,50.1024,5,,1.4634146341463414,,,,1.4634146341463414
IND243001AAA,IND243503AAB,2.2962962962962963,35.0,83.0,27.4398,13,,2.2962962962962963,,,,2.2962962962962963
IND243001AAA,IND244901AAB,2.0222222222222226,46.0,572.5,60.4207,2,,2.0222222222222226,,,,2.0222222222222226
IND243002AAA,IND243503AAB,2.185185185185185,32.0,59.0,26.236,1,,2.185185185185185,,,,2.185185185185185
IND243201AAA,IND262001AAA,2.0204545454545455,45.5,10.0,45.21255,4,2.0204545454545455,,,,,2.0204545454545455
IND243301AAB,IND244901AAB,1.3430672268907564,29.0,482.5,69.70885000000001,10,,1.3430672268907564,,1.4482758620689655,,1.3214285714285714
IND243301AAB,IND244901AAC,1.2823529411764705,24.0,241.0,69.31265,2,,1.2823529411764705,,1.3647058823529412,,1.2
IND243503AAB,IND244901AAB,2.772727272727273,117.0,379.0,93.7487,11,,2.772727272727273,,2.772727272727273,,2.729647218453189
IND244001AAA,IND263153AAB,1.9661686627978763,87.0,35.5,92.53125,16,,1.9661686627978763,1.9661686627978763,,,
IND244221AAA,IND131028AAB,1.873015873015873,110.0,57.0,163.4916,21,,1.873015873015873,,,1.4960629921259845,1.8892106392106391
IND244235AAA,IND244901AAB,0.8883495145631068,-11.5,87.5,105.67475,20,,0.8883495145631068,0.8883495145631068,,,
IND244301AAA,IND244412AAA,1.6129032258064515,19.0,19.0,28.7669,11,,1.6129032258064515,,,,1.6129032258064515
IND244412AAA,IND243301AAB,0.7329545454545454,-23.5,27.5,97.2619,10,,0.7329545454545454,,,,0.7329545454545454
IND244412AAA,IND244901AAB,1.9875,79.0,514.0,81.0512,3,,1.9875,,,,1.9875
IND244501AAA,IND244601AAB,1.3099206349206352,22.0,18.0,30.96275,8,,1.3099206349206352,,1.3099206349206352,,
IND244601AAB,IND244901AAB,1.123456790123457,10.0,159.0,71.459,9,,1.123456790123457,,1.123456790123457,,
IND244713AAA,IND244715AAA,1.25,9.0,34.0,24.3298,1,,1.25,,1.25,,
IND244713AAA,IND263401AAA,2.0217391304347827,23.5,35.0,24.23255,16,,2.0217391304347827,,,,2.0217391304347827
IND244715AAA,IND244713AAA,0.9615384615384617,-1.5,34.5,26.677100000000003,16,,0.9615384615384617,,,,0.9615384615384617
IND244715AAA,IND263401AAA,1.360655737704918,22.0,28.0,47.7291,1,,1.360655737704918,,1.360655737704918,,
IND244901AAB,IND243002AAA,2.3507246376811595,61.0,388.5,60.45595,16,,2.3507246376811595,2.506280193236715,,2.218439716312057,
IND244901AAB,IND243201AAA,2.890625,121.0,245.0,72.38080000000001,1,2.890625,,,,2.890625,
IND244901AAB,IND243503AAB,5.307692307692308,280.0,583.0,93.314,1,,5.307692307692308,5.307692307692308,,,
IND244901AAB,IND244221AAA,0.9802436125965538,-2.0,270.5,89.691,20,,0.9802436125965538,0.898989898989899,,1.0098039215686274,
IND244901AAB,IND244301AAA,0.8119266055045872,-20.5,95.0,100.73965,10,,0.8119266055045872,,,0.8256880733944955,0.7247706422018348
IND244901AAB,IND244921AAB,3.0434782608695654,47.0,226.0,28.2658,5,3.0434782608695654,,2.333333333333333,,3.0434782608695654,
IND244901AAB,IND246725AAB,1.148,18.5,71.0,117.8225,14,,1.148,,,1.144,1.176
IND244901AAC,IND244921AAB,1.75,18.0,13.0,28.5055,1,1.75,,,,,1.75
IND244921AAB,IND243201AAA,2.1373626373626373,46.5,9.5,45.5527,2,2.1373626373626373,,,,,2.1373626373626373
IND244921AAB,IND262001AAA,2.0240963855421685,85.0,9.0,99.3145,1,2.0240963855421685,,,,,2.0240963855421685
IND245101AAA,IND201007AAA,2.719795918367347,85.0,23.5,46.364450000000005,2,2.719795918367347,,,,,2.719795918367347
IND245101AAA,IND245304AAA,2.333333333333333,25.0,56.0,15.1691,15,2.333333333333333,,,,,2.333333333333333
IND245304AAA,IND201007AAA,2.647058823529412,56.0,30.0,31.869,13,2.647058823529412,,,,,2.647058823529412
IND245304AAA,IND245101AAA,1.7104166666666667,11.0,27.0,15.96575,14,1.7104166666666667,,,,,1.7104166666666667
IND246001AAA,IND249201AAA,1.2757265547120622,44.5,719.0,108.9425,4,,1.2757265547120622,1.2160493827160497,1.3354037267080745,,
IND246149AAA,IND249407AAA,2.689655172413793,98.0,458.0,74.4466,15,,2.689655172413793,,3.017543859649123,,2.6869328493647915
IND246174AAA,IND246444AAB,1.2083524027459955,19.5,47.5,62.1105,16,,1.2083524027459955,1.2572861920688008,1.2083524027459955,,
IND246424AAA,IND246174AAA,1.2563086548488007,35.5,907.5,92.9496,16,,1.2563086548488007,1.213970588235294,1.3899265156154317,,
IND246444AAB,IND246424AAA,1.4090909090909092,18.0,8.0,28.0878,15,,1.4090909090909092,1.4138477801268499,1.3953488372093024,,1.555094130675526
IND246701AAA,IND246763AAA,1.9230769230769234,23.5,19.5,34.26045,12,,1.9230769230769234,,,,1.9230769230769234
IND246725AAB,IND246701AAA,1.4844155844155844,16.0,9.0,37.17675,10,,1.4844155844155844,,,,1.4844155844155844
IND246761AAA,IND244501AAA,0.462113558294605,-53.5,21.5,59.060249999999996,10,,0.462113558294605,,0.46691403834260975,,0.4598459845984598
IND246761AAA,IND244601AAB,1.2291666666666667,11.0,30.0,46.8614,1,,1.2291666666666667,,1.2291666666666667,,
IND246761AAA,IND244901AAB,1.221311475409836,27.0,250.0,121.4712,1,,1.221311475409836,,1.221311475409836,,
IND246763AAA,IND244901AAB,1.409937888198758,66.0,398.0,174.135,3,,1.409937888198758,,1.5974025974025974,,1.4037267080745344
IND246763AAA,IND246761AAA,2.5161290322580645,47.0,14.0,43.7156,11,,2.5161290322580645,,2.338709677419355,,2.566666666666667
IND247554AAA,IND248001AAA,1.193798449612403,25.0,61.0,91.68485,12,,1.193798449612403,,,1.193798449612403,1.0703125
IND247554AAA,IND248001AAD,1.408258560703168,52.5,46.5,91.3592,2,,1.408258560703168,,,1.408258560703168,
IND247667AAA,IND249407AAA,1.8439189189189191,32.5,34.5,30.53235,14,,1.8439189189189191,,,1.7332046332046334,2.1194444444444445
IND247667AAB,IND249407AAA,2.6189939939939944,59.0,22.0,30.3938,2,,2.6189939939939944,,,2.4324324324324325,2.805555555555556
IND247776AAA,IND251309AAB,1.7777777777777777,14.0,13.0,24.5242,9,,1.7777777777777777,,,,1.7777777777777777
IND248001AAA,IND131028AAB,2.0512809312687006,225.0,636.0,246.82999999999998,12,,2.0512809312687006,2.1447772657450077,2.0,,2.078703703703704
IND248001AAD,IND131028AAB,2.078703703703704,233.0,701.0,245.4964,9,2.078703703703704,2.3278080432279213,1.877966725081673,2.389106859460413,,2.2735849056603774
IND248122AAB,IND248001AAA,2.210526315789474,36.0,145.0,35.2443,15,,2.210526315789474,,2.210526315789474,,2.1072874493927127
IND248197AAA,IND248122AAB,2.262054507337526,51.5,47.0,42.60015,16,,2.262054507337526,,2.2142857142857144,,2.30188679245283
IND249201AAA,IND246174AAA,1.6880330689809966,112.5,44.5,110.6677,4,,1.6880330689809966,,,,1.6880330689809966
IND249201AAA,IND249407AAA,7.88,172.0,348.0,21.7934,17,,7.88,,5.888888888888889,,8.82888888888889
IND249407AAA,IND131028AAB,2.7338679304500664,309.5,34.5,194.81115,18,,2.7338679304500664,2.7430167597765363,2.724719101123596,,
IND249407AAA,IND246149AAA,2.4596491228070176,85.5,38.0,74.87025,18,,2.4596491228070176,,,,2.4596491228070176
IND249407AAA,IND249201AAA,1.8397435897435899,21.5,28.0,20.6716,18,,1.8397435897435899,,,,1.8397435897435899
IND250002AAA,IND131028AAB,2.0,65.0,227.0,81.0077,5,,2.0,1.9850746268656716,2.4558823529411766,,
IND250221AAA,IND251201AAA,3.125,34.0,1.0,19.9858,1,,3.125,,,,3.125
IND250611AAA,IND247776AAA,1.9090909090909087,30.0,16.0,39.5746,11,,1.9090909090909087,,,,1.9090909090909087
IND251001AAA,IND247554AAA,2.128623188405797,26.5,45.0,25.75985,12,,2.128623188405797,,,2.128623188405797,
IND251201AAA,IND131028AAB,6.303030303030303,525.0,38.0,119.8797,1,,6.303030303030303,,6.303030303030303,,
IND251201AAA,IND250002AAA,1.902439024390244,37.0,301.0,39.5339,1,,1.902439024390244,,,,1.902439024390244
IND251309AAB,IND131028AAB,1.9787581699346406,69.0,40.0,69.26165,10,,1.9787581699346406,,,,1.9787581699346406
IND261001AAA,IND262701AAA,2.24265306122449,61.5,28.5,53.40135,20,,2.24265306122449,2.0,2.26530612244898,,
IND261201AAB,IND261001AAA,2.6451612903225805,54.0,26.0,37.2152,19,,2.6451612903225805,,2.6559139784946235,,2.4545454545454546
IND262001AAA,IND244901AAB,1.8271604938271604,67.0,474.0,111.7625,1,1.8271604938271604,,,,,1.8271604938271604
IND262001AAA,IND262122AAB,1.7490514905149053,32.0,17.5,47.994299999999996,6,1.7490514905149053,,,1.8976348854397638,,1.7490514905149053
IND262122AAB,IND244901AAB,2.730702681918677,176.5,165.5,143.9487,4,2.730702681918677,,,2.6990291262135924,,3.924528301886793
IND262405AAA,IND263153AAB,7.487804878048781,266.0,459.0,41.5601,2,,7.487804878048781,,,,7.487804878048781
IND262501AAA,IND263153AAB,2.004629326345671,215.0,33.5,233.07465000000002,8,,2.004629326345671,,2.004629326345671,,
IND262701AAA,IND262802AAA,2.1875,28.0,30.0,32.92,20,,2.1875,2.2916666666666665,2.125,,
IND262802AAA,IND262723AAB,2.536231884057971,106.0,39.0,92.4517,21,,2.536231884057971,2.5181159420289854,2.6666666666666665,,
IND263002AAA,IND263645AAA,1.1666666666666667,15.0,32.0,55.6147,13,,1.1666666666666667,,,,1.1666666666666667
IND263139AAA,IND263153AAB,1.3617886178861789,15.0,773.0,35.6109,6,,1.3617886178861789,,,,1.3617886178861789
IND263153AAB,IND131028AAB,2.017543859649123,232.0,174.0,273.4533,17,,2.017543859649123,,,2.017543859649123,
IND263153AAB,IND244713AAA,3.7358490566037736,145.0,39.0,55.5122,1,,3.7358490566037736,,,,3.7358490566037736
IND263153AAB,IND244715AAA,1.704209065679926,65.5,85.0,80.26915,16,,1.704209065679926,,,1.704209065679926,
IND263153AAB,IND263002AAA,1.402061855670103,39.0,87.0,95.3879,13,,1.402061855670103,,,1.402061855670103,
IND263153AAB,IND263139AAA,2.261904761904762,53.0,95.0,35.443400000000004,7,,2.261904761904762,,,2.2738095238095237,1.3902439024390243
IND263153AAB,IND263401AAA,2.5384615384615383,60.0,57.0,40.8,1,,2.5384615384615383,,,,2.5384615384615383
IND263153AAB,IND263645AAA,1.1886792452830188,30.0,144.0,111.4422,1,,1.1886792452830188,,,1.1886792452830188,
IND263401AAA,IND244713AAA,2.409090909090909,31.0,36.0,24.3682,1,,2.409090909090909,,,,2.409090909090909
IND263401AAA,IND263153AAB,1.868421052631579,33.0,616.0,39.9042,15,,1.868421052631579,,2.7631578947368425,,1.868421052631579
IND263601AAA,IND262501AAA,1.9260940251998377,112.5,16.0,112.36295,10,,1.9260940251998377,,1.9908620573809044,,1.9260940251998377
IND263601AAA,IND263153AAB,2.0,164.0,112.0,118.0853,1,,2.0,,2.0,,
IND263601AAA,IND263645AAA,2.019230769230769,53.0,83.0,51.088,1,,2.019230769230769,,,,2.019230769230769
IND263645AAA,IND262501AAA,2.1,176.0,19.0,153.5916,1,,2.1,,,,2.1
IND263645AAA,IND263601AAA,2.046634870164282,51.0,24.0,50.05415,12,,2.046634870164282,,3.0444444444444443,,2.0392156862745097
IND271001AAA,IND271201AAA,3.5,91.0,794.0,43.4184,5,3.5,,3.6583011583011587,3.5,,
IND271001AAA,IND271210AAA,50.72,2486.0,23.0,70.69439999999999,1,50.72,,,50.72,,
IND271201AAA,IND271210AAA,2.3666666666666663,28.0,29.0,29.749250000000004,6,2.3666666666666663,,,,,2.3666666666666663
IND271210AAA,IND271001AAA,3.0733695652173916,97.5,170.0,67.16925,12,3.0733695652173916,,,,,3.0733695652173916
IND272001AAA,IND272175AAA,1.7616459627329193,18.5,42.0,34.901849999999996,2,,1.7616459627329193,1.7616459627329193,,,
IND272001AAA,IND273014AAB,1.6756756756756757,50.0,44.0,109.1028,5,,1.6756756756756757,1.6756756756756757,,,
IND272155AAA,IND272001AAA,1.2916666666666667,7.0,23.0,34.5153,3,,1.2916666666666667,1.2916666666666667,1.36,,
IND272207AAB,IND272153AAC,3.0588235294117645,35.0,9.0,22.9428,3,3.0588235294117645,,,,,3.0588235294117645
IND273014AAB,IND209304AAA,2.339100346020761,387.0,98.0,391.5147,3,,2.339100346020761,2.339100346020761,,,
IND273014AAB,IND273155AAA,2.3125,42.0,65.0,46.0674,5,2.3125,,,,2.3125,2.267045454545454
IND273014AAB,IND273304AAA,2.265432098765432,102.5,73.5,94.458,2,2.265432098765432,,,,2.111111111111111,2.419753086419753
IND273014AAB,IND274001AAA,3.048780487804878,84.0,72.5,56.6973,16,,3.048780487804878,,,3.3,2.625
IND273014AAB,IND274301AAB,2.3902439024390243,57.0,105.0,57.6702,1,,2.3902439024390243,,,2.3902439024390243,
IND273014AAB,IND277303AAC,1.98,98.0,55.5,129.46165000000002,18,,1.98,,,1.96029702970297,2.1633663366336635
IND273155AAA,IND273014AAB,2.75,56.0,415.0,45.4745,1,2.75,,,2.75,,
IND273155AAA,IND273303AAA,1.5333333333333334,8.0,24.0,21.8126,1,1.5333333333333334,,,,,1.5333333333333334
IND273303AAA,IND273304AAA,4.041666666666667,73.0,10.0,33.892199999999995,1,4.041666666666667,,,,,4.041666666666667
IND273304AAA,IND273014AAB,3.929792429792429,187.5,355.5,88.25665,14,3.929792429792429,,,4.87535779339058,,3.929792429792429
IND274001AAA,IND273014AAB,5.642857142857143,195.0,78.0,58.3432,1,,5.642857142857143,,5.642857142857143,,
IND274001AAA,IND274509AAB,1.875,21.0,39.0,29.3603,13,,1.875,,,,1.875
IND274301AAB,IND273014AAB,4.711711711711712,136.0,173.5,52.4335,16,,4.711711711711712,4.083333333333333,4.756756756756757,,
IND274304AAA,IND274304AAB,5.038461538461538,50.5,27.5,19.2075,6,,5.038461538461538,,5.076923076923077,,5.0
IND274304AAB,IND274301AAB,2.294117647058824,22.0,31.0,25.0769,13,,2.294117647058824,,2.3529411764705883,,1.7222222222222223
IND274304AAB,IND274304AAA,2.909090909090909,21.0,28.0,15.9321,1,,2.909090909090909,,,,2.909090909090909
IND274402AAA,IND274301AAB,3.333333333333333,70.0,10.0,43.1058,1,,3.333333333333333,,3.333333333333333,,
IND274402AAA,IND274304AAB,2.833333333333333,22.0,18.5,17.829,4,,2.833333333333333,,2.833333333333333,,3.5384615384615383
IND274509AAB,IND274001AAA,2.208333333333333,29.0,25.0,29.4564,1,,2.208333333333333,,2.208333333333333,,
IND274509AAB,IND274304AAA,2.208333333333333,57.5,14.5,57.75075,2,,2.208333333333333,,,,2.208333333333333
IND274509AAB,IND274402AAA,2.625170068027211,77.5,22.5,58.16275,2,,2.625170068027211,,,,2.625170068027211
IND275101AAA,IND275503AAA,4.136363636363637,34.5,36.0,15.9229,2,,4.136363636363637,,,,4.136363636363637
IND275303AAA,IND276140AAA,2.1525735294117645,19.0,27.0,23.16285,4,,2.1525735294117645,,,,2.1525735294117645
IND275503AAA,IND275303AAA,4.26923076923077,42.5,26.5,18.88785,4,,4.26923076923077,,,,4.26923076923077
IND276128AAA,IND276305AAA,1.6672794117647058,22.0,31.0,33.16330000000001,6,,1.6672794117647058,,1.6470588235294117,,1.6875
IND276129AAA,IND221010AAB,3.7066666666666666,203.0,867.0,79.65169999999999,1,,3.7066666666666666,,3.7066666666666666,,
IND276140AAA,IND276129AAA,2.3783783783783785,51.0,57.0,40.740300000000005,1,,2.3783783783783785,,2.3783783783783785,,
IND276305AAA,IND223101AAB,2.076923076923077,28.0,38.0,28.5942,7,,2.076923076923077,,2.24002849002849,,2.076923076923077
IND277201AAA,IND221706AAA,2.446428571428572,81.0,20.0,85.2529,7,,2.446428571428572,,2.446428571428572,,2.5069444444444446
IND277211AAA,IND277201AAA,2.523809523809524,32.0,15.0,23.5575,5,,2.523809523809524,,2.65,,2.4523809523809526
IND277303AAC,IND277211AAA,1.4142156862745099,15.0,27.0,40.5045,6,,1.4142156862745099,,,,1.4142156862745099
IND281121AAB,IND110037AAM,2.15,136.0,28.0,153.0465,13,,2.15,,,,2.15
IND281401AAA,IND121004AAB,2.261538461538461,82.0,12.0,92.8921,3,2.261538461538461,,,,,2.261538461538461
IND281401AAA,IND321022AAA,1.3529411764705883,12.0,13.0,34.5457,9,1.3529411764705883,,,,,1.3529411764705883
IND282001AAA,IND000000ACB,1.6033519553072626,108.0,89.0,211.3366,5,,1.6033519553072626,1.5881928315862157,,1.6179775280898876,
IND282001AAA,IND110037AAM,1.6683937823834196,129.0,94.0,233.202,7,1.6683937823834196,1.7052631578947368,1.6683937823834196,2.38860103626943,1.6526315789473685,
IND282001AAC,IND000000ACB,1.6307199799133762,112.5,87.5,214.1981,2,,1.6307199799133762,1.4636871508379887,,1.797752808988764,
IND282001AAF,IND283122AAB,2.2441520467836256,23.0,46.5,24.0032,18,2.5789473684210527,2.1666666666666665,,,,2.2441520467836256
IND282002AAD,IND110037AAM,1.5315789473684212,101.0,43.0,231.4202,1,,1.5315789473684212,,,,1.5315789473684212
IND282002AAD,IND204101AAA,2.0125,40.0,58.0,48.160650000000004,4,,2.0125,,,3.0681818181818183,2.0
IND282002AAD,IND205001AAB,2.0397727272727275,91.5,46.0,110.16995,8,,2.0397727272727275,2.0397727272727275,,,
IND282002AAD,IND281004AAA,1.215738209159262,16.5,82.5,81.6038,8,,1.215738209159262,,,,1.215738209159262
IND282002AAD,IND474003AAA,1.537190082644628,65.0,97.0,122.0624,9,,1.537190082644628,1.537190082644628,,,
IND283122AAB,IND282005AAA,16.708333333333332,377.0,838.0,27.7435,3,16.708333333333332,,,,,16.708333333333332
IND283122AAB,IND328001AAA,1.15625,10.0,35.0,72.5083,7,,1.15625,,,,1.15625
IND283203AAA,IND110037AAM,2.2142857142857144,238.0,58.0,257.5831,13,2.2142857142857144,2.1964285714285716,,,,2.2142857142857144
IND283203AAA,IND282002AAD,2.1142857142857143,39.0,32.0,46.7377,1,,2.1142857142857143,,,,2.1142857142857143
IND284001AAA,IND284403AAA,1.7265725288831835,58.0,32.0,102.7529,6,,1.7265725288831835,,,,1.7265725288831835
IND284403AAA,IND472001AAA,1.6482930298719771,48.5,46.5,62.42915,2,,1.6482930298719771,,1.6482930298719771,,
IND284403AAA,IND474003AAA,2.5048076923076925,313.0,59.0,223.2655,1,,2.5048076923076925,,2.5048076923076925,,
IND285001AAD,IND285205AAB,1.4242424242424243,14.0,33.0,29.4027,21,,1.4242424242424243,,1.34375,,1.4379276637341154
IND285205AAB,IND210431AAA,2.1875,95.0,53.0,82.24430000000001,5,,2.1875,,2.075,,2.575
IND301001AAB,IND302014AAA,2.6730769230769234,192.0,202.0,145.25765,2,,2.6730769230769234,,,2.6730769230769234,
IND301001AAB,IND321001AAB,1.7384615384615385,50.0,66.0,74.101,13,,1.7384615384615385,,,1.7384615384615385,
IND301001AAB,IND321606AAA,2.246376811594203,86.0,76.0,77.25160000000001,3,,2.246376811594203,,,2.246376811594203,
IND301019AAA,IND123001AAA,2.4550671550671552,92.5,58.0,77.6375,2,,2.4550671550671552,,,2.4550671550671552,
IND301019AAA,IND301705AAA,3.276595744680851,108.0,32.5,55.1292,6,,3.276595744680851,,,3.276595744680851,
IND301705AAA,IND123001AAA,2.5806451612903225,49.0,12.0,41.584,1,,2.5806451612903225,,,,2.5806451612903225
IND302004AAA,IND302014AAB,2.758928571428571,26.5,126.0,17.668100000000003,8,2.758928571428571,,,,,2.758928571428571
IND302004AAA,IND302033AAB,2.9,19.0,143.0,13.0795,1,2.9,,,,,2.9
IND302006AAA,IND302014AAB,3.733333333333333,41.0,20.0,13.7652,13,3.733333333333333,,,,,3.733333333333333
IND302006AAC,IND302014AAB,3.5,45.0,2.0,18.8164,1,3.5,,,,,3.5
IND302014AAA,IND000000ACB,1.9268292682926829,152.0,186.0,221.4515,23,,1.9268292682926829,1.846168322794339,,1.8006134969325154,1.9939024390243905
IND302014AAA,IND110037AAM,1.737104564114948,150.0,171.5,264.93674999999996,14,,1.737104564114948,,2.4653465346534653,1.7365853658536583,1.722772277227723
IND302014AAA,IND301001AAB,1.913793103448276,106.0,78.0,144.5915,21,,1.913793103448276,1.913793103448276,,,
IND302014AAA,IND303702AAB,2.210526315789474,46.0,158.0,51.705,9,,2.210526315789474,2.210526315789474,,,
IND302014AAA,IND305001AAC,2.514150943396227,162.0,206.0,144.8116,14,,2.514150943396227,,2.514150943396227,,
IND302014AAA,IND306401AAB,2.2460691500308707,274.5,234.5,302.1241,2,,2.2460691500308707,,2.2460691500308707,,
IND302014AAA,IND313001AAB,1.9059233449477353,260.0,292.5,404.9376,12,,1.9059233449477353,,,1.9059233449477353,
IND302014AAA,IND332404AAA,2.413793103448276,82.0,173.0,81.1182,1,,2.413793103448276,2.413793103448276,,,
IND302014AAB,IND302004AAA,2.365808823529412,22.5,26.0,18.7925,26,2.365808823529412,,,2.579861111111111,2.1315789473684212,1.5460526315789473
IND302014AAB,IND302006AAA,1.9354166666666666,14.5,33.5,16.0949,16,1.9354166666666666,,,1.9375,,1.6111111111111112
IND302014AAB,IND302006AAC,2.333333333333333,25.0,32.5,19.79025,22,2.333333333333333,,,2.1,6.0,4.138888888888889
IND302014AAB,IND302020AAA,2.0416666666666665,12.0,26.5,13.423649999999999,18,2.0416666666666665,,,2.0416666666666665,,
IND302014AAB,IND302023AAA,2.736842105263158,38.0,36.0,25.4572,19,2.736842105263158,,,2.7142857142857144,3.409090909090909,4.142857142857143
IND302014AAB,IND302026AAA,4.705882352941177,63.0,50.0,19.2342,19,4.705882352941177,,,,4.764705882352941,2.6907894736842106
IND302014AAB,IND303008AAB,1.8727272727272728,48.0,56.0,73.9501,5,1.8727272727272728,,,,1.8727272727272728,
IND302014AAB,IND303301AAB,1.3125,10.0,50.5,39.501900000000006,10,1.3125,,,,1.3125,
IND302014AAB,IND303303AAA,3.0,106.0,47.0,71.5093,3,3.0,,,,3.0,
IND302014AAB,IND303603AAB,1.6944444444444444,50.0,27.0,87.6403,1,1.6944444444444444,,,,1.6944444444444444,
IND302014AAB,IND303901AAA,3.1176470588235294,37.5,38.0,24.448,10,3.1176470588235294,,,,3.1176470588235294,
IND302014AAB,IND304001AAA,2.4833333333333334,89.0,71.0,84.7665,1,2.4833333333333334,,,,2.4833333333333334,
IND302020AAA,IND302014AAB,5.75,57.0,18.0,12.4656,19,5.75,,,,,5.75
IND302022AAD,IND000000ACB,1.9090909090909087,150.0,384.0,222.3819,7,1.9090909090909087,,,,1.9090909090909087,
IND302026AAA,IND302014AAB,11.5,168.0,24.0,22.1193,3,11.5,,,11.5,,
IND303002AAA,IND302014AAA,1.8571428571428572,30.0,19.0,47.8927,10,,1.8571428571428572,,1.6666666666666667,,2.0
IND303008AAB,IND303338AAB,1.5333333333333334,16.0,30.0,32.7092,5,1.5333333333333334,,,,,1.5333333333333334
IND303106AAA,IND302014AAA,2.265804597701149,74.5,32.0,78.3123,2,,2.265804597701149,,,,2.265804597701149
IND303106AAA,IND303002AAA,1.5217391304347827,12.0,21.0,26.9435,9,,1.5217391304347827,,,,1.5217391304347827
IND303108AAB,IND303106AAA,1.5483870967741935,17.0,20.0,43.8546,9,,1.5483870967741935,,,,1.5483870967741935
IND303301AAB,IND303303AAA,1.492391304347826,10.5,6.5,30.72965,12,1.492391304347826,,,,1.774703557312253,1.3722943722943723
IND303303AAA,IND322230AAA,1.344155844155844,26.5,11.0,96.97059999999999,16,1.344155844155844,,,,,1.344155844155844
IND303338AAB,IND303603AAB,0.9385964912280702,-3.5,17.5,61.8488,6,0.9385964912280702,,,,,0.9385964912280702
IND303503AAA,IND302014AAB,1.7272727272727273,42.0,8.0,80.15910000000001,11,1.7272727272727273,,,1.725705329153605,,1.8135593220338984
IND303603AAB,IND302014AAB,2.510459089226212,111.0,24.5,87.6323,6,2.510459089226212,,,,,2.510459089226212
IND303603AAB,IND303338AAB,0.8771929824561403,-7.0,16.0,61.3575,1,0.8771929824561403,,,,,0.8771929824561403
IND303702AAB,IND332001AAB,1.6085509472606248,38.0,22.0,84.54065,4,,1.6085509472606248,1.6085509472606248,,,
IND303702AAB,IND332404AAA,1.5708333333333333,14.0,24.5,33.344350000000006,8,,1.5708333333333333,1.5708333333333333,,,
IND303901AAA,IND304001AAA,1.9047619047619049,38.0,16.0,56.5109,3,1.9047619047619049,,,,,1.9047619047619049
IND304001AAA,IND322001AAC,1.4827586206896552,28.0,36.0,82.14869999999999,1,1.4827586206896552,,,,,1.4827586206896552
IND305001AAC,IND305802AAA,2.142857142857143,29.0,263.0,29.3254,11,,2.142857142857143,,,2.142857142857143,
IND305001AAC,IND305901AAA,2.0232558139534884,44.0,99.0,55.7788,17,,2.0232558139534884,,,2.0232558139534884,
IND305001AAC,IND306401AAB,2.0080645161290325,125.0,50.0,166.6069,15,,2.0080645161290325,2.0080645161290325,,,
IND305001AAC,IND342602AAC,1.9114583333333333,87.5,154.0,129.9931,2,,1.9114583333333333,,,1.9114583333333333,
IND305404AAA,IND305001AAC,2.340909090909091,118.0,52.0,97.3513,1,,2.340909090909091,,2.340909090909091,,
IND305404AAA,IND305601AAC,1.4464285714285714,25.0,17.0,59.029900000000005,13,,1.4464285714285714,1.3366402116402116,1.5,,
IND305601AAC,IND305001AAC,1.957516339869281,33.5,20.0,38.70575,18,,1.957516339869281,1.957516339869281,,,
IND305624AAA,IND305404AAA,1.6916216216216216,51.5,44.5,88.4477,8,,1.6916216216216216,,1.6916216216216216,,
IND305802AAA,IND341512AAA,2.0165912518853695,36.5,18.0,38.39445,6,,2.0165912518853695,,,,2.0165912518853695
IND305901AAA,IND305624AAA,4.674418604651163,316.0,55.0,107.6165,1,,4.674418604651163,,,,4.674418604651163
IND305901AAA,IND342602AAC,1.8686502177068216,45.5,40.5,75.72975,6,,1.8686502177068216,,,1.8686502177068216,
IND306116AAA,IND306001AAA,1.9390243902439024,77.0,13.0,104.691,3,,1.9390243902439024,,1.9390243902439024,,
IND306304AAB,IND311302AAA,1.9130434782608696,42.0,9.0,65.1454,1,,1.9130434782608696,,,,1.9130434782608696
IND306401AAB,IND302014AAA,1.9587155963302751,209.0,82.0,301.4806,17,,1.9587155963302751,,1.9587155963302751,,
IND306401AAB,IND305001AAC,2.9311565696302124,237.0,40.0,166.742,20,2.9311565696302124,,2.2049180327868854,2.942622950819672,,
IND306401AAB,IND342005AAD,1.6865793780687397,36.5,56.5,69.3067,18,,1.6865793780687397,,,1.6865793780687397,
IND306401AAB,IND343001AAA,2.034482758620689,89.0,14.0,118.6815,5,,2.034482758620689,,,2.0407707910750505,1.6781609195402298
IND306902AAA,IND306116AAA,1.5185185185185186,14.0,29.0,30.8816,1,,1.5185185185185186,,1.5185185185185186,,
IND307001AAA,IND306902AAA,1.557692307692308,14.5,11.0,34.929550000000006,2,,1.557692307692308,,1.557692307692308,,
IND311001AAA,IND313324AAA,1.8461538461538465,55.0,2.0,89.73939999999999,5,,1.8461538461538465,,,,1.8461538461538465
IND311301AAA,IND305624AAA,4.365546218487395,116.0,19.5,46.2675,6,,4.365546218487395,,3.3793103448275863,,4.588235294117647
IND311302AAA,IND305624AAA,7.090909090909091,201.0,15.0,46.4767,3,,7.090909090909091,,7.090909090909091,,6.903297682709447
IND312001AAA,IND311001AAA,1.565217391304348,26.0,40.0,59.4752,13,,1.565217391304348,,,1.565217391304348,1.5921325051759836
IND312001AAA,IND312601AAA,1.358416130917592,21.0,14.0,50.39765,6,,1.358416130917592,,,,1.358416130917592
IND312403AAA,IND312001AAA,1.4230769230769231,33.0,29.0,85.631,9,,1.4230769230769231,,1.736842105263158,,1.412837162837163
IND312601AAA,IND458664AAA,1.1615853658536586,6.5,10.0,37.0188,6,,1.1615853658536586,,,,1.1615853658536586
IND312605AAB,IND313001AAB,2.3823529411764706,188.0,27.0,173.2019,7,,2.3823529411764706,,,,2.3823529411764706
IND312605AAB,IND458001AAB,1.7878787878787876,24.0,57.5,33.56765,12,,1.7878787878787876,,,,1.7878787878787876
IND313001AAB,IND306401AAB,2.0492957746478875,147.0,46.0,189.1274,17,,2.0492957746478875,,,,2.0492957746478875
IND313001AAB,IND311001AAA,2.645454545454545,181.0,395.0,152.546,1,,2.645454545454545,2.645454545454545,,,
IND313001AAB,IND312001AAA,2.075949367088608,85.0,442.0,108.4229,13,,2.075949367088608,2.075949367088608,,,
IND313001AAB,IND327001AAB,2.741721854304636,263.0,199.0,212.60215,8,,2.741721854304636,2.198675496688742,3.4172185430463577,,
IND313001AAB,IND382430AAB,2.1315825923155765,215.0,84.5,268.87104999999997,14,,2.1315825923155765,,2.1315825923155765,,
IND313324AAA,IND313001AAB,1.798758865248227,38.0,31.0,65.0061,14,,1.798758865248227,,,,1.798758865248227
IND321001AAA,IND301001AAB,6.206185567010309,505.0,191.0,106.6313,3,,6.206185567010309,,,,6.206185567010309
IND321001AAA,IND321401AAB,1.2360150848522942,9.0,11.0,41.85375,10,,1.2360150848522942,,,,1.2360150848522942
IND321001AAB,IND321001AAA,1.3003337041156842,9.0,30.0,32.7987,6,,1.3003337041156842,,,,1.3003337041156842
IND321001AAB,IND321401AAB,1.847902097902098,55.5,8.0,71.06865,2,,1.847902097902098,,,,1.847902097902098
IND321022AAA,IND121004AAB,3.2439024390243905,184.0,31.0,106.9351,9,3.2439024390243905,,,,,3.2439024390243905
IND321408AAB,IND301001AAB,5.758241758241758,433.0,202.0,114.2395,1,,5.758241758241758,,,,5.758241758241758
IND321408AAB,IND321606AAA,1.93125,31.0,28.0,38.8223,4,,1.93125,,,,1.93125
IND321606AAA,IND301001AAB,7.297101449275362,434.5,164.0,77.83895000000001,6,,7.297101449275362,,6.181159420289855,,7.695652173913043
IND321606AAA,IND321001AAA,1.5918367346938775,29.0,26.0,54.4728,3,,1.5918367346938775,,,,1.5918367346938775
IND322001AAC,IND302014AAB,1.713114754098361,87.0,16.0,160.9375,3,1.713114754098361,,,,,1.713114754098361
IND322201AAA,IND302014AAB,2.196048043394033,105.0,14.5,123.02584999999999,2,2.196048043394033,,,,,2.196048043394033
IND322201AAA,IND303503AAA,1.6942528735632183,20.5,13.5,42.432249999999996,12,1.6942528735632183,,,,,1.6942528735632183
IND322230AAA,IND322241AAA,1.6071428571428572,17.0,15.5,32.2526,14,1.6071428571428572,,,,,1.6071428571428572
IND322241AAA,IND322201AAA,2.347826086956522,31.0,21.0,32.3053,15,2.347826086956522,,,,,2.347826086956522
IND327001AAB,IND312605AAB,1.4112903225806452,25.5,13.5,88.51335,4,,1.4112903225806452,,,1.403225806451613,1.4193548387096775
IND328001AAA,IND000000ACB,1.5404040404040404,107.0,9.0,257.5175,1,,1.5404040404040404,,,1.5404040404040404,
IND328001AAA,IND282002AAD,2.696969696969697,110.0,45.0,61.4633,7,,2.696969696969697,,,,2.696969696969697
IND328001AAA,IND474003AAA,1.5819696084161308,34.0,14.5,60.5127,6,,1.5819696084161308,1.6724137931034482,,1.4915254237288136,
IND331022A1B,IND331001A1C,2.6122448979591835,79.0,0.0,60.9205,1,,2.6122448979591835,,,,2.6122448979591835
IND331023AAA,IND331304AAA,1.1612903225806452,5.0,27.0,35.1418,3,,1.1612903225806452,,,,1.1612903225806452
IND331304AAA,IND332001AAB,4.10402097902098,332.5,46.5,134.28545000000003,4,,4.10402097902098,,3.868762993762994,,4.571969696969697
IND331507AAA,IND302014AAA,2.4011976047904198,234.0,15.0,215.9508,3,,2.4011976047904198,,2.4011976047904198,,
IND331701AAA,IND125001AAA,5.484375,287.0,178.5,69.5001,2,,5.484375,,5.484375,,
IND332001AAB,IND333001AAA,1.271186440677966,16.0,24.0,64.1646,3,,1.271186440677966,,,1.271186440677966,
IND332001AAB,IND333028AAA,1.4531046717918392,42.0,27.0,92.28645,2,,1.4531046717918392,,,1.4531046717918392,
IND332001AAB,IND333031AAA,2.267508865248227,120.0,47.0,109.61735,2,,2.267508865248227,,,2.267508865248227,
IND332001AAB,IND333042AAA,1.5889689578713968,25.0,32.0,32.929950000000005,14,,1.5889689578713968,,,1.5889689578713968,
IND332001AAB,IND334001AAB,1.62012987012987,95.5,101.5,213.51,10,,1.62012987012987,,,1.62012987012987,
IND332001AAB,IND334001AAC,1.588235294117647,90.0,87.0,213.6351,3,,1.588235294117647,,,1.588235294117647,
IND332404AAA,IND332001AAB,1.418918918918919,15.5,20.5,50.62095,12,,1.418918918918919,,,1.418918918918919,
IND332713AAA,IND332709AAA,2.917067307692308,69.0,19.5,34.84695000000001,6,,2.917067307692308,,,,2.917067307692308
IND332713AAA,IND332715AAB,2.061224489795918,52.0,6.0,50.2197,1,,2.061224489795918,,,,2.061224489795918
IND333001AAA,IND333028AAA,1.3783783783783785,14.0,14.0,33.366800000000005,3,,1.3783783783783785,,,,1.3783783783783785
IND333028AAA,IND333502AAA,1.148936170212766,7.0,0.0,40.769400000000005,1,,1.148936170212766,,,,1.148936170212766
IND333028AAA,IND333504AAA,2.388888888888889,50.0,11.0,37.0051,1,,2.388888888888889,,,,2.388888888888889
IND333031AAA,IND331023AAA,2.8,54.0,31.0,39.9622,5,,2.8,,,,2.8
IND333042AAA,IND333031AAA,1.605263157894737,44.0,20.0,82.6429,13,,1.605263157894737,,,1.5654794520547946,1.605263157894737
IND333504AAA,IND332713AAA,1.75422138836773,30.0,7.0,44.45085,2,,1.75422138836773,,,,1.75422138836773
IND334001AAB,IND334803AAA,1.8986105080330007,43.5,19.0,64.6074,2,,1.8986105080330007,,,,1.8986105080330007
IND334001AAC,IND334803AAA,1.7111111111111112,33.0,11.5,60.71335,4,,1.7111111111111112,,,,1.7111111111111112
IND334001AAC,IND341001AAC,1.625,52.5,21.5,115.3777,2,,1.625,,,,1.625
IND334803AAA,IND341001AAC,1.975,39.0,11.0,53.403400000000005,3,,1.975,,,,1.975
IND335001AAA,IND125104AAA,1.824264705882353,68.0,40.0,109.451,10,,1.824264705882353,,,,1.824264705882353
IND335051AAA,IND335513AAA,1.9666224354394202,96.0,144.5,110.3004,10,1.9666224354394202,,1.8144329896907216,2.118811881188119,,
IND335501AAA,IND331701AAA,1.7142857142857142,15.0,24.0,23.5577,1,,1.7142857142857142,,,,1.7142857142857142
IND335513AAA,IND335001AAA,1.790516206482593,39.5,52.5,62.9906,6,,1.790516206482593,,,,1.790516206482593
IND335513AAA,IND335803AAA,1.3103448275862069,9.0,42.0,31.757,9,1.3103448275862069,,,1.3571428571428572,,1.3103448275862069
IND335513AAA,IND335804AAD,1.5,27.0,57.0,56.9831,1,1.5,,,,,1.5
IND335523AAB,IND125001AAA,3.7542372881355934,325.0,82.0,126.4042,1,,3.7542372881355934,,,,3.7542372881355934
IND335524AAA,IND335523AAB,1.148936170212766,7.0,38.0,41.4874,1,,1.148936170212766,,,,1.148936170212766
IND335701AAA,IND335051AAA,1.0638297872340423,3.0,21.0,50.941300000000005,7,1.0638297872340423,,,1.0638297872340423,,
IND335703AAA,IND335701AAA,1.15625,5.0,16.0,34.0433,9,1.15625,,,1.064516129032258,,2.0787878787878786
IND335803AAA,IND335804AAD,1.1428571428571428,3.0,8.0,24.072,7,1.1428571428571428,,,1.1149068322981366,,1.5217391304347827
IND335804AAD,IND335701AAA,1.1851398244539704,13.0,13.0,76.45384999999999,2,1.1851398244539704,,,,,1.1851398244539704
IND335804AAD,IND335703AAA,1.0789473684210529,3.0,29.0,41.1907,9,1.0789473684210529,,,1.0526315789473686,,1.236842105263158
IND341001AAC,IND341030AAA,1.8787248787248787,33.0,33.5,41.841,2,,1.8787248787248787,,,,1.8787248787248787
IND341001AAC,IND341303AAA,1.5595238095238095,47.0,32.0,97.9392,7,,1.5595238095238095,,,,1.5595238095238095
IND341030AAA,IND341303AAA,1.4666666666666666,21.0,8.0,55.5569,3,,1.4666666666666666,,1.4666666666666666,,
IND341303AAA,IND341306AAA,1.6733333333333333,17.0,21.0,34.11815,14,,1.6733333333333333,,1.6733333333333333,,
IND341306AAA,IND302014AAA,2.3205882352941174,224.5,71.5,216.50555000000003,4,,2.3205882352941174,,2.3205882352941174,,
IND341503AAB,IND341510AAB,2.060606060606061,35.0,31.0,47.21805,12,,2.060606060606061,,2.060606060606061,,
IND341505AAA,IND341503AAB,1.897058823529412,61.0,44.5,80.50874999999999,12,,1.897058823529412,,2.426470588235294,,1.8529411764705883
IND341505AAA,IND341510AAB,2.0093457943925235,108.0,28.0,128.96460000000002,1,,2.0093457943925235,,,,2.0093457943925235
IND341510AAB,IND305001AAC,2.372727272727273,75.5,193.0,73.67715,14,,2.372727272727273,,2.372727272727273,,
IND341512AAA,IND341505AAA,1.7272727272727273,16.0,13.0,24.384,5,,1.7272727272727273,,,,1.7272727272727273
IND342005AAD,IND342601AAA,2.142857142857143,56.0,174.0,60.626,9,,2.142857142857143,,,2.204081632653061,2.13265306122449
IND342005AAD,IND342902A1B,1.680851063829787,64.0,193.0,103.1401,1,,1.680851063829787,,,,1.680851063829787
IND342005AAD,IND342902AAA,2.202127659574468,113.0,170.0,102.7041,5,,2.202127659574468,,,,2.202127659574468
IND342005AAD,IND344022AAB,1.773333333333333,58.0,17.5,104.38525,4,,1.773333333333333,,,,1.773333333333333
IND342301AAA,IND342005AAD,5.859375,622.0,22.0,163.3495,14,,5.859375,5.859375,,,
IND342601AAA,IND342902A1B,1.9504283965728275,38.5,22.0,38.84875,6,,1.9504283965728275,,2.131578947368421,,1.947368421052632
IND342601AAA,IND342902AAA,1.9142857142857144,32.0,8.0,39.0015,3,,1.9142857142857144,,,,1.9142857142857144
IND342602AAC,IND306304AAB,2.1627906976744184,50.0,15.0,59.707800000000006,1,,2.1627906976744184,,,,2.1627906976744184
IND342602AAC,IND311302AAA,2.026315789473684,78.0,21.0,107.4594,3,,2.026315789473684,,,,2.026315789473684
IND342902A1B,IND302014AAA,2.342391304347826,247.0,77.0,243.8358,9,,2.342391304347826,,2.342391304347826,,
IND342902AAA,IND302014AAA,2.3870967741935485,266.0,85.0,244.4337,5,,2.3870967741935485,,2.3870967741935485,,
IND343001AAA,IND343029AAB,1.3153846153846154,20.5,21.0,70.80345,2,,1.3153846153846154,,,,1.3153846153846154
IND343029AAB,IND307001AAA,1.4,28.0,14.5,77.09475,2,,1.4,,,,1.4
IND344001AAA,IND342301AAA,1.6853685368536855,137.0,23.5,236.68475,4,,1.6853685368536855,,1.6853685368536855,,
IND344001AAA,IND345001AAA,0.7725949468511297,-44.0,12.5,155.6477,6,,0.7725949468511297,,0.7725949468511297,,
IND344001AAA,IND345021AAA,1.6625,106.0,11.0,177.2213,3,,1.6625,,1.6625,,
IND344022AAB,IND342301AAA,2.4974874371859297,298.0,17.0,238.0381,1,,2.4974874371859297,,,,2.4974874371859297
IND344022AAB,IND344001AAA,1.4492753623188406,31.0,22.0,96.2314,9,,1.4492753623188406,,1.2514266900790165,,1.5454545454545454
IND345001AAA,IND342301AAA,1.75,90.0,3.0,168.0361,1,,1.75,,1.75,,
IND345001AAA,IND345021AAA,1.3376623376623376,26.0,13.0,109.54884999999999,4,,1.3376623376623376,,1.3376623376623376,,
IND345021AAA,IND342301AAA,1.4492424242424242,20.0,20.0,62.6703,10,,1.4492424242424242,1.4492424242424242,,,
IND360003AAA,IND360311AAA,2.102307692307692,28.0,43.0,37.8864,2,2.102307692307692,,,,,2.102307692307692
IND360311AAA,IND360050AAA,1.3777777777777778,17.0,7.0,46.9022,1,1.3777777777777778,,,,,1.3777777777777778
IND360370AAA,IND360410AAA,2.4615384615384617,19.0,5.0,16.2596,1,,2.4615384615384617,,,,2.4615384615384617
IND360410AAA,IND360490AAA,2.824175824175825,24.5,8.0,17.15215,2,,2.824175824175825,,,,2.824175824175825
IND360490AAA,IND362001AAA,2.309220985691574,45.5,26.5,43.13885,10,,2.309220985691574,,,,2.309220985691574
IND360510AAB,IND360530AAB,1.4230769230769231,11.0,12.0,28.1623,13,1.4230769230769231,,,1.6153846153846154,,1.3715384615384616
IND360530AAB,IND362001AAA,2.0,70.0,14.0,79.48219999999999,15,2.0,,,2.028985507246377,,1.8056935817805384
IND360575AAA,IND360510AAB,1.7375,29.5,20.5,45.6103,10,1.7375,,,,,1.7375
IND361001AAA,IND361305AAC,1.733653846153846,29.0,28.5,54.59615,16,,1.733653846153846,,,,1.733653846153846
IND361305AAC,IND361315AAA,1.7029411764705882,22.0,4.5,43.5599,10,,1.7029411764705882,,,,1.7029411764705882
IND361305AAC,IND361335AAA,1.5932203389830508,35.0,12.0,83.76989999999999,1,,1.5932203389830508,,,,1.5932203389830508
IND361315AAA,IND361335AAA,1.5555555555555556,15.0,3.0,40.5179,11,,1.5555555555555556,,,,1.5555555555555556
IND361335AAA,IND360002AAB,1.3368983957219251,63.0,33.0,243.7123,1,,1.3368983957219251,,,,1.3368983957219251
IND362001AAA,IND360370AAA,2.0652173913043477,24.5,26.0,32.8823,10,,2.0652173913043477,,,,2.0652173913043477
IND362001AAA,IND360575AAA,1.4819277108433735,40.0,20.0,103.7216,11,1.4819277108433735,,,,,1.4819277108433735
IND362001AAA,IND362220AAA,2.1291666666666664,27.5,20.0,35.029399999999995,14,2.1291666666666664,,,4.208333333333333,,2.125
IND362001AAA,IND362265AAA,1.9223057644110275,52.0,41.5,79.90045,2,1.9223057644110275,,,2.142857142857143,,1.7017543859649122
IND362150AAA,IND362001AAA,1.626865671641791,42.0,7.0,67.7088,11,1.626865671641791,,,1.626865671641791,,
IND362220AAA,IND362225AAA,1.9415384615384617,24.0,13.0,28.35335,6,1.9415384615384617,,,,,1.9415384615384617
IND362220AAA,IND362265AAA,1.578125,18.5,13.0,44.66295,2,1.578125,,,,,1.578125
IND362225AAA,IND362265AAA,1.7824074074074074,21.5,3.0,37.5465,6,1.7824074074074074,,,,,1.7824074074074074
IND362265AAA,IND362720AAA,2.4222222222222225,50.5,17.5,47.8387,16,2.4222222222222225,,,,,2.4222222222222225
IND362560AAA,IND362150AAA,1.7704918032786885,47.0,17.0,66.84360000000001,11,1.7704918032786885,,,1.7704918032786885,,
IND362720AAA,IND362560AAA,2.0,27.0,12.0,39.1055,17,2.0,,,2.071428571428572,,1.851851851851852
IND363001AAA,IND363421AAB,1.1515151515151516,5.0,20.0,27.15195,14,,1.1515151515151516,,,,1.1515151515151516
IND363310AAB,IND382430AAB,1.4097222222222223,59.0,4.0,128.3247,9,,1.4097222222222223,,1.4097222222222223,,
IND363330AAB,IND363310AAB,1.6156156156156156,22.5,20.5,29.61915,8,,1.6156156156156156,,1.6156156156156156,,1.8175675675675675
IND363421AAB,IND364710AAA,1.8974358974358971,35.0,18.0,54.457800000000006,13,,1.8974358974358971,,,,1.8974358974358971
IND363520AAC,IND363001AAA,1.183673469387755,9.0,34.0,58.0516,13,,1.183673469387755,,,,1.183673469387755
IND363621AAB,IND360002AAB,1.7352941176470589,25.0,14.5,39.1379,2,1.7352941176470589,,,,,1.7352941176470589
IND363641AAA,IND360002AAB,1.7941176470588236,54.0,15.0,72.9795,1,1.7941176470588236,,,,,1.7941176470588236
IND363641AAA,IND363621AAB,1.478163992869875,16.0,20.5,33.9684,6,1.478163992869875,,,,,1.478163992869875
IND364004AAB,IND365560AAA,1.947368421052632,72.0,89.0,109.5179,7,,1.947368421052632,,,1.947368421052632,
IND364270AAA,IND364001AAA,1.8967105263157895,35.0,0.0,48.5137,2,,1.8967105263157895,,1.8967105263157895,,
IND364290AAA,IND365560AAB,2.1724137931034484,34.0,18.0,39.544,1,,2.1724137931034484,,2.1724137931034484,,
IND365560AAA,IND365560AAB,1.7142857142857142,41.0,14.0,71.8793,7,,1.7142857142857142,,,,1.7142857142857142
IND365560AAB,IND364290AAA,2.4827586206896552,43.0,22.0,39.9877,11,,2.4827586206896552,,,,2.4827586206896552
IND370001AAA,IND370110AAA,5.838709677419355,150.0,22.0,40.4539,5,,5.838709677419355,5.838709677419355,14.159391534391535,,
IND370001AAA,IND370201AAA,6.477272727272728,241.0,47.0,53.6104,1,,6.477272727272728,6.477272727272728,,,
IND370001AAA,IND370615AAB,1.7727272727272725,34.5,13.0,47.771699999999996,8,,1.7727272727272725,,1.7147001934235977,,1.8863636363636362
IND370110AAA,IND370001AAA,2.1483870967741936,35.0,10.5,43.24195,14,,2.1483870967741936,,,,2.1483870967741936
IND370110AAA,IND370615AAB,2.095890410958904,80.0,633.0,88.04469999999999,1,,2.095890410958904,2.095890410958904,,,
IND370201AAA,IND363310AAB,1.6900584795321638,118.0,113.0,167.2466,1,,1.6900584795321638,,,,1.6900584795321638
IND370201AAA,IND363330AAB,1.4037037037037037,54.5,84.5,140.9319,8,,1.4037037037037037,,,,1.4037037037037037
IND370615AAB,IND370001AAA,6.0625,243.0,30.0,50.003800000000005,3,,6.0625,,4.118206521739131,,11.512820512820513
IND380005AAA,IND382421AAA,2.7,17.0,31.0,10.6746,7,2.7,,,2.627777777777778,,3.555555555555556
IND380005AAA,IND382430AAB,3.0,46.0,4.0,27.034,1,3.0,,,,,3.0
IND380005AAA,IND382721AAA,3.2,42.0,43.5,18.5494,2,3.2,,,,,3.2
IND380006AAA,IND382430AAB,2.090909090909091,11.5,20.5,14.2593,18,2.090909090909091,,,1.818181818181818,,2.7
IND380006AAB,IND382430AAB,3.583333333333333,31.0,20.0,15.0139,27,3.583333333333333,,,3.3106060606060606,,4.75
IND380021AAA,IND382430AAB,3.1666666666666665,25.5,33.5,16.892349999999997,32,3.1666666666666665,,,3.1666666666666665,,3.1666666666666665
IND380054AAA,IND382430AAB,2.3639705882352944,22.5,25.5,20.25185,24,2.3639705882352944,,,2.3639705882352944,1.7857142857142858,2.4705882352941178
IND382421AAA,IND382430AAB,4.027777777777778,109.0,32.0,38.1816,15,4.027777777777778,,,4.027777777777778,,
IND382421AAA,IND382721AAA,1.2941176470588236,5.0,23.5,15.994149999999998,14,1.2941176470588236,,,,,1.2941176470588236
IND382430AAB,IND000000ACB,1.8523809523809525,537.0,341.0,876.2658,17,,1.8523809523809525,1.81472550803761,2.3166666666666664,1.786624203821656,
IND382430AAB,IND313001AAB,1.9821166928309786,192.0,222.0,273.4336,14,,1.9821166928309786,1.9897435897435896,,1.9744897959183676,
IND382430AAB,IND364004AAB,1.633587786259542,83.0,261.0,157.4853,11,,1.633587786259542,1.633587786259542,,,
IND382430AAB,IND370201AAA,1.49375,158.0,242.0,312.83595,12,,1.49375,1.49375,,,
IND382430AAB,IND380005AAA,2.1185897435897436,27.5,69.0,27.06555,36,2.1185897435897436,,,,1.6363636363636365,2.333333333333333
IND382430AAB,IND380015AAB,2.333333333333333,16.0,107.0,15.379,35,2.333333333333333,,,,2.333333333333333,2.5
IND382430AAB,IND380054AAA,2.235294117647059,21.0,102.0,19.674999999999997,40,2.235294117647059,,,,1.9411764705882355,2.4705882352941178
IND382430AAB,IND382345AAA,2.2113970588235294,18.5,86.0,20.07595,34,2.2113970588235294,,,,2.0,2.235294117647059
IND382430AAB,IND384205AAA,1.5297619047619047,44.5,164.5,95.1368,20,,1.5297619047619047,1.6294117647058823,1.5682072829131652,1.3313725490196078,
IND382430AAB,IND387620AAB,2.037735849056604,55.0,77.0,70.0601,1,2.037735849056604,,,,2.037735849056604,
IND382430AAB,IND388320AAA,1.025974025974026,2.0,150.0,80.1094,9,,1.025974025974026,1.025974025974026,,,
IND382430AAB,IND389001AAA,1.6938775510204085,68.0,354.0,136.6409,21,,1.6938775510204085,1.6428571428571428,,1.7448979591836735,
IND382430AAB,IND395023AAA,1.8449711242781068,171.0,352.0,272.69685000000004,30,,1.8449711242781068,1.8391959798994972,,1.8507462686567164,
IND382715AAA,IND382430AAB,1.981818181818182,53.5,13.5,60.921899999999994,18,,1.981818181818182,,,,1.981818181818182
IND382721AAA,IND382430AAB,2.731707317073171,67.0,24.0,44.0033,15,2.731707317073171,,,,,2.731707317073171
IND383001AAA,IND383315AAC,1.2195121951219512,9.0,14.0,47.5114,13,,1.2195121951219512,,,,1.2195121951219512
IND383255AAB,IND384205AAA,1.4579439252336448,49.0,83.0,102.6941,9,,1.4579439252336448,,1.3904761904761904,,1.6929359265807864
IND383315AAC,IND383255AAB,1.1944834034595606,18.0,3.0,92.04050000000001,12,,1.1944834034595606,,,,1.1944834034595606
IND383315AAC,IND384205AAA,1.3608247422680413,35.0,16.0,127.6222,1,,1.3608247422680413,,,,1.3608247422680413
IND384170AAA,IND384265AAB,1.2864583333333335,7.0,4.5,26.787150000000004,12,,1.2864583333333335,,,,1.2864583333333335
IND384205AAA,IND382430AAB,1.869047619047619,73.0,8.0,92.5036,1,,1.869047619047619,,,1.869047619047619,
IND384205AAA,IND382715AAA,1.4935897435897436,19.0,40.0,42.3417,18,,1.4935897435897436,,,1.5,1.425
IND384205AAA,IND383001AAA,1.4745762711864407,28.0,13.0,81.1749,11,,1.4745762711864407,,,1.4745762711864407,1.5046610169491526
IND384205AAA,IND384170AAA,1.25,7.0,21.0,28.23955,6,,1.25,,,1.5357142857142858,1.1785714285714284
IND384205AAA,IND384355AAB,1.6764705882352942,23.0,24.0,36.6036,13,,1.6764705882352942,,,1.9117647058823528,1.6176470588235294
IND384205AAA,IND385001AAA,2.7419354838709675,108.0,14.0,66.1726,1,,2.7419354838709675,,,2.7419354838709675,
IND384265AAB,IND385320AAA,1.2933333333333332,22.0,17.0,81.5054,11,,1.2933333333333332,,,,1.2933333333333332
IND384265AAB,IND385340AAB,3.0434782608695654,94.0,7.0,62.0344,1,,3.0434782608695654,,,,3.0434782608695654
IND384355AAB,IND384205AAA,2.290322580645161,40.0,175.0,33.387800000000006,1,,2.290322580645161,,2.290322580645161,,
IND384355AAB,IND385001AAA,1.4961538461538462,31.0,4.0,70.45474999999999,12,,1.4961538461538462,,,,1.4961538461538462
IND385001AAA,IND385535AAA,1.5277777777777777,9.0,20.0,23.7831,14,,1.5277777777777777,,,,1.5277777777777777
IND385320AAA,IND385340AAB,0.7995391705069124,-7.0,7.0,27.35685,16,,0.7995391705069124,,,,0.7995391705069124
IND385340AAB,IND384205AAA,1.407608695652174,37.5,161.5,107.7119,4,,1.407608695652174,,1.4021739130434785,,1.4130434782608696
IND385535AAA,IND384205AAA,1.95,76.0,174.0,92.1865,17,,1.95,,,,1.95
IND387001AAA,IND388220AAA,1.76,19.0,28.5,27.0742,14,1.76,,,,,1.76
IND387620AAB,IND389230AAB,2.1846153846153844,77.0,15.0,70.7195,1,2.1846153846153844,,,,,2.1846153846153844
IND388121AAA,IND388620AAB,1.558139534883721,24.0,21.0,54.1935,11,1.558139534883721,,,,,1.558139534883721
IND388220AAA,IND388320AAA,1.7446153846153845,19.0,40.0,27.088,14,1.7446153846153845,,,2.16,,1.72
IND388320AAA,IND387001AAA,1.6923076923076923,10.0,34.0,19.9784,11,1.6923076923076923,,,,,1.6923076923076923
IND388320AAA,IND388121AAA,4.25,39.0,32.0,10.2572,1,4.25,,,,,4.25
IND388320AAA,IND388220AAA,2.0,22.0,84.0,24.6267,1,2.0,,,,,2.0
IND388320AAA,IND390022AAA,2.091578947368421,31.5,38.0,38.718,6,,2.091578947368421,,,2.091578947368421,
IND388620AAB,IND388320AAA,1.8043478260869563,34.0,25.0,54.4807,13,1.8043478260869563,,,1.608695652173913,,1.8046129374337223
IND389001AAA,IND389151AAA,1.7,35.0,28.0,68.49239999999999,21,,1.7,,,,1.7
IND389151AAA,IND457661AAA,2.8484848484848486,60.0,30.0,43.518800000000006,11,,2.8484848484848486,,,,2.8484848484848486
IND390018AAB,IND390020AAA,2.0,12.0,31.0,12.0449,1,2.0,,,,,2.0
IND390020AAA,IND390018AAB,3.363636363636364,26.0,11.0,11.3636,1,3.363636363636364,,,3.363636363636364,,
IND390020AAA,IND390022AAA,5.4071428571428575,56.5,14.5,12.5421,2,5.4071428571428575,,,5.4071428571428575,,
IND390020AAA,IND391110AAD,1.8529411764705883,29.0,28.0,35.3396,7,1.8529411764705883,,,,,1.8529411764705883
IND390022AAA,IND382430AAB,1.5857142857142859,41.0,85.0,99.4065,8,,1.5857142857142859,,,1.5857142857142859,
IND390022AAA,IND388320AAA,1.4714285714285715,16.5,34.0,45.192099999999996,18,1.4714285714285715,,,,1.4285714285714286,1.5142857142857142
IND390022AAA,IND390020AAA,4.416666666666667,41.0,58.0,11.9891,3,4.416666666666667,,,6.8,,3.3901515151515156
IND390022AAA,IND395023AAA,1.775,95.0,81.0,167.0285,21,,1.775,,,1.775,1.7508953168044077
IND391110AAD,IND390020AAA,3.142857142857143,72.0,58.0,35.69425,4,3.142857142857143,,,,,3.142857142857143
IND391110AAD,IND390022AAA,3.882352941176471,98.0,230.0,34.9421,1,3.882352941176471,,,,,3.882352941176471
IND395001AAA,IND395023AAD,10.142857142857142,125.0,38.0,14.47755,14,10.142857142857142,,,4.071428571428571,,10.285714285714286
IND395004AAB,IND395023AAD,6.764705882352941,98.0,18.0,17.34105,4,6.764705882352941,,,4.705882352941176,,9.505882352941176
IND395006AAA,IND395023AAD,9.733333333333333,131.0,49.0,14.9404,3,9.733333333333333,,,70.0,,8.335416666666667
IND395009AAA,IND395023AAD,9.583333333333332,139.0,62.0,17.523899999999998,16,9.583333333333332,,,3.2777777777777777,,9.666666666666666
IND395010AAB,IND395023AAA,1.4375,7.0,63.0,17.769299999999998,1,1.4375,,,1.4375,,
IND395023AAA,IND110037AAM,1.8358147896495103,702.5,412.5,1118.7184499999998,18,,1.8358147896495103,1.8358147896495103,,,
IND395023AAA,IND382430AAB,1.7967914438502677,149.0,132.0,260.0098,21,,1.7967914438502677,,1.821300563236047,,1.7311827956989247
IND395023AAA,IND390022AAA,1.735854045478583,90.5,173.0,169.30975,8,,1.735854045478583,1.735854045478583,,,
IND395023AAA,IND394221AAA,4.013368983957219,48.5,526.0,14.55975,2,4.013368983957219,,1.9090909090909087,6.117647058823529,,
IND395023AAA,IND396191AAC,2.0529824561403505,79.5,237.5,104.17615,10,,2.0529824561403505,,2.36,1.986842105263158,2.272727272727273
IND395023AAA,IND411033AAA,2.689655172413793,490.0,164.0,394.827,11,,2.689655172413793,,2.668965517241379,,2.79553264604811
IND395023AAA,IND421302AAG,2.45771144278607,293.0,167.0,266.27840000000003,3,,2.45771144278607,,2.45771144278607,,2.466424870466321
IND395023AAA,IND562132AAA,1.94386499574679,815.5,175.5,1193.1114499999999,20,,1.94386499574679,,1.9445086705202312,,1.749710312862109
IND395023AAD,IND395001AAA,2.4358974358974357,18.0,39.0,13.718350000000001,8,2.4358974358974357,,,2.5384615384615383,,1.8571428571428568
IND395023AAD,IND395004AAB,2.4285714285714284,21.0,49.0,15.7924,17,2.4285714285714284,,,,,2.4285714285714284
IND395023AAD,IND395006AAA,1.9230769230769231,12.0,44.0,15.1287,27,1.9230769230769231,,,2.0625,,1.8461538461538465
IND395023AAD,IND395009AAA,2.877083333333333,29.0,49.0,15.74085,4,2.877083333333333,,,2.9375,,2.3666666666666667
IND395023AAD,IND396445AAA,1.875,14.0,72.0,22.5559,7,1.875,,,,1.875,
IND396001AAA,IND395023AAD,2.4262295081967213,87.0,977.0,79.07560000000001,5,2.4262295081967213,,,,,2.4262295081967213
IND396105AAA,IND396191AAC,2.1587301587301586,11.5,180.5,14.5899,2,2.1587301587301586,,,,,2.1587301587301586
IND396191AAB,IND421302AAG,2.1443809523809523,143.5,93.5,163.3236,2,,2.1443809523809523,,1.9047619047619049,,2.384
IND396191AAC,IND395023AAA,2.3421052631578947,102.0,62.0,104.9843,1,,2.3421052631578947,,2.3421052631578947,,
IND396191AAC,IND396105AAA,0.782608695652174,-5.0,90.5,21.412999999999997,2,0.782608695652174,,,,,0.782608695652174
IND396191AAC,IND396210AAA,3.909090909090909,32.0,13.0,10.2921,1,3.909090909090909,,,,,3.909090909090909
IND396191AAC,IND396232AAA,2.6923076923076925,22.0,39.0,15.536,17,2.6923076923076925,,,,,2.6923076923076925
IND396191AAC,IND421302AAG,2.609936507936508,202.0,74.5,163.11380000000003,8,,2.609936507936508,,2.3253968253968256,,2.704
IND396232AAA,IND396191AAC,3.5,35.0,20.0,16.542099999999998,15,3.5,,3.5,4.071428571428571,,
IND396321AAA,IND396001AAA,1.455026455026455,12.5,42.5,25.732750000000003,8,1.455026455026455,,,,,1.455026455026455
IND396321AAA,IND396580AAB,1.8666666666666667,26.0,19.0,42.9025,17,1.8666666666666667,,,,,1.8666666666666667
IND396445AAA,IND396321AAA,2.2,30.0,58.0,27.3746,7,2.2,,,,,2.2
IND396580AAB,IND396321AAA,2.0,31.5,257.5,42.6626,8,2.0,,,,,2.0
IND400011AAA,IND400072AAB,2.3119047619047617,19.0,37.5,16.6303,12,2.3119047619047617,,2.6830357142857144,,2.2666666666666666,
IND400011AAA,IND400072AAD,2.7222222222222223,30.0,40.0,19.63,53,2.7222222222222223,,3.055555555555556,,2.3157894736842106,
IND400015AAA,IND400072AAB,2.8455882352941178,31.0,81.0,18.0348,36,2.8455882352941178,,,3.7058823529411766,2.3529411764705883,4.411764705882353
IND400015AAA,IND421302AAG,3.7586206896551726,80.0,60.0,40.5514,1,3.7586206896551726,,,3.7586206896551726,,
IND400015AAB,IND400072AAB,4.139215686274509,57.5,54.0,18.3151,6,4.139215686274509,,,5.411764705882353,,3.7287878787878785
IND400015AAB,IND421302AAG,3.1724137931034484,63.0,100.0,42.62,23,3.1724137931034484,,3.5,3.414331896551724,2.5161290322580645,2.466666666666667
IND400016AAA,IND400015AAA,1.8,8.0,64.0,12.2279,1,1.8,,,,,1.8
IND400016AAB,IND400072AAB,5.0,48.0,21.0,11.184,1,5.0,,5.0,,,
IND400016AAB,IND400072AAD,2.9166666666666665,23.0,57.0,14.78,15,2.9166666666666665,,2.923076923076923,,2.0544871794871793,
IND400037AAA,IND400072AAJ,3.3076923076923075,30.0,57.0,12.7883,13,3.3076923076923075,,,3.4038461538461537,,2.6956521739130435
IND400064AAB,IND400072AAB,3.083916083916084,25.0,34.5,12.6353,4,3.083916083916084,,3.083916083916084,,,
IND400064AAB,IND400072AAD,3.076923076923077,27.0,45.0,13.3928,17,3.076923076923077,,3.076923076923077,,,
IND400072AAA,IND421302AAG,4.0,63.0,218.0,26.4331,1,4.0,,,,,4.0
IND400072AAB,IND000000AFT,2.526315789473684,29.0,46.0,22.367,67,2.526315789473684,,2.4536340852130323,3.263157894736842,2.2744360902255636,2.8499999999999996
IND400072AAB,IND400011AAA,3.7058823529411766,46.0,59.0,19.04925,2,3.7058823529411766,,,,,3.7058823529411766
IND400072AAB,IND400015AAA,3.1470588235294112,36.5,59.5,18.6289,60,3.1470588235294112,,3.117647058823529,,2.823529411764706,4.283088235294118
IND400072AAB,IND400015AAB,2.9411764705882355,33.0,78.0,19.3415,1,2.9411764705882355,,,,,2.9411764705882355
IND400072AAB,IND400701AAB,2.421052631578948,27.0,44.0,22.2049,3,2.421052631578948,,,,,2.421052631578948
IND400072AAB,IND401104AAA,3.0921568627450977,32.5,43.5,20.53295,72,3.0921568627450977,,3.2222222222222223,,2.533333333333333,3.1
IND400072AAB,IND401104AAB,3.466666666666667,37.0,55.0,19.5201,1,3.466666666666667,,,,,3.466666666666667
IND400072AAB,IND411033AAA,1.98,98.0,58.0,132.78965,8,,1.98,,,1.98,
IND400072AAB,IND421302AAG,2.958333333333333,44.0,108.0,27.4335,63,2.958333333333333,,3.8043478260869565,3.1314285714285717,2.2,3.54
IND400072AAB,IND421302AAR,2.0434782608695654,24.0,62.0,28.5577,21,2.0434782608695654,,,2.0434782608695654,2.117892976588629,2.318181818181818
IND400072AAB,IND421302AAS,4.4375,82.5,184.0,28.30865,2,4.4375,,,,1.4583333333333333,7.416666666666667
IND400072AAC,IND400011AAA,3.35,41.0,64.0,18.637,17,3.35,,,,,3.35
IND400072AAD,IND421302AAG,2.727272727272727,36.0,118.0,25.67,99,2.727272727272727,,4.016746411483253,3.9565217391304346,2.375,2.4761904761904763
IND400072AAI,IND000000AFS,9.416666666666666,101.0,1280.0,14.7276,1,9.416666666666666,,,9.416666666666666,,
IND400072AAJ,IND400037AAA,9.0,96.0,79.0,13.96195,2,9.0,,,9.833333333333334,,8.166666666666666
IND400102AAB,IND421302AAG,2.0574074074074074,30.0,92.0,33.19965,20,2.0574074074074074,,,3.0,1.6774193548387095,
IND400102AAC,IND400052AAA,4.007142857142857,35.5,45.0,11.048549999999999,8,4.007142857142857,,,,5.111111111111111,3.4285714285714284
IND400102AAC,IND421302AAG,3.5666666666666664,73.0,86.0,32.9377,28,3.5666666666666664,,,5.533333333333333,2.7816820276497696,4.90625
IND400612AAA,IND421302AAR,2.375,16.5,119.5,14.38555,10,2.375,,,,,2.375
IND400701AAA,IND400705AAA,3.6666666666666665,40.0,134.0,18.925,1,3.6666666666666665,,,3.6666666666666665,,
IND400701AAA,IND410206AAA,2.235294117647059,23.0,31.0,23.4411,17,2.235294117647059,,,2.825,,2.1666666666666665
IND400701AAB,IND421302AAG,2.475,29.5,133.0,22.8732,26,2.475,,4.067857142857143,2.475,2.15,3.238095238095238
IND400705AAA,IND421302AAH,3.1075,51.5,98.0,27.251800000000003,12,3.1075,,3.1075,,,
IND400706AAA,IND000000AFT,4.712121212121212,37.5,34.5,10.32765,2,4.712121212121212,,,4.712121212121212,,
IND401104AAA,IND400072AAB,2.875,30.0,64.0,20.3115,31,2.875,,,5.84375,2.375,6.375
IND401104AAA,IND401208AAA,2.555555555555556,28.0,63.0,23.5,37,2.555555555555556,,,2.411764705882353,2.6666666666666665,3.611111111111111
IND401104AAA,IND401209AAA,2.761904761904762,37.0,77.0,25.3485,1,2.761904761904762,,,,,2.761904761904762
IND401104AAA,IND421302AAG,2.4823717948717947,36.0,96.5,28.064700000000002,14,2.4823717948717947,,2.5416666666666665,3.096153846153846,1.9383333333333335,6.090909090909091
IND401104AAB,IND400072AAB,2.2666666666666666,19.0,39.0,20.0807,5,2.2666666666666666,,,,2.2333333333333334,9.5
IND401104AAB,IND421302AAG,2.923076923076923,49.0,136.0,28.4647,23,2.923076923076923,,4.340909090909091,2.0416666666666665,2.1752380952380954,
IND401209AAA,IND401104AAA,6.727272727272728,121.0,28.0,26.6274,23,6.727272727272728,,,2.9264069264069263,,6.7727272727272725
IND401209AAB,IND401104AAA,8.142857142857142,150.0,14.0,25.748649999999998,12,8.142857142857142,,,8.142857142857142,,
IND401209AAB,IND421302AAG,2.4571428571428573,51.0,108.0,36.4639,1,2.4571428571428573,,2.4571428571428573,,,
IND401209AAB,IND421302AAH,2.7058823529411766,52.0,67.0,35.5477,19,2.7058823529411766,,2.595798319327731,,3.4857142857142858,
IND401501AAA,IND401602AAA,2.076923076923077,27.0,46.0,28.0569,17,2.076923076923077,,,2.3461538461538463,,2.0384615384615383
IND401602AAA,IND401501AAA,7.3076923076923075,168.0,60.0,28.5378,17,7.3076923076923075,,,6.845714285714285,,7.344827586206897
IND402107AAA,IND402109AAA,2.283333333333333,38.5,20.0,40.207,18,2.283333333333333,,,2.4375,,2.2666666666666666
IND402109AAA,IND402301AAA,1.903985507246377,43.0,5.5,63.32465,20,1.903985507246377,,,1.875,,2.520833333333333
IND402301AAA,IND402107AAA,2.0,65.0,27.0,95.8701,13,2.0,,,2.0,,
IND403002AAA,IND403726AAB,2.6206896551724137,47.0,443.0,25.7042,1,2.6206896551724137,,,,,2.6206896551724137
IND403401AAA,IND403726AAB,8.595238095238095,319.0,213.0,27.1171,3,8.595238095238095,,,,,8.595238095238095
IND403507AAA,IND403726AAB,1.6129032258064515,19.0,421.0,26.3098,3,1.6129032258064515,,,,,1.6129032258064515
IND403507AAB,IND403726AAB,4.613636363636363,159.0,179.0,36.4867,1,4.613636363636363,,,4.613636363636363,,
IND403601AAA,IND403726AAB,1.7833333333333332,9.5,497.0,15.6084,4,1.7833333333333332,,,,,1.7833333333333332
IND403702AAA,IND575004AAB,1.9968409617198892,263.5,67.0,301.88185,8,,1.9968409617198892,,1.8089622641509435,,2.11787072243346
IND403702AAA,IND581314AAA,1.476923076923077,31.0,32.0,69.7005,1,,1.476923076923077,,,,1.476923076923077
IND403726AAA,IND403702AAA,1.8,40.0,73.0,51.2449,9,,1.8,,,,1.8
IND403726AAA,IND411033AAA,1.9510694831938358,369.0,92.5,510.20285,14,,1.9510694831938358,3.031007751937985,,1.9385467899534397,2.2798982188295165
IND403726AAA,IND416510AAA,2.414342300709688,111.5,78.0,87.15074999999999,4,,2.414342300709688,,,2.0,2.6506024096385543
IND403726AAA,IND575004AAB,1.9553017311775274,299.0,172.5,353.0259,2,,1.9553017311775274,,,,1.9553017311775274
IND403726AAA,IND581303AAA,1.6585365853658536,54.0,200.0,86.2554,13,,1.6585365853658536,,,1.6440831074977416,1.7560975609756098
IND403726AAA,IND581400AAB,1.908256880733945,99.0,204.0,115.8,1,,1.908256880733945,,,1.908256880733945,
IND403726AAB,IND403002AAA,1.2916666666666667,7.0,131.0,16.11715,4,1.2916666666666667,,,,1.2916666666666667,1.2916666666666667
IND403726AAB,IND403401AAA,2.128623188405797,26.5,180.5,23.542299999999997,6,2.128623188405797,,,,2.1739130434782608,1.962962962962963
IND403726AAB,IND403507AAA,1.3333333333333333,10.0,90.0,25.0992,5,1.3333333333333333,,,,1.3763440860215055,1.2758620689655171
IND403726AAB,IND403507AAB,0.9302325581395348,-3.0,420.0,35.105599999999995,1,0.9302325581395348,,,,0.9302325581395348,
IND403726AAB,IND403601AAA,1.492063492063492,8.0,213.5,15.925049999999999,6,1.492063492063492,,,,1.492063492063492,
IND410206AAA,IND000000AFT,2.363636363636364,19.0,31.0,18.9412,13,2.363636363636364,,,,,2.363636363636364
IND410206AAB,IND000000AFT,2.303308823529412,23.0,63.0,20.45785,36,2.303308823529412,,,2.7777777777777777,,2.263157894736842
IND410401AAA,IND421302AAG,2.4776119402985075,99.0,37.0,84.9857,9,,2.4776119402985075,,,,2.4776119402985075
IND410501AAF,IND411033AAA,5.200892857142858,63.5,42.5,16.92465,4,5.200892857142858,,5.6875,4.714285714285714,,
IND410503AAA,IND410505AAB,4.108695652173913,71.5,13.5,33.13135,2,4.108695652173913,,,,,4.108695652173913
IND410505AAB,IND410501AAF,4.1,31.0,28.0,15.5234,5,4.1,,,4.1,,
IND410505AAB,IND411033AAA,2.189230769230769,30.5,14.0,24.3627,2,2.189230769230769,,,,,2.189230769230769
IND411014AAA,IND411033AAA,2.3666666666666667,41.0,49.0,31.003,15,2.3666666666666667,,,2.060606060606061,3.790322580645161,17.087684729064037
IND411014AAA,IND411043AAA,4.555555555555555,64.0,30.0,15.8151,7,4.555555555555555,,,4.555555555555555,6.352941176470588,4.333333333333333
IND411014AAA,IND411048AAA,8.242857142857144,103.5,47.5,14.0537,6,8.242857142857144,,,7.20952380952381,,9.133333333333333
IND411017AAA,IND412105AAC,2.852941176470588,31.5,17.5,17.191950000000002,2,2.852941176470588,,,2.588235294117647,,3.117647058823529
IND411021AAA,IND411033AAA,2.0,15.5,49.5,12.915,32,2.0,,,1.393939393939394,2.208333333333333,2.533333333333333
IND411033AAA,IND000000AAL,2.703703703703704,45.0,55.0,24.6732,17,2.703703703703704,,3.8166666666666664,,,2.5
IND411033AAA,IND000000ACB,1.7198479500407275,731.0,190.0,1361.7285,18,,1.7198479500407275,,1.683743842364532,1.7645320197044334,1.7472906403940887
IND411033AAA,IND400072AAB,1.8640776699029127,89.0,93.5,130.8845,8,,1.8640776699029127,,,1.8640776699029127,
IND411033AAA,IND403726AAA,2.048906129912808,408.5,206.5,511.48505,20,,2.048906129912808,,2.0488435104414484,2.0591259640102826,1.9974358974358972
IND411033AAA,IND410503AAA,2.6808510638297878,79.0,38.0,58.2686,3,2.6808510638297878,,,,2.6808510638297878,
IND411033AAA,IND410505AAB,1.5862068965517242,17.0,47.0,31.6023,7,1.5862068965517242,,,1.5689655172413794,1.862068965517241,
IND411033AAA,IND411014AAA,2.625,47.0,76.0,25.9345,43,2.625,,,2.9642857142857144,1.9333333333333331,2.566666666666667
IND411033AAA,IND411021AAA,1.9230769230769231,12.0,55.0,11.1698,41,1.9230769230769231,,,1.9166666666666667,1.8333333333333335,2.0448717948717947
IND411033AAA,IND411036AAA,1.8261904761904764,24.0,154.0,25.87115,32,1.8261904761904764,,,2.35,1.5,2.7720306513409962
IND411033AAA,IND413002AAA,1.7735849056603774,164.0,128.0,281.1588,27,,1.7735849056603774,1.778301886792453,,1.6336068139139766,1.9811320754716981
IND411033AAA,IND413501AAA,2.7452830188679247,370.0,82.0,276.3396,1,,2.7452830188679247,2.7452830188679247,,,
IND411033AAA,IND414001AAA,1.7757009345794392,83.0,138.0,141.5488,3,,1.7757009345794392,,,1.7757009345794392,
IND411033AAA,IND416012AAA,1.6363636363636365,140.0,254.0,249.2718,13,,1.6363636363636365,,1.610006170300288,,1.6545454545454543
IND411033AAA,IND421302AAG,1.9904761904761905,101.0,98.0,129.6487,107,,1.9904761904761905,1.96,2.1514372739387015,1.8748499399759904,2.125
IND411033AAA,IND431136AAC,2.192353461172311,204.5,218.0,235.2019,12,,2.192353461172311,,2.1695906432748537,,2.2151162790697674
IND411033AAA,IND431603AAA,2.2639751552795038,407.0,175.0,446.9457,15,,2.2639751552795038,,2.2608695652173916,,2.343653250773994
IND411033AAA,IND501359AAE,1.6479166666666667,311.0,231.0,632.2850999999999,11,,1.6479166666666667,,,1.6645833333333333,1.646875
IND411033AAA,IND521225AAB,1.9371345029239766,641.0,97.5,912.0385,10,,1.9371345029239766,,1.9283625730994152,,1.945906432748538
IND411033AAA,IND562132AAA,1.7863293210854185,484.0,341.0,840.75135,10,,1.7863293210854185,,,1.7577235772357724,2.2195121951219514
IND411033AAA,IND580028AAA,1.7485875706214689,265.0,495.0,487.672,5,,1.7485875706214689,,,1.7175141242937852,1.88135593220339
IND411033AAB,IND411057AAF,5.266666666666667,64.0,79.0,13.4217,1,5.266666666666667,,,5.266666666666667,,
IND411036AAA,IND411033AAA,2.310344827586207,38.0,138.0,28.4677,33,2.310344827586207,,3.230769230769231,3.4285714285714284,1.7419354838709675,2.387315270935961
IND411043AAA,IND411014AAA,4.25,52.0,31.0,15.5423,3,4.25,,,4.25,,3.9
IND411048AAA,IND411014AAA,4.8125,61.0,47.5,15.60725,2,4.8125,,,4.625,,5.0
IND412105AAC,IND411017AAA,2.333333333333333,21.0,27.0,18.0027,33,2.333333333333333,,,2.125490196078431,,2.533333333333333
IND412210AAC,IND411033AAA,2.4761904761904763,93.0,25.5,82.65045,2,,2.4761904761904763,,,,2.4761904761904763
IND412803AAB,IND421802AAA,1.1150537634408602,3.5,7.0,23.64775,2,,1.1150537634408602,,,,1.1150537634408602
IND413002AAA,IND413304AAA,1.9811320754716983,51.5,28.0,72.8061,10,1.9811320754716983,,,,2.2264150943396226,1.9245283018867925
IND413002AAA,IND413307AAC,2.0,64.0,27.0,89.4707,1,2.0,,,,2.0,
IND413002AAA,IND413501AAA,1.553191489361702,26.0,37.0,64.6965,21,,1.553191489361702,,,1.553191489361702,
IND413002AAA,IND421302AAG,2.442953020134228,430.0,75.0,397.4751,9,,2.442953020134228,,,,2.442953020134228
IND413002AAA,IND501359AAE,1.7695167286245352,207.0,62.0,350.2073,17,,1.7695167286245352,1.7238805970149254,1.8008031404316704,,
IND413304AAA,IND413002AAA,2.0,52.0,13.0,73.5145,5,2.0,,,2.0,,
IND413304AAA,IND415301AAB,1.4803921568627452,24.5,15.5,56.6026,6,1.4803921568627452,,,,,1.4803921568627452
IND413307AAB,IND413304AAA,2.260869565217391,30.0,19.0,32.9096,3,2.260869565217391,,,,,2.260869565217391
IND413307AAC,IND413002AAA,2.7846153846153845,116.0,11.0,91.1822,1,2.7846153846153845,,,,,2.7846153846153845
IND413401AAA,IND411033AAA,2.134831460674157,200.0,60.0,237.8504,19,,2.134831460674157,,,,2.134831460674157
IND413501AAA,IND411033AAA,2.2180094786729856,257.0,33.0,277.2859,1,,2.2180094786729856,,,,2.2180094786729856
IND413501AAA,IND413401AAA,1.4285714285714286,15.0,43.0,38.1812,21,,1.4285714285714286,,,,1.4285714285714286
IND413517AAA,IND431603AAA,3.1294117647058823,181.0,638.0,110.0454,1,3.1294117647058823,,,3.1294117647058823,,
IND413517AAA,IND431717AAA,2.8998257839721253,79.0,34.5,59.78545,2,2.8998257839721253,,,2.8998257839721253,,
IND413531AAA,IND413517AAA,2.578557312252965,71.0,12.0,65.23055,4,2.578557312252965,,,2.5434782608695654,,2.613636363636364
IND413709AAA,IND423109AAA,1.8846153846153848,23.0,29.0,29.6846,13,1.8846153846153848,,,,,1.8846153846153848
IND413709AAA,IND423601AAA,1.5135135135135136,19.0,14.0,43.3419,1,1.5135135135135136,,,1.5135135135135136,,
IND413709AAA,IND423701AAB,2.230769230769231,48.0,27.0,42.5732,3,2.230769230769231,,,2.3931623931623935,,2.15
IND414001AAA,IND411033AAA,2.480769230769231,154.0,45.0,140.2953,1,,2.480769230769231,,,,2.480769230769231
IND414001AAA,IND414203AAB,1.813953488372093,35.0,50.0,60.9673,1,,1.813953488372093,,,,1.813953488372093
IND414001AAA,IND414302AAB,1.5588235294117647,19.0,79.0,42.0274,1,,1.5588235294117647,,,,1.5588235294117647
IND414203AAB,IND414302AAB,1.7837837837837838,58.0,22.0,98.2615,1,,1.7837837837837838,,,,1.7837837837837838
IND414302AAB,IND411033AAA,2.3962994836488813,116.5,133.5,106.7019,2,,2.3962994836488813,,2.3962994836488813,,
IND414302AAB,IND412210AAC,1.736842105263158,14.0,7.0,22.8751,1,,1.736842105263158,,,,1.736842105263158
IND414502AAA,IND431107AAB,1.5769230769230769,15.0,20.0,26.9384,7,,1.5769230769230769,,,,1.5769230769230769
IND415003AAA,IND411033AAA,1.3490149210488194,41.0,109.0,126.35605,2,,1.3490149210488194,,,1.3305084745762712,1.3675213675213675
IND415003AAA,IND412803AAB,1.2790697674418603,12.0,35.0,35.6314,7,,1.2790697674418603,,,1.119047619047619,1.282392026578073
IND415124AAA,IND415605AAA,1.0958083832335328,16.0,19.5,89.2316,16,,1.0958083832335328,,,1.0710059171597632,1.1017964071856288
IND415301AAB,IND413307AAB,1.7663003663003662,28.0,8.0,36.72985,4,1.7663003663003662,,,,,1.7663003663003662
IND415408AAC,IND416012AAA,4.36734693877551,165.0,218.0,54.2421,9,,4.36734693877551,,4.36734693877551,,
IND415409AAB,IND415124AAA,1.6666666666666667,16.0,13.0,29.9273,13,,1.6666666666666667,,,1.6666666666666667,1.6567505720823799
IND415605AAA,IND415709AAA,2.42,35.5,20.0,33.86665000000001,16,,2.42,,,,2.42
IND415612AAA,IND415408AAC,2.611742424242424,143.5,27.5,117.19865,8,,2.611742424242424,,,,2.611742424242424
IND415709AAA,IND416012AAA,2.4761904761904763,247.0,143.0,198.082,5,,2.4761904761904763,,2.296969696969697,,2.4865800865800867
IND415709AAA,IND416122AAA,1.7341040462427746,127.0,295.0,201.6547,1,,1.7341040462427746,,,,1.7341040462427746
IND416012AAA,IND395023AAA,1.713995943204868,352.0,52.0,623.4032,15,,1.713995943204868,1.713995943204868,,,
IND416012AAA,IND415003AAA,1.9114583333333335,87.5,202.5,121.39605,8,,1.9114583333333335,1.90625,,1.9166666666666667,
IND416012AAA,IND415409AAB,1.8285984848484849,27.0,112.5,44.77955,4,,1.8285984848484849,,,1.8285984848484849,
IND416012AAA,IND415612AAA,2.8608247422680413,180.5,125.5,134.23609999999996,10,,2.8608247422680413,,,2.8762886597938144,2.7032967032967035
IND416012AAA,IND591237AAB,2.3014705882352944,40.0,106.0,40.43745,10,,2.3014705882352944,2.25,,2.3529411764705883,
IND416122AAA,IND395023AAA,1.888655462184874,423.0,56.0,603.1991999999999,1,,1.888655462184874,1.888655462184874,,,
IND416404AAA,IND416012AAA,4.81,381.0,118.5,138.3589,6,,4.81,,4.77,,5.22
IND416510AAA,IND416602AAC,2.6625,66.5,24.0,53.0293,6,,2.6625,,2.5375,,2.9775641025641026
IND416510AAA,IND416606AAA,2.073581560283688,50.0,20.0,47.83,14,2.073581560283688,,,2.0638297872340425,,2.083333333333333
IND416602AAC,IND411033AAA,2.243150684931507,363.0,50.0,357.5046,7,,2.243150684931507,,2.243150684931507,,
IND416606AAA,IND416510AAA,26.880917874396133,1162.5,89.0,47.279250000000005,10,26.880917874396133,,,26.880917874396133,,20.34505087881591
IND421301AAA,IND421302AAR,3.75,27.0,78.0,12.5025,15,3.75,,,,,3.75
IND421302AAF,IND421302AAR,2.9444444444444446,17.5,76.0,11.6787,12,2.9444444444444446,,,,,2.9444444444444446
IND421302AAG,IND000000ACB,1.998452012383901,967.0,220.0,1322.6282500000002,26,,1.998452012383901,,2.0309597523219813,1.883264462809917,1.9767561983471071
IND421302AAG,IND000000AFT,2.5,29.5,139.0,22.6321,54,2.5,,5.7368421052631575,3.3,2.2554347826086953,2.4285714285714284
IND421302AAG,IND110037AAM,2.0813492063492065,1090.0,168.0,1366.3654,19,,2.0813492063492065,,2.076616915422885,,2.091320084803203
IND421302AAG,IND131028AAB,1.9119395657329183,947.5,197.5,1427.2415,14,,1.9119395657329183,,,1.9171483622350676,1.8979788257940329
IND421302AAG,IND160002AAC,1.888695652173913,1022.0,387.0,1583.6609,1,,1.888695652173913,,,,1.888695652173913
IND421302AAG,IND382430AAB,2.068408979190562,383.0,173.0,492.76715,18,,2.068408979190562,2.0515320334261835,2.037957154692863,2.081132045945354,
IND421302AAG,IND395023AAA,2.263157894736842,240.0,152.0,253.549,11,,2.263157894736842,2.255263157894737,2.723756906077348,,2.22295395699651
IND421302AAG,IND400015AAA,2.4545454545454546,46.0,91.0,42.8712,49,2.4545454545454546,,2.575757575757576,3.1875,2.2535282258064515,2.586206896551724
IND421302AAG,IND400015AAB,2.21875,39.0,210.0,42.4891,31,2.21875,,2.171875,2.9375,1.8597262952101663,2.764367816091954
IND421302AAG,IND400072AAA,2.4347826086956523,33.0,198.0,27.3854,29,2.4347826086956523,,2.392391304347826,2.6,2.090909090909091,3.3043478260869565
IND421302AAG,IND400072AAB,2.5454545454545454,33.0,101.0,27.3149,105,2.5454545454545454,,2.4,2.834782608695652,1.9,2.784090909090909
IND421302AAG,IND400072AAJ,2.5954545454545457,35.5,103.0,27.46155,38,2.5954545454545457,,3.375,4.0,1.9166666666666667,3.0
IND421302AAG,IND400078AAB,2.4615384615384617,19.0,58.0,16.2015,1,2.4615384615384617,,,,,2.4615384615384617
IND421302AAG,IND400102AAB,2.3076923076923075,36.0,222.0,32.950199999999995,33,2.3076923076923075,,4.464285714285714,3.326190476190476,1.962962962962963,3.0
IND421302AAG,IND400102AAC,2.6685185185185185,47.5,120.0,32.98825,62,2.6685185185185185,,2.577658303464755,3.3687002652519897,1.8461538461538465,3.103448275862069
IND421302AAG,IND400701AAB,2.448621553884712,30.5,278.5,22.88125,22,2.448621553884712,,3.075,3.523809523809524,2.238095238095238,2.312252964426878
IND421302AAG,IND401104AAA,2.755928853754941,40.0,93.5,28.87475,78,2.755928853754941,,3.0,2.727272727272727,2.4444444444444446,2.56
IND421302AAG,IND401104AAB,2.284900284900285,34.0,216.0,28.802,10,2.284900284900285,,,2.185185185185185,2.04,2.48
IND421302AAG,IND410401AAA,2.462686567164179,97.0,82.0,88.8,11,,2.462686567164179,,,2.462686567164179,
IND421302AAG,IND411033AAA,2.1958762886597936,115.0,140.0,130.80165,72,,2.1958762886597936,2.2626262626262625,2.4105263157894736,2.0408205769030507,2.676099305701662
IND421302AAG,IND413002AAA,2.064935064935065,328.0,186.0,411.7283,7,,2.064935064935065,,,2.064935064935065,
IND421302AAG,IND421401AAC,2.5710685483870965,47.5,40.5,42.894499999999994,10,2.5710685483870965,,,,,2.5710685483870965
IND421302AAG,IND422011AAD,1.731958762886598,71.0,238.0,136.90279999999998,21,,1.731958762886598,1.731958762886598,,1.685374149659864,
IND421302AAG,IND444005AAB,2.381195024605727,543.5,345.5,549.995,20,,2.381195024605727,2.3807106598984773,,2.381679389312977,
IND421302AAG,IND462022AAA,2.198200854364861,662.0,254.0,768.1224500000001,12,,2.198200854364861,2.1392405063291138,,2.2117632413449693,2.18625678119349
IND421302AAG,IND501359AAE,1.9865462700205272,550.0,339.0,778.5192999999999,24,,1.9865462700205272,1.9560143626570916,1.9901369342934179,2.2179526778762315,
IND421302AAG,IND562132AAA,1.857946273144485,610.0,245.5,968.8463,30,,1.857946273144485,1.777150916784203,1.7821837004935595,1.7301454669005516,1.9012693935119889
IND421302AAG,IND712311AAA,2.1157742402315485,1542.0,273.0,1933.6846,9,,2.1157742402315485,,,2.1157742402315485,2.1114327062228653
IND421302AAG,IND834002AAB,2.333494293239684,1519.5,241.5,1589.8352499999999,4,,2.333494293239684,,,,2.333494293239684
IND421302AAN,IND400072AAB,2.5454545454545454,31.0,65.0,27.908,16,2.5454545454545454,,,2.5454545454545454,,
IND421302AAR,IND400612AAA,2.363636363636364,15.0,53.0,14.2547,14,2.363636363636364,,,,2.1538461538461537,2.363636363636364
IND421302AAR,IND421004AAA,3.4,25.0,59.0,14.0768,27,3.4,,,,1.9230769230769234,3.636363636363636
IND421302AAR,IND421301AAA,4.0,31.0,69.0,12.8431,17,4.0,,,3.7777777777777777,,4.033333333333333
IND421302AAR,IND421302AAF,4.235294117647059,55.0,59.0,20.5132,1,4.235294117647059,,,,,4.235294117647059
IND421401AAC,IND421601AAB,2.6666666666666665,30.0,27.0,26.2065,11,2.6666666666666665,,,,,2.6666666666666665
IND421502AAA,IND421302AAR,3.294117647058824,39.0,24.0,19.533900000000003,17,3.294117647058824,,,,,3.294117647058824
IND421601AAB,IND421302AAG,3.814271749755621,89.5,43.0,42.629900000000006,14,3.814271749755621,,,1.9,,3.870967741935484
IND421802AAA,IND411033AAA,1.6933333333333334,52.0,145.0,80.0409,7,,1.6933333333333334,,,,1.6933333333333334
IND422011AAD,IND413709AAA,1.9696969696969695,96.0,48.0,121.9114,1,1.9696969696969695,,,,,1.9696969696969695
IND422011AAD,IND421302AAG,2.288659793814433,121.0,262.0,136.2216,21,,2.288659793814433,,,2.288659793814433,
IND422011AAD,IND422103AAC,1.4054054054054057,15.0,36.0,40.7396,11,1.4054054054054057,,,,,1.4054054054054057
IND422011AAD,IND423109AAA,1.7269298245614035,55.0,45.5,97.58670000000001,2,1.7269298245614035,,,,,1.7269298245614035
IND422103AAC,IND422605AAA,1.796551724137931,23.5,16.0,38.886300000000006,10,1.796551724137931,,,,,1.796551724137931
IND422103AAC,IND423601AAA,2.0,42.0,2.0,57.0574,1,2.0,,,,,2.0
IND422605AAA,IND413709AAA,1.826086956521739,38.0,17.0,50.1062,9,1.826086956521739,,,,,1.826086956521739
IND422605AAA,IND423109AAA,3.6222222222222222,118.0,31.0,53.5613,1,3.6222222222222222,,,,,3.6222222222222222
IND423105AAA,IND423106AAA,1.3529411764705883,12.0,42.0,36.8306,1,,1.3529411764705883,,,,1.3529411764705883
IND423105AAA,IND423301AAB,1.4705882352941178,16.0,16.0,34.463,7,,1.4705882352941178,,,,1.4705882352941178
IND423106AAA,IND423105AAA,1.5276497695852536,18.0,19.0,36.7953,8,,1.5276497695852536,,,,1.5276497695852536
IND423109AAA,IND413709AAA,1.7857142857142858,22.0,34.0,30.2185,1,1.7857142857142858,,,,,1.7857142857142858
IND423109AAA,IND423601AAA,2.125,9.0,22.5,12.39055,12,2.125,,,2.25,,1.7777777777777777
IND423109AAA,IND423701AAB,2.6153846153846154,42.0,39.0,37.5551,1,2.6153846153846154,,,2.6153846153846154,,
IND423601AAA,IND413709AAA,1.6097560975609757,25.0,27.0,44.7119,3,1.6097560975609757,,,,,1.6097560975609757
IND423601AAA,IND423701AAB,2.208333333333333,29.0,26.0,32.798,12,2.208333333333333,,,2.208333333333333,,2.08
IND423701AAB,IND422011AAD,2.1499709639953544,96.5,29.0,113.5525,18,2.1499709639953544,,,2.1499709639953544,,
IND424006AAA,IND421302AAG,2.2170731707317075,249.5,58.5,284.77470000000005,8,,2.2170731707317075,,2.2170731707317075,,
IND424006AAA,IND423105AAA,4.205882352941177,109.0,5.0,47.7911,1,,4.205882352941177,,,,4.205882352941177
IND424006AAA,IND423106AAA,1.303030303030303,20.0,24.0,78.8695,5,,1.303030303030303,,,1.4426229508196722,1.3023088023088023
IND424006AAA,IND424101AAA,1.9639953542392568,40.0,17.0,57.65075,8,1.9639953542392568,,,,2.451219512195122,1.9639953542392568
IND424006AAA,IND424304AAC,2.062226391494684,42.5,17.0,54.4818,8,,2.062226391494684,,,2.073170731707317,1.948717948717949
IND424006AAA,IND425401AAA,1.7714285714285714,27.0,7.0,41.2941,1,1.7714285714285714,,,1.7714285714285714,,
IND424006AAA,IND425405AAA,1.9090909090909087,40.0,26.0,59.5702,3,,1.9090909090909087,,,1.9090909090909087,1.897623862487361
IND424006AAA,IND425412AAA,2.012987012987013,78.0,19.0,104.8513,3,,2.012987012987013,,,2.113160173160173,1.736842105263158
IND424006AAA,IND452001AAC,2.9722222222222223,142.0,13.0,100.5391,1,2.9722222222222223,,,2.9722222222222223,,
IND424101AAA,IND431103AAA,1.625,15.0,27.0,31.2776,1,1.625,,,,,1.625
IND424201AAA,IND424006AAA,10.552238805970148,640.0,14.0,85.721,1,10.552238805970148,,,10.552238805970148,,
IND424304AAC,IND424006AAA,22.313662790697673,884.5,13.5,56.7526,2,,22.313662790697673,,22.313662790697673,,
IND424304AAC,IND425412AAA,1.7714285714285714,28.0,11.0,52.9921,9,,1.7714285714285714,,,,1.7714285714285714
IND425109AAA,IND424201AAA,1.35,14.0,5.0,37.1863,1,1.35,,,1.35,,
IND425201AAA,IND425508AAB,1.947368421052632,36.0,21.0,41.5698,9,1.947368421052632,,,2.216216216216216,,1.947368421052632
IND425401AAA,IND425109AAA,1.5483870967741935,17.0,40.0,33.7629,1,1.5483870967741935,,,1.5483870967741935,,
IND425405AAA,IND424006AAA,21.232475598935224,986.5,14.5,64.5275,14,,21.232475598935224,,21.18367346938776,,21.5
IND425405AAA,IND425409AAA,2.313725490196078,67.0,25.0,56.6076,1,,2.313725490196078,,,,2.313725490196078
IND425406AAA,IND425405AAA,1.9484126984126984,18.5,1.0,20.7417,4,,1.9484126984126984,,,,1.9484126984126984
IND425406AAA,IND425409AAA,2.3142857142857145,46.0,9.0,49.3457,1,,2.3142857142857145,,,,2.3142857142857145
IND425406AAA,IND425412AAA,2.1113095238095236,45.5,13.5,56.899550000000005,2,,2.1113095238095236,,,,2.1113095238095236
IND425409AAA,IND424006AAA,12.08108108108108,820.0,6.0,94.5602,1,,12.08108108108108,,12.08108108108108,,
IND425409AAA,IND424304AAC,2.2028985507246377,83.0,16.0,92.9899,1,,2.2028985507246377,,,,2.2028985507246377
IND425409AAA,IND425406AAA,2.2777777777777777,45.0,9.0,50.2143,9,,2.2777777777777777,,,,2.2777777777777777
IND425409AAA,IND425412AAA,2.066666666666667,32.0,9.0,38.2279,1,,2.066666666666667,,,,2.066666666666667
IND425412AAA,IND424006AAA,13.835443037974684,1014.0,45.0,109.1615,1,,13.835443037974684,,,,13.835443037974684
IND425412AAA,IND424304AAC,2.125,45.0,5.0,57.6705,1,,2.125,,,,2.125
IND425412AAA,IND425406AAA,2.157285803627267,46.5,10.0,55.9246,2,,2.157285803627267,,,,2.157285803627267
IND425412AAA,IND425409AAA,2.268075639599555,38.0,7.0,39.068650000000005,10,,2.268075639599555,,,,2.268075639599555
IND425508AAB,IND450331AAA,2.7529411764705882,33.0,8.5,24.0006,16,2.7529411764705882,,,2.647058823529412,,3.105263157894737
IND431001AAB,IND431136AAC,3.2613636363636367,26.0,72.0,14.47925,18,3.2613636363636367,,,,,3.2613636363636367
IND431107AAB,IND431136AAC,1.87,43.5,23.0,49.06375,6,,1.87,,,,1.87
IND431112AAB,IND431136AAC,3.272727272727273,125.0,9.0,75.4698,11,3.272727272727273,,,,,3.272727272727273
IND431122AAA,IND431127AAA,2.095238095238096,23.0,41.0,29.9666,7,,2.095238095238096,,,,2.095238095238096
IND431127AAA,IND414502AAA,2.107142857142857,62.0,22.0,62.2876,7,,2.107142857142857,,,,2.107142857142857
IND431131AAB,IND431603AAA,8.135135135135135,792.0,59.0,156.47979999999998,1,8.135135135135135,,,8.135135135135135,,
IND431136AAC,IND411033AAA,1.9298245614035088,159.0,248.0,235.4623,13,,1.9298245614035088,1.8649820574162679,,1.9415204678362568,
IND431136AAC,IND431001AAA,3.0555555555555554,19.0,422.0,13.41015,20,3.0555555555555554,,2.5454545454545454,,3.111111111111111,
IND431136AAC,IND431112AAB,3.9649122807017534,169.0,321.0,77.4368,1,3.9649122807017534,,,,3.9649122807017534,
IND431136AAC,IND431122AAA,2.224489795918368,120.0,162.0,137.81779999999998,9,,2.224489795918368,2.04040404040404,,2.2346938775510203,
IND431136AAC,IND431203AAA,2.30188679245283,69.0,238.0,74.1863,15,2.30188679245283,,,3.607142857142857,2.132761578044597,
IND431203AAA,IND431112AAB,1.979591836734694,47.5,60.0,66.99465,10,1.979591836734694,,,,,1.979591836734694
IND431203AAA,IND431136AAC,1.8796296296296298,47.5,149.5,74.3947,2,1.8796296296296298,,,,,1.8796296296296298
IND431514AAA,IND431515AAA,2.046536796536796,22.5,22.5,30.58895,16,,2.046536796536796,,,,2.046536796536796
IND431515AAA,IND431517AAB,2.933333333333333,29.0,25.0,21.55975,14,,2.933333333333333,,2.533333333333333,,2.933333333333333
IND431517AAB,IND411033AAA,2.768272113943029,408.5,39.0,318.56444999999997,12,,2.768272113943029,,2.8046898025346305,,2.715217391304348
IND431603AAA,IND413517AAA,2.7976190476190474,151.0,165.0,107.4206,1,2.7976190476190474,,,,,2.7976190476190474
IND431603AAA,IND413531AAA,2.8210526315789473,173.0,61.5,134.177,4,2.8210526315789473,,,,,2.8210526315789473
IND431603AAA,IND431401AAA,3.5254237288135597,149.0,2.0,80.169,1,3.5254237288135597,,,,,3.5254237288135597
IND431603AAA,IND431708AAA,2.0434782608695654,24.0,65.0,32.4038,15,,2.0434782608695654,,,2.0,2.0652173913043477
IND431708AAA,IND431514AAA,2.0689655172413794,30.5,12.5,41.4229,16,,2.0689655172413794,,,,2.0689655172413794
IND431717AAA,IND431603AAA,7.953918722786647,368.0,335.5,75.12604999999999,2,7.953918722786647,,2.1153846153846154,13.79245283018868,,
IND441206AAB,IND441603AAA,2.746268656716418,117.0,29.0,88.601,1,2.746268656716418,,,,,2.746268656716418
IND441206AAB,IND442605AAA,2.7333333333333334,78.0,17.0,58.0608,7,2.7333333333333334,,,2.7333333333333334,,2.6246376811594203
IND441603AAA,IND442605AAA,1.8333333333333333,20.0,50.0,31.9113,1,1.8333333333333333,,,1.8333333333333333,,
IND441614AAA,IND481001AAA,2.2962962962962963,35.0,26.0,38.9986,9,,2.2962962962962963,,,,2.2962962962962963
IND441904AAB,IND441912AAA,1.7857142857142856,22.0,21.5,31.0344,12,1.7857142857142856,,,,,1.7857142857142856
IND441912AAA,IND441107AAB,2.702702702702702,126.0,30.0,103.6758,11,2.702702702702702,,,2.5733333333333333,,2.851351351351351
IND442001AAA,IND442101AAB,3.7142857142857135,38.0,15.0,18.009900000000002,5,,3.7142857142857135,,,,3.7142857142857135
IND442101AAB,IND445001AAB,2.1998577524893315,45.0,15.5,52.046800000000005,12,,2.1998577524893315,,,,2.1998577524893315
IND442605AAA,IND441603AAA,2.090909090909091,24.0,18.0,31.538400000000003,3,2.090909090909091,,,2.090909090909091,,
IND443201AAA,IND000000AAZ,6.25,84.0,36.0,23.79,1,,6.25,,,,6.25
IND443301AAA,IND443201AAA,2.680947580645161,53.0,40.5,44.5664,2,,2.680947580645161,,,,2.680947580645161
IND444005AAB,IND000000AAZ,4.642857142857143,306.0,276.0,118.9976,1,,4.642857142857143,,,4.642857142857143,
IND444005AAB,IND421302AAG,2.306996248068859,513.0,83.0,549.66545,20,,2.306996248068859,,2.306996248068859,,
IND444005AAB,IND443301AAA,2.375,109.0,163.0,110.207,5,,2.375,,,2.375,
IND444203AAA,IND444005AAB,2.5,60.0,332.0,50.5628,5,,2.5,2.5,2.1930555555555555,,
IND444303AAA,IND444203AAA,3.242424242424242,25.5,35.5,16.9471,2,,3.242424242424242,,3.242424242424242,,
IND444602AAA,IND444005AAB,2.081081081081081,80.0,64.0,96.8424,21,,2.081081081081081,,2.287671232876712,,2.0805405405405404
IND445101AAA,IND440014AAA,3.809523809523809,59.0,111.0,29.1727,1,3.809523809523809,,,3.809523809523809,,
IND450331AAA,IND452001AAC,2.242857142857143,87.0,18.0,96.8774,13,2.242857142857143,,,2.242857142857143,,
IND451666AAA,IND421302AAG,2.525,427.0,76.0,395.46655,2,,2.525,,,,2.525
IND451666AAA,IND424006AAA,2.6073471845829572,131.0,34.5,111.6546,8,,2.6073471845829572,,,,2.6073471845829572
IND452001AAC,IND425201AAA,2.823529411764706,31.0,31.0,23.2065,9,2.823529411764706,,,32.787581699346404,,2.823529411764706
IND452001AAC,IND425508AAB,2.047169811320755,55.5,760.5,61.51690000000001,2,2.047169811320755,,,,,2.047169811320755
IND454001AAA,IND457001AAA,1.146067415730337,13.0,34.0,87.4747,17,,1.146067415730337,,,,1.146067415730337
IND457001AAA,IND382430AAB,1.9809885931558933,258.0,48.0,371.6415,3,,1.9809885931558933,,,,1.9809885931558933
IND457001AAA,IND457226AAA,1.0769736842105264,3.0,45.0,37.985,16,,1.0769736842105264,,1.4078947368421053,,1.0645270270270268
IND457226AAA,IND382430AAB,1.7952218430034128,233.0,41.5,391.91970000000003,16,,1.7952218430034128,,1.7952218430034128,,
IND458001AAB,IND458990AAA,1.5185185185185186,14.0,17.0,31.0757,11,,1.5185185185185186,,,,1.5185185185185186
IND458664AAA,IND312403AAA,2.466666666666667,66.0,23.0,53.049800000000005,7,,2.466666666666667,,,,2.466666666666667
IND458990AAA,IND312605AAB,2.228448275862069,70.0,255.5,61.84595,10,,2.228448275862069,,2.446428571428572,,1.736842105263158
IND460001AAA,IND480334AAA,2.2153846153846155,79.0,21.0,87.2736,21,,2.2153846153846155,2.2803030303030303,1.3866666666666667,,
IND461001AAA,IND461111AAA,4.785714285714286,53.0,6.0,21.1863,1,,4.785714285714286,,4.785714285714286,,
IND461111AAA,IND460001AAA,1.8782390269698572,54.0,17.5,86.03235,20,,1.8782390269698572,1.895161290322581,1.8782390269698572,,
IND462001AAA,IND462022AAA,3.916666666666667,35.5,28.0,14.26375,28,3.916666666666667,,,8.142857142857142,,3.5384615384615383
IND462011AAA,IND462022AAA,2.363636363636364,15.0,12.0,12.6942,11,2.363636363636364,,,2.5224358974358974,,2.25
IND462021AAA,IND462001AAA,6.727272727272728,63.0,6.0,11.7024,1,6.727272727272728,,,,,6.727272727272728
IND462022AAA,IND000000ACB,1.9131577857823046,531.0,146.0,814.2094500000001,26,,1.9131577857823046,,,1.9156626506024097,1.8424657534246576
IND462022AAA,IND209304AAA,2.078680203045685,425.0,191.0,545.6813000000001,25,,2.078680203045685,,,2.037974683544304,2.093908629441624
IND462022AAA,IND461001AAA,2.5,78.0,85.0,72.5534,5,,2.5,,2.4901960784313726,,2.877450980392157
IND462022AAA,IND462001AAA,2.3076923076923075,17.0,79.0,14.5169,3,2.3076923076923075,,,,,2.3076923076923075
IND462022AAA,IND462011AAA,2.439102564102564,17.0,42.0,12.66095,30,2.439102564102564,,,2.2272727272727275,,2.480769230769231
IND462022AAA,IND462042AAA,3.5666666666666664,53.0,9.5,20.4617,2,3.5666666666666664,,,3.5666666666666664,,
IND462022AAA,IND465669AAB,2.125,76.5,59.5,97.11585,10,,2.125,,2.125,,
IND462022AAA,IND466001AAA,2.8488372093023253,79.5,47.0,49.6907,14,,2.8488372093023253,,2.8488372093023253,,
IND462022AAA,IND842003AAB,2.461642721604771,320.0,238.0,289.2743,8,,2.461642721604771,,2.3981900452488687,,2.555299539170507
IND462042AAA,IND462022AAA,4.9,78.0,19.0,19.1454,17,4.9,,,6.8,,3.2
IND464001AAA,IND464221AAA,1.5441176470588236,37.0,18.0,74.5083,1,,1.5441176470588236,,1.5441176470588236,,
IND464221AAA,IND470004AAA,1.6412213740458017,84.0,28.0,151.3554,1,,1.6412213740458017,,1.6412213740458017,,
IND464668AAA,IND462022AAA,2.553571428571429,130.5,14.0,119.1635,2,,2.553571428571429,,2.321428571428572,,2.7857142857142856
IND465001AAA,IND462022AAA,1.6458374858813367,112.0,266.5,213.95544999999998,4,,1.6458374858813367,1.6458374858813367,,,
IND465001AAA,IND465333A1B,1.056100981767181,0.0,34.0,69.26985,2,,1.056100981767181,1.056100981767181,,,
IND465001AAA,IND465333AAA,1.3428571428571427,24.0,36.0,66.4411,3,,1.3428571428571427,1.3428571428571427,,,
IND465333A1B,IND462022AAA,1.2524271844660195,26.0,41.0,145.6182,1,,1.2524271844660195,1.2524271844660195,,,
IND465333A1B,IND465333AAA,0.6388888888888888,-26.0,14.0,58.2535,1,,0.6388888888888888,0.6388888888888888,,,
IND465333AAA,IND462022AAA,1.8653846153846156,90.0,413.0,146.42010000000002,3,,1.8653846153846156,1.8653846153846156,,,
IND465669AAB,IND465683AAA,1.5277777777777777,19.0,23.0,39.0004,11,,1.5277777777777777,,1.5277777777777777,,
IND465683AAA,IND465001AAA,1.4492753623188406,31.0,7.0,55.097,13,,1.4492753623188406,1.5294117647058822,1.3913043478260871,,
IND466001AAA,IND466116AAA,1.7666666666666666,26.0,8.0,43.0466,15,,1.7666666666666666,,1.7666666666666666,,
IND466116AAA,IND462022AAA,2.3857142857142857,101.0,85.0,103.4224,13,,2.3857142857142857,2.381340244353943,2.3857142857142857,,
IND470004AAA,IND462022AAA,2.126984126984127,142.0,277.0,177.7757,1,,2.126984126984127,2.126984126984127,,,
IND470004AAA,IND470113AAA,2.25,72.5,27.0,82.45490000000001,2,,2.25,,,2.25,
IND470004AAA,IND470117AAA,2.1777777777777776,53.0,38.0,59.3051,1,,2.1777777777777776,,,,2.1777777777777776
IND470004AAA,IND473443AAA,2.0466101694915255,123.5,24.0,159.04235,2,,2.0466101694915255,,,2.0466101694915255,
IND470113AAA,IND470117AAA,2.5142857142857142,22.0,13.5,20.7331,2,,2.5142857142857142,,,,2.5142857142857142
IND470113AAA,IND470227AAB,1.6727272727272726,74.0,27.0,143.9026,1,,1.6727272727272726,,,,1.6727272727272726
IND470117AAA,IND470227AAB,1.7526315789473683,71.5,23.0,122.6775,6,,1.7526315789473683,,1.7157894736842103,,1.7894736842105263
IND471001AAA,IND472001AAA,1.620253164556962,49.0,28.0,97.1646,9,,1.620253164556962,,1.927710843373494,,1.6053073051700473
IND472001AAA,IND474003AAA,2.485294117647059,303.0,685.0,225.7194,3,,2.485294117647059,2.257425742574257,2.5402661064425773,,
IND472001AAA,IND485001AAC,2.3142957870615195,244.0,213.5,242.3127,16,,2.3142957870615195,,2.300064288010286,,2.327065723650164
IND473001AAA,IND473331AAA,2.025641025641025,40.0,21.0,42.9879,11,,2.025641025641025,2.025641025641025,1.9102564102564101,,
IND473226AAA,IND473001AAA,1.3038461538461539,12.0,27.5,32.3411,10,,1.3038461538461539,,1.3038461538461539,,
IND473226AAA,IND474003AAA,1.6711940748995846,197.0,44.5,248.76915000000002,10,,1.6711940748995846,,1.6711940748995846,,
IND473331AAA,IND473226AAA,2.0609756097560976,87.0,928.0,77.2146,17,,2.0609756097560976,11.024390243902438,1.981707317073171,,
IND473443AAA,IND470113AAA,1.8135593220338984,48.0,16.0,74.93780000000001,7,,1.8135593220338984,,,,1.8135593220338984
IND474003AAA,IND000000ACB,1.6346153846153846,165.0,77.5,316.01930000000004,26,,1.6346153846153846,1.7323345324793076,,1.6030534351145038,1.4749034749034748
IND474003AAA,IND328001AAA,1.373134328358209,25.0,136.0,61.6966,1,,1.373134328358209,,,1.373134328358209,
IND474003AAA,IND473551AAA,1.4338235294117647,59.0,56.0,117.6841,1,,1.4338235294117647,,,1.4338235294117647,
IND474003AAA,IND475661AAB,2.8253968253968256,115.0,109.0,81.44810000000001,1,,2.8253968253968256,,,2.8253968253968256,
IND474003AAA,IND476001AAA,1.5945945945945943,22.0,44.0,34.6902,3,,1.5945945945945943,,,,1.5945945945945943
IND474003AAA,IND476111AAA,2.4407242063492065,91.5,32.5,70.56045,8,,2.4407242063492065,,,2.46875,2.278688524590164
IND476001AAA,IND476111AAA,2.208333333333333,29.0,6.0,34.6501,1,,2.208333333333333,,,,2.208333333333333
IND476111AAA,IND477001AAA,1.9598039215686274,48.5,8.5,65.12755000000001,6,,1.9598039215686274,,,,1.9598039215686274
IND476111AAA,IND477001AAB,2.1730769230769234,61.0,37.5,74.38285,2,,2.1730769230769234,,,,2.1730769230769234
IND477001AAA,IND474003AAA,3.363636363636364,130.0,493.0,76.084,1,,3.363636363636364,,,,3.363636363636364
IND477001AAB,IND474003AAA,4.811320754716981,202.0,361.0,76.7885,11,,4.811320754716981,,5.518518518518518,,3.596192722371968
IND480001AAA,IND480661AAA,1.5535444947209651,28.5,19.0,73.00895,10,,1.5535444947209651,,2.1666666666666665,,1.5384615384615383
IND480001AAA,IND481661AAA,1.6337882547559965,98.5,26.0,197.0908,2,,1.6337882547559965,,,,1.6337882547559965
IND480334AAA,IND480106AAA,1.4166666666666667,15.0,26.0,38.922,21,,1.4166666666666667,1.4226190476190477,,1.3428571428571427,
IND480661AAA,IND480001AAA,1.826923076923077,43.0,6.5,73.50535,2,,1.826923076923077,,,,1.826923076923077
IND480661AAA,IND481661AAA,1.3964245705750562,41.0,26.5,123.729,6,,1.3964245705750562,,1.3964245705750562,,
IND480886AAA,IND480001AAA,1.5778282828282828,57.5,3.5,137.92534999999998,6,,1.5778282828282828,,,,1.5778282828282828
IND480886AAA,IND480661AAA,1.5274376417233562,25.0,2.0,65.41799999999999,2,,1.5274376417233562,,,,1.5274376417233562
IND481661AAA,IND842003AAB,3.2375,179.0,41.0,104.296,9,,3.2375,3.2375,3.6228248796741953,,
IND482002AAA,IND842003AAB,13.0,108.0,337.0,10.4909,3,13.0,,,13.0,,
IND483225AAA,IND483501AAA,2.121212121212121,38.0,0.0,44.759,3,,2.121212121212121,,,,2.121212121212121
IND483501AAA,IND483770AAA,2.0,46.0,24.0,52.5915,3,,2.0,,,,2.0
IND483770AAA,IND842003AAB,2.485253709470599,155.5,367.5,131.93885,2,,2.485253709470599,,,,2.485253709470599
IND484001AAA,IND484224AAA,1.4047619047619049,17.0,22.0,46.9012,3,,1.4047619047619049,,1.4285714285714286,,0.9134920634920636
IND484001AAA,IND484446AAA,2.0777555777555774,83.5,31.0,105.73245,4,,2.0777555777555774,,2.025641025641025,,2.1298701298701297
IND484224AAA,IND484446AAA,0.96875,-2.0,72.0,67.1484,1,,0.96875,,0.96875,,
IND484446AAA,IND842003AAB,2.025531914893617,241.0,28.0,322.8283,3,,2.025531914893617,,2.025531914893617,,
IND484551AAA,IND484001AAA,2.0384615384615383,27.0,3.0,37.4561,1,,2.0384615384615383,,,,2.0384615384615383
IND484661AAE,IND484001AAA,2.5488394584139265,70.0,3.0,65.60575,2,,2.5488394584139265,,,,2.5488394584139265
IND484661AAE,IND484551AAA,3.333333333333333,49.0,18.0,30.4302,1,,3.333333333333333,,,,3.333333333333333
IND485001AAC,IND471001AAA,2.1298076923076925,117.0,416.0,144.10135000000002,8,,2.1298076923076925,2.1346153846153846,,2.048076923076923,
IND485001AAC,IND485771AAA,3.060606060606061,68.0,340.0,43.3326,3,,3.060606060606061,,3.060606060606061,,
IND485001AAC,IND486001AAA,14.061764705882354,455.0,326.0,47.0788,2,,14.061764705882354,14.061764705882354,,,
IND485001AAC,IND486771AAA,6.472527472527473,498.0,305.0,121.9537,5,,6.472527472527473,5.133333333333334,6.730645758735646,,
IND485001AAC,IND488001AAA,2.0701754385964914,61.0,307.0,75.4958,3,,2.0701754385964914,2.109090909090909,,2.0628654970760234,
IND485771AAA,IND486001AAA,2.1333333333333333,51.0,41.0,64.4999,1,,2.1333333333333333,,,,2.1333333333333333
IND485771AAA,IND486771AAA,5.285714285714286,390.0,0.0,124.0555,1,,5.285714285714286,,,5.285714285714286,
IND486001AAA,IND486771AAA,2.6642619311875695,86.5,46.0,72.82249999999999,2,,2.6642619311875695,,,,2.6642619311875695
IND486661AAA,IND211002AAB,5.236024844720497,682.0,303.0,195.6941,5,,5.236024844720497,,4.983637422360248,,6.925465838509317
IND486771AAA,IND486661AAA,1.6875,15.0,10.0,25.976300000000002,6,,1.6875,,,,1.6875
IND486886AAA,IND486889AAA,2.4,28.0,38.0,24.7239,7,,2.4,,,,2.4
IND486889AAA,IND231205AAA,2.1076923076923078,75.0,35.0,87.15825000000001,4,,2.1076923076923078,,1.7246376811594204,,2.2153846153846155
IND486889AAA,IND231216AAA,2.593406593406593,145.0,42.0,110.3874,3,,2.593406593406593,,,,2.593406593406593
IND487001AAA,IND487551AAA,1.3765032377428308,17.5,2.5,50.0591,4,,1.3765032377428308,,,,1.3765032377428308
IND487001AAB,IND487551AAA,1.627659574468085,29.5,13.5,51.79905,4,,1.627659574468085,,,,1.627659574468085
IND487551AAA,IND464668AAA,2.25,85.0,29.0,81.3138,7,,2.25,,2.208955223880597,,2.3173076923076925
IND488001AAA,IND471001AAA,2.1686613475177303,55.5,11.0,67.27359999999999,4,,2.1686613475177303,,,,2.1686613475177303
IND491001AAA,IND494334AAB,1.439252336448598,47.0,19.0,135.07379999999998,1,,1.439252336448598,,,,1.439252336448598
IND492001AAB,IND492007AAA,3.0,21.5,225.0,11.08955,8,3.0,,,,2.9,3.0
IND493118AAC,IND495334AAB,1.6326530612244898,31.0,20.0,54.8625,11,1.6326530612244898,,,,,1.6326530612244898
IND493445AAB,IND490023AAA,14.40983606557377,818.0,23.0,86.438,1,,14.40983606557377,,14.40983606557377,,
IND494334AAB,IND493445AAB,1.7692307692307692,100.0,26.0,173.8199,11,,1.7692307692307692,,1.7692307692307692,,
IND495004AAA,IND495671AAA,2.558139534883721,67.0,5.0,61.5664,1,,2.558139534883721,,,,2.558139534883721
IND495334AAB,IND491995AAB,1.5313636363636363,25.5,14.5,64.10135,12,1.5313636363636363,,,,,1.5313636363636363
IND495677AAA,IND496001AAA,2.18018018018018,131.0,52.0,132.0614,7,,2.18018018018018,,2.18018018018018,,2.1891891891891895
IND500008AAC,IND500084AAB,2.736842105263158,33.0,74.0,12.0553,1,2.736842105263158,,,,2.736842105263158,
IND500008AAC,IND501359AAE,3.391304347826087,55.0,54.0,24.5107,13,3.391304347826087,,2.625,4.377470355731225,2.2704347826086955,12.538537549407113
IND500008AAD,IND501359AAE,3.216450216450217,47.5,262.5,25.73285,6,3.216450216450217,,2.909090909090909,5.045454545454546,,
IND500008AAF,IND500039AAC,3.357142857142857,37.0,61.0,19.0913,19,3.357142857142857,,,2.9411764705882355,,3.598039215686274
IND500010AAA,IND500055AAA,1.8235294117647056,14.0,10.0,15.9111,1,1.8235294117647056,,,1.8235294117647056,,
IND500010AAA,IND501359AAE,2.2972972972972974,50.0,368.0,45.4122,9,2.2972972972972974,,,10.542857142857144,2.2837837837837838,
IND500010AAA,IND501401AAC,3.8,42.0,25.0,20.0311,1,3.8,,,3.8,,
IND500010AAB,IND501359AAE,3.3783783783783785,88.0,166.0,44.9602,39,3.3783783783783785,,3.5128205128205128,3.3783783783783785,3.088235294117647,
IND500018AAA,IND500080AAB,3.0416666666666665,34.5,49.5,14.5286,4,3.0416666666666665,,,3.25,,2.4
IND500032AAA,IND502295AAA,1.9795454545454543,20.5,14.5,26.69585,4,1.9795454545454543,,,,,1.9795454545454543
IND500035AAA,IND500039AAC,2.75,21.0,19.0,15.0909,1,2.75,,,2.75,,
IND500039AAB,IND501301AAC,2.325,12.0,24.5,13.078050000000001,2,2.325,,,2.325,,
IND500039AAC,IND500035AAA,3.2153846153846155,27.0,65.5,13.6078,2,3.2153846153846155,,,3.2153846153846155,,
IND500039AAC,IND500035AAD,2.8896103896103895,24.0,31.0,13.43775,8,2.8896103896103895,,,2.636363636363636,,3.142857142857143
IND500039AAC,IND501359AAE,4.037037037037037,94.0,122.0,34.745,15,4.037037037037037,,3.8846153846153846,4.018518518518519,8.125,2.5161290322580645
IND500039AAC,IND508116AAA,2.321428571428572,37.0,19.0,36.8972,13,,2.321428571428572,,,,2.321428571428572
IND500039AAD,IND501359AAE,2.717013888888889,52.0,266.0,36.640299999999996,8,2.717013888888889,,2.685763888888889,4.074074074074074,1.967741935483871,2.65625
IND500050AAA,IND501218AAC,5.566666666666666,137.0,76.0,33.2229,5,5.566666666666666,,,,5.566666666666666,
IND500050AAA,IND501359AAE,2.419354838709677,44.0,171.0,36.0739,21,2.419354838709677,,2.5625,2.740512333965844,1.5539314516129032,1.8465073529411766
IND500055AAA,IND500010AAA,2.933333333333333,29.0,116.0,12.4969,1,2.933333333333333,,,,,2.933333333333333
IND500055AAA,IND501401AAC,2.0588235294117645,18.0,15.0,20.228900000000003,1,2.0588235294117645,,,2.0588235294117645,,
IND500055AAC,IND501401AAC,2.5384615384615383,17.0,30.0,15.4876,17,2.5384615384615383,,,2.602564102564102,,2.5
IND500080AAB,IND501359AAE,2.6439393939393936,37.5,109.5,26.387500000000003,20,2.6439393939393936,,5.545454545454545,4.109307359307359,1.95,2.2857142857142856
IND501101AAB,IND501359AAE,1.9285714285714288,52.0,804.0,72.1443,1,1.9285714285714288,,,,,1.9285714285714288
IND501101AAB,IND509216AAC,1.471698113207547,25.0,13.0,56.152,5,1.471698113207547,,,,,1.471698113207547
IND501141AAA,IND501101AAB,1.5365853658536586,22.0,30.0,38.9117,5,1.5365853658536586,,,,,1.5365853658536586
IND501301AAC,IND500039AAC,3.5314685314685317,29.0,20.5,14.8667,2,3.5314685314685317,,,3.5314685314685317,,
IND501359AAE,IND000000ACB,2.1486146095717884,1368.0,185.0,1635.114,1,,2.1486146095717884,,,2.1486146095717884,
IND501359AAE,IND411033AAA,2.042466068093521,466.5,165.0,596.1829,20,,2.042466068093521,2.0616591928251125,,2.042466068093521,
IND501359AAE,IND413002AAA,1.9477911646586343,236.0,165.0,327.37690000000003,11,,1.9477911646586343,1.9477911646586343,,,
IND501359AAE,IND462022AAA,2.0983676339946697,675.5,198.0,865.8919000000001,20,,2.0983676339946697,2.2878048780487807,,2.102272727272727,2.016260162601626
IND501359AAE,IND500008AAC,1.8571428571428568,18.0,108.0,26.9101,19,1.8571428571428568,,1.833333333333333,,1.6333333333333333,2.1
IND501359AAE,IND500010AAA,1.9358974358974357,36.5,108.5,47.48885,12,1.9358974358974357,,1.9203778677462888,,1.7948717948717947,2.8205128205128203
IND501359AAE,IND500010AAB,2.756097560975609,73.0,183.0,49.1165,33,2.756097560975609,,2.90018315018315,,2.6842105263157894,2.6079545454545454
IND501359AAE,IND500039AAC,2.1545977011494255,34.0,120.5,36.2155,10,2.1545977011494255,,,,1.9642857142857144,2.5
IND501359AAE,IND500039AAD,2.7270114942528734,48.5,157.5,36.22695,6,2.7270114942528734,,2.432795698924731,,2.810344827586207,
IND501359AAE,IND500050AAA,1.8060344827586206,24.5,111.0,34.1595,18,1.8060344827586206,,1.5151515151515151,,1.5758620689655172,1.870967741935484
IND501359AAE,IND500080AAB,1.98,22.5,111.5,28.73085,24,1.98,,1.875,,1.826086956521739,2.7608695652173916
IND501359AAE,IND501141AAA,1.600177304964539,57.0,133.0,109.3512,8,1.600177304964539,,,,1.600177304964539,
IND501359AAE,IND501218AAC,6.777777777777778,104.0,272.0,24.5035,1,6.777777777777778,,,,6.777777777777778,
IND501359AAE,IND503111AAC,1.7330607476635516,77.5,288.5,140.17345,2,,1.7330607476635516,1.841121495327103,1.625,,
IND501359AAE,IND505001AAB,1.3827486615948157,64.5,338.5,234.58305000000001,2,,1.3827486615948157,,1.3827486615948157,,
IND501359AAE,IND506002AAA,1.7754898040783686,94.0,427.5,171.07580000000002,16,,1.7754898040783686,1.790983606557377,1.7754898040783686,,
IND501359AAE,IND508252AAB,2.0434782608695654,48.0,298.0,66.4524,7,,2.0434782608695654,,,,2.0434782608695654
IND501359AAE,IND509001AAA,1.5357142857142858,30.0,203.0,76.3792,17,,1.5357142857142858,,,1.5357142857142858,
IND501359AAE,IND509358AAA,1.5555555555555556,15.0,117.0,36.8336,17,,1.5555555555555556,,,1.5555555555555556,
IND501359AAE,IND515004AAA,1.786008230452675,191.0,164.0,337.884,9,,1.786008230452675,,,1.6753018957026244,1.786008230452675
IND501359AAE,IND518002AAA,1.7789855072463767,107.5,160.5,194.0363,16,,1.7789855072463767,,1.7789855072463767,,
IND501359AAE,IND523002AAA,1.7158244481664555,194.0,176.5,363.46555,12,,1.7158244481664555,,,1.7216117216117215,1.6204379562043796
IND501359AAE,IND533106AAA,2.2142857142857144,364.5,216.5,421.56845,12,,2.2142857142857144,,,,2.2142857142857144
IND501359AAE,IND562132AAA,1.6863207547169812,291.0,218.0,542.2618,5,,1.6863207547169812,,1.6305882352941177,1.8376470588235292,1.7452830188679245
IND501359AAE,IND585104AAA,1.6666666666666667,112.0,231.0,216.1291,21,,1.6666666666666667,1.6646942800788955,1.7724550898203593,,
IND501359AAE,IND712311AAA,1.979167151030219,1035.5,285.0,1471.3070500000001,2,,1.979167151030219,,,,1.979167151030219
IND501359AAE,IND751002AAB,2.026566757493188,753.5,186.0,1037.9544,8,,2.026566757493188,,,,2.026566757493188
IND501359AAG,IND000000ACN,2.75,35.0,83.0,25.3848,11,2.75,,2.75,,,
IND501401AAC,IND500010AAA,8.904166666666667,114.0,30.5,14.09615,14,8.904166666666667,,,2.1333333333333333,,11.285714285714286
IND502110AAA,IND502313AAA,1.3714285714285714,13.0,15.0,39.7813,19,,1.3714285714285714,,1.3472222222222223,,1.6388888888888888
IND502220AAC,IND501359AAE,1.3088849135360765,40.0,45.0,147.02459999999996,22,,1.3088849135360765,,1.3088849135360765,,
IND502286AAB,IND502220AAC,2.1002747252747254,54.5,14.5,57.435900000000004,22,,2.1002747252747254,,2.0576923076923075,,2.18
IND502295AAA,IND500050AAA,2.0,25.0,5.5,29.533900000000003,2,2.0,,,,,2.0
IND502313AAA,IND503111AAC,1.6958525345622117,43.5,93.5,85.2439,6,,1.6958525345622117,,1.6958525345622117,,
IND503111AAC,IND501359AAE,2.233009708737864,127.0,76.0,137.8776,13,,2.233009708737864,,,2.0,2.271844660194174
IND503111AAC,IND503185AAA,1.8166666666666669,49.0,28.0,79.4388,20,,1.8166666666666669,,,1.5254237288135593,1.8852459016393444
IND503111AAC,IND505001AAB,1.404494382022472,36.0,53.0,97.1468,1,,1.404494382022472,,,1.404494382022472,
IND503122AAA,IND502110AAA,1.5526315789473684,21.0,11.0,40.465900000000005,19,,1.5526315789473684,,1.5526315789473684,,1.5162162162162163
IND503185AAA,IND503187AAA,1.5,14.0,21.0,32.2086,19,,1.5,,1.5,,1.5
IND503187AAA,IND503122AAA,1.5384615384615383,14.0,19.0,28.482799999999997,20,,1.5384615384615383,,1.5384615384615383,,1.52
IND504201AAA,IND505001AAB,2.136986301369863,83.0,60.0,100.4252,1,,2.136986301369863,,,,2.136986301369863
IND504201AAA,IND505184AAC,1.1578947368421053,12.0,17.0,59.6035,5,,1.1578947368421053,,,,1.1578947368421053
IND504208AAB,IND504251AAA,1.7894736842105263,15.0,6.0,21.5952,1,,1.7894736842105263,,,,1.7894736842105263
IND504208AAB,IND505001AAB,2.022248243559719,63.5,76.5,85.642,6,,2.022248243559719,,2.3852459016393444,,2.022248243559719
IND504215AAA,IND505001AAB,1.9491525423728813,56.0,85.0,65.1652,15,,1.9491525423728813,,2.042372881355932,,1.8983050847457628
IND504215AAA,IND505326AAB,2.706896551724138,99.0,20.0,64.6296,1,,2.706896551724138,,2.706896551724138,,
IND504251AAA,IND504293AAA,2.305263157894737,47.5,8.5,40.2221,2,,2.305263157894737,,,,2.305263157894737
IND504251AAA,IND504296AAA,1.186046511627907,8.0,10.0,39.631,3,,1.186046511627907,,,,1.186046511627907
IND504293AAA,IND504208AAB,1.3621753246753245,20.0,58.0,60.62925,2,,1.3621753246753245,,1.3621753246753245,,
IND504293AAA,IND505001AAB,2.083333333333333,130.0,56.0,147.70729999999998,7,,2.083333333333333,,2.3307577268195416,,2.083333333333333
IND504296AAA,IND504208AAB,1.2459016393442623,15.0,14.0,59.8443,1,,1.2459016393442623,,,,1.2459016393442623
IND504296AAA,IND504293AAA,1.1,3.0,9.5,25.6401,2,,1.1,,1.1,,1.1
IND504296AAA,IND505001AAB,1.6,75.0,63.0,145.8669,1,,1.6,,,,1.6
IND505001AAA,IND505302AAB,1.3823529411764706,13.0,22.0,34.6662,9,,1.3823529411764706,,,,1.3823529411764706
IND505001AAA,IND505327AAA,1.6046511627906976,26.0,30.0,46.6178,1,,1.6046511627906976,,,,1.6046511627906976
IND505001AAB,IND501359AAE,2.048192771084337,174.0,68.0,185.6649,1,,2.048192771084337,,,2.048192771084337,
IND505001AAB,IND503111AAC,1.388034188034188,35.0,103.5,98.4647,2,,1.388034188034188,,,1.388034188034188,
IND505001AAB,IND504208AAB,1.5076923076923077,33.0,46.0,84.43639999999999,11,,1.5076923076923077,,,1.721311475409836,1.4833543505674653
IND505001AAB,IND504251AAA,2.216867469879518,101.0,20.0,109.7287,1,,2.216867469879518,,,2.216867469879518,
IND505001AAB,IND505172AAA,1.7083333333333333,17.0,63.0,34.1481,1,,1.7083333333333333,,,,1.7083333333333333
IND505001AAB,IND505184AAC,2.571428571428572,99.0,68.0,69.744,3,,2.571428571428572,,,2.571428571428572,
IND505001AAB,IND505209AAA,2.708333333333333,82.0,55.0,63.4972,7,,2.708333333333333,,,3.783514492753623,2.590909090909091
IND505001AAB,IND505302AAB,1.712121212121212,23.5,50.0,34.788700000000006,4,,1.712121212121212,,,1.676470588235294,1.712121212121212
IND505122AAA,IND506002AAA,3.2321428571428568,92.0,605.5,48.40615,16,,3.2321428571428568,,,,3.2321428571428568
IND505184AAC,IND505001AAB,2.083333333333333,65.0,55.0,68.68660000000001,9,,2.083333333333333,,2.16263440860215,,1.9
IND505184AAC,IND505209AAA,0.8941375968992248,-4.5,6.5,22.036949999999997,2,,0.8941375968992248,,,,0.8941375968992248
IND505209AAA,IND504201AAA,1.4137931034482758,12.0,6.0,38.546,5,,1.4137931034482758,,,,1.4137931034482758
IND505209AAA,IND505001AAB,1.9555555555555555,43.0,82.0,64.2987,3,,1.9555555555555555,,,,1.9555555555555555
IND505302AAB,IND505325AAA,1.1290322580645162,8.0,6.0,60.1525,5,,1.1290322580645162,,,,1.1290322580645162
IND505302AAB,IND505326AAB,1.2116161616161616,11.5,23.5,50.4236,4,,1.2116161616161616,,,,1.2116161616161616
IND505302AAB,IND505327AAA,2.0,42.0,12.0,38.234300000000005,1,,2.0,,,,2.0
IND505325AAA,IND505327AAA,1.4219367588932808,8.5,17.0,28.3826,6,,1.4219367588932808,,,,1.4219367588932808
IND505326AAA,IND505425AAA,2.8285714285714287,64.0,5.0,49.0874,1,,2.8285714285714287,,,,2.8285714285714287
IND505326AAB,IND505001AAB,4.389830508474576,200.0,44.0,63.4686,1,,4.389830508474576,,4.389830508474576,,
IND505326AAB,IND505327AAA,2.0434782608695654,24.0,5.0,32.9725,1,,2.0434782608695654,,,,2.0434782608695654
IND505326AAB,IND505425AAA,1.631578947368421,12.0,5.0,26.8409,1,,1.631578947368421,,,,1.631578947368421
IND505327AAA,IND505425AAA,1.547619047619048,11.5,14.0,26.93405,12,,1.547619047619048,,1.2352941176470589,,1.619047619047619
IND505425AAA,IND504215AAA,3.4166666666666665,29.0,4.0,18.1203,1,,3.4166666666666665,,,,3.4166666666666665
IND505425AAA,IND505001AAB,1.8571428571428568,54.0,97.0,70.7628,1,,1.8571428571428568,,,,1.8571428571428568
IND505467AAA,IND505122AAA,1.7333333333333334,33.0,24.0,51.0574,13,,1.7333333333333334,,,,1.7333333333333334
IND505503AAA,IND506164AAA,2.282051282051282,50.0,19.0,55.3318,1,,2.282051282051282,,,,2.282051282051282
IND506001AAC,IND505122AAA,2.0588235294117645,36.0,19.0,41.804249999999996,2,,2.0588235294117645,,,,2.0588235294117645
IND506001AAC,IND505467AAA,1.588235294117647,20.0,17.0,41.8916,13,,1.588235294117647,,,,1.588235294117647
IND506002AAA,IND506132AAA,1.1265873015873016,4.5,48.5,34.435300000000005,20,,1.1265873015873016,,,1.1265873015873016,1.5960960960960962
IND506002AAA,IND506143AAA,2.0,21.0,232.0,29.544,17,,2.0,,,2.0,
IND506002AAA,IND506343AAA,1.5896825396825398,21.0,122.5,49.3209,2,,1.5896825396825398,,,1.5896825396825398,
IND506132AAA,IND122001AAJ,1.8235294117647056,28.0,10.0,48.4109,19,,1.8235294117647056,,,,1.8235294117647056
IND506143AAA,IND506167AAB,1.7295321637426901,13.5,32.5,25.2461,16,,1.7295321637426901,,,,1.7295321637426901
IND506167AAB,IND501359AAE,2.2183133322373827,95.0,58.0,109.03565,16,,2.2183133322373827,,,,2.2183133322373827
IND506169AAB,IND505503AAA,2.125,18.0,20.0,23.4994,1,,2.125,,,,2.125
IND506314AAA,IND506002AAA,3.5525,62.5,601.5,34.20485,16,,3.5525,,2.52,,4.0
IND506343AAA,IND506169AAB,1.347560975609756,14.5,20.0,49.64275000000001,2,,1.347560975609756,,,,1.347560975609756
IND507002AAA,IND507117AAB,1.4594594594594594,51.0,29.0,135.5658,1,,1.4594594594594594,,,1.4594594594594594,
IND507002AAA,IND507159AAA,1.9411764705882355,16.0,44.0,23.1748,3,,1.9411764705882355,,,1.9411764705882355,
IND507002AAA,IND507167AAA,2.727272727272727,42.0,37.0,30.7754,9,,2.727272727272727,,,2.727272727272727,2.642857142857143
IND507002AAA,IND508001AAA,2.469879518072289,122.0,60.0,115.3405,1,,2.469879518072289,,,2.469879518072289,
IND507002AAA,IND508206AAA,2.1311827956989244,34.5,47.0,38.65689999999999,12,,2.1311827956989244,,,2.1311827956989244,
IND507002AAA,IND508207AAB,1.925373134328358,62.0,39.5,92.23044999999999,2,,1.925373134328358,,,1.8805970149253728,1.9701492537313432
IND507002AAA,IND508213AAB,1.818181818181818,36.0,112.5,63.823949999999996,14,,1.818181818181818,,,1.818181818181818,
IND507111AAA,IND507117AAB,1.6875,22.0,17.0,36.3314,19,,1.6875,,1.4516129032258065,,1.7147177419354838
IND507111AAA,IND507303AAA,1.88,66.0,35.0,105.4585,1,,1.88,,,,1.88
IND507117AAB,IND507303AAA,1.9780855539971949,90.5,19.0,123.4079,18,,1.9780855539971949,,1.819148936170213,,2.074468085106383
IND507123AAA,IND506314AAA,1.424142031940197,46.0,11.5,130.59375,12,,1.424142031940197,,,,1.424142031940197
IND507159AAA,IND507002AAA,2.9155555555555557,44.0,621.5,24.5024,10,,2.9155555555555557,,2.0625,,3.72
IND507159AAA,IND508206AAA,1.135135135135135,5.0,19.0,51.6448,5,,1.135135135135135,,,,1.135135135135135
IND507303AAA,IND507002AAA,2.4685185185185183,80.0,246.0,77.75925000000001,18,,2.4685185185185183,2.4,2.537037037037037,,
IND508001AAA,IND501359AAE,1.7543103448275863,66.0,91.5,116.5094,14,,1.7543103448275863,,,,1.7543103448275863
IND508116AAA,IND508223AAA,1.5254237288135593,31.0,6.0,83.4561,1,,1.5254237288135593,,,,1.5254237288135593
IND508116AAA,IND508277AAB,1.0674242424242424,3.0,9.0,43.6049,14,,1.0674242424242424,,,,1.0674242424242424
IND508206AAA,IND507002AAA,1.9464285714285714,26.5,725.0,36.44285000000001,2,,1.9464285714285714,,,,1.9464285714285714
IND508206AAA,IND507159AAA,1.3513513513513513,13.0,16.5,50.973,12,,1.3513513513513513,,1.5,,1.3243243243243243
IND508206AAA,IND508207AAB,2.0857142857142854,38.0,9.5,49.938950000000006,4,,2.0857142857142854,,,,2.0857142857142854
IND508207AAB,IND507002AAA,3.0,130.0,418.0,88.86810000000001,5,,3.0,,,,3.0
IND508207AAB,IND508206AAA,2.628571428571429,57.0,24.0,49.8549,1,,2.628571428571429,,,,2.628571428571429
IND508207AAB,IND521225AAB,2.12346081413878,132.0,6.5,154.89954999999998,10,,2.12346081413878,,2.12346081413878,,
IND508213AAB,IND508001AAA,1.8441295546558707,32.5,24.0,51.31175,14,,1.8441295546558707,,,,1.8441295546558707
IND508223AAA,IND500039AAC,1.7698232323232324,68.5,16.0,122.58545000000001,14,,1.7698232323232324,,1.6111111111111112,,1.7840909090909092
IND508248AAB,IND508377AAB,1.7647058823529411,26.0,10.0,48.5311,15,,1.7647058823529411,,,,1.7647058823529411
IND508252AAB,IND508207AAB,1.3634293270643552,30.0,0.5,109.42665,6,,1.3634293270643552,,1.3634293270643552,,
IND508277AAB,IND508223AAA,1.3846153846153846,10.0,7.0,25.7175,11,,1.3846153846153846,,,,1.3846153846153846
IND508377AAB,IND501359AAE,1.8043478260869565,94.5,54.0,155.38175,12,,1.8043478260869565,,2.11965811965812,,1.8
IND509001AAA,IND509203AAA,1.542857142857143,18.0,28.0,38.028,19,,1.542857142857143,,,,1.542857142857143
IND509103AAB,IND509103AAC,1.9411764705882355,16.0,32.0,18.9512,1,,1.9411764705882355,,,,1.9411764705882355
IND509103AAB,IND518002AAA,2.2241379310344827,71.0,16.0,76.4494,9,,2.2241379310344827,,,,2.2241379310344827
IND509103AAC,IND518002AAA,2.016731855714907,60.0,25.5,77.458,6,,2.016731855714907,,,,2.016731855714907
IND509124AAA,IND509103AAB,1.8205128205128205,32.0,30.0,45.4648,9,,1.8205128205128205,,,,1.8205128205128205
IND509124AAA,IND509103AAC,1.6153846153846154,24.0,31.5,45.011449999999996,4,,1.6153846153846154,,,,1.6153846153846154
IND509124AAA,IND518002AAA,4.222222222222222,145.0,217.0,59.5891,1,,4.222222222222222,,,,4.222222222222222
IND509124AAA,IND584101AAA,1.5,28.0,19.0,51.77565,2,,1.5,,,1.5,
IND509203AAA,IND509301AAA,1.5,13.0,16.0,28.6229,19,,1.5,,,,1.5
IND509216AAC,IND501359AAE,2.0476923076923077,26.5,53.0,32.9236,12,1.5555555555555556,2.88,,,,2.0476923076923077
IND509301AAA,IND501359AAE,1.8583673469387754,42.5,97.5,66.7873,14,,1.8583673469387754,,,,1.8583673469387754
IND509301AAA,IND509216AAC,1.75,18.0,29.0,32.817,5,,1.75,,,,1.75
IND509324AAA,IND508248AAB,2.188655462184874,41.0,13.0,48.48395000000001,8,,2.188655462184874,,,2.0571428571428574,2.3362745098039217
IND509358AAA,IND508248AAB,2.2000907441016335,69.0,20.5,82.47475,8,,2.2000907441016335,,,2.2000907441016335,
IND509358AAA,IND509324AAA,1.7037037037037035,19.0,23.0,37.0456,9,,1.7037037037037035,,,1.7089947089947088,1.2857142857142858
IND515004AAA,IND501359AAE,1.7407407407407407,180.0,82.0,338.8175,17,,1.7407407407407407,1.7407407407407407,,,
IND515004AAA,IND515401AAB,1.763157894736842,29.0,79.0,53.5241,17,,1.763157894736842,1.431578947368421,,1.763157894736842,
IND515004AAA,IND515411AAA,2.419642857142857,58.0,148.0,57.568,2,,2.419642857142857,,,2.419642857142857,
IND515004AAA,IND515671AAA,1.875,28.0,96.0,35.7158,13,,1.875,5.695833333333333,,1.875,
IND515004AAA,IND515801AAA,2.581818181818182,87.0,111.5,77.024,2,,2.581818181818182,,,2.581818181818182,
IND515004AAA,IND562132AAA,1.7251207729468598,132.0,105.0,205.1086,8,,1.7251207729468598,1.711111111111111,1.7391304347826086,,
IND515134AAA,IND515201AAA,1.631578947368421,37.0,24.0,62.645900000000005,15,1.631578947368421,,,,1.694915254237288,1.629348795718109
IND515134AAA,IND515591AAA,1.587797619047619,28.5,39.0,44.93195,8,,1.587797619047619,,,1.625,1.3673469387755102
IND515201AAA,IND515134AAA,1.7592592592592593,41.0,25.0,63.7012,5,1.7592592592592593,,,,,1.7592592592592593
IND515201AAA,IND515301AAA,2.7456709956709955,37.5,19.5,31.1112,14,2.7456709956709955,,,,,2.7456709956709955
IND515301AAA,IND561202AAB,1.7573529411764706,12.5,10.0,17.39235,16,1.7573529411764706,,,,,1.7573529411764706
IND515401AAB,IND515801AAA,2.4347826086956523,29.5,15.5,30.4481,18,,2.4347826086956523,,,2.4782608695652173,2.260869565217391
IND515411AAA,IND516360AAB,2.073148974130241,62.0,8.0,78.65844999999999,2,,2.073148974130241,,,2.073148974130241,
IND515591AAA,IND516269AAA,1.6769230769230767,44.0,17.0,71.29515,10,,1.6769230769230767,,,,1.6769230769230767
IND515671AAA,IND515134AAA,1.5185185185185186,17.0,22.0,37.1088,13,,1.5185185185185186,,,1.5306878306878309,1.3333333333333333
IND515671AAA,IND515591AAA,2.6,96.0,26.0,79.4562,1,,2.6,,,2.6,
IND515761AAA,IND515004AAA,1.7735849056603774,41.0,48.0,57.668,19,,1.7735849056603774,,2.1153846153846154,,1.7735849056603774
IND515801AAA,IND515761AAA,2.083333333333333,104.0,19.0,94.8697,1,,2.083333333333333,,,2.083333333333333,
IND515801AAA,IND515865AAB,1.565700104493208,49.5,32.5,103.73349999999999,18,,1.565700104493208,,,1.568181818181818,1.5632183908045978
IND515865AAB,IND515761AAA,1.696969696969697,22.5,10.5,39.9959,18,,1.696969696969697,,,,1.696969696969697
IND516001AAA,IND516227AAA,1.7319611470860314,34.0,49.5,53.609899999999996,2,,1.7319611470860314,,,,1.7319611470860314
IND516101AAA,IND516115AAA,2.4791666666666665,37.0,17.0,36.104200000000006,18,2.4791666666666665,,,2.5,,2.230769230769231
IND516115AAA,IND517501AAB,2.227272727272727,82.0,46.0,90.1461,17,2.227272727272727,,,2.227272727272727,,
IND516227AAA,IND515004AAA,2.159491193737769,170.0,36.5,194.69715000000002,2,,2.159491193737769,,,,2.159491193737769
IND516269AAA,IND516390AAA,1.5921052631578947,45.0,13.0,82.6599,15,,1.5921052631578947,,,,1.5921052631578947
IND516360AAB,IND516001AAA,1.6129568106312293,26.0,32.0,53.0375,2,,1.6129568106312293,,,,1.6129568106312293
IND516390AAA,IND515004AAA,1.9404761904761905,79.0,12.0,99.5907,15,,1.9404761904761905,,1.952796234772979,,1.8941176470588237
IND517325AAA,IND517408AAA,2.15625,37.0,44.0,46.6587,1,,2.15625,,2.15625,,
IND517501AAB,IND517583AAA,2.1538461538461537,30.0,20.0,34.6674,19,2.1538461538461537,,,,,2.1538461538461537
IND517501AAB,IND517644AAA,2.447619047619048,46.5,27.0,39.90905,16,,2.447619047619048,,,,2.447619047619048
IND517583AAA,IND516101AAA,2.145833333333333,55.0,14.0,68.0067,19,2.145833333333333,,,2.213691026827012,,2.145833333333333
IND517644AAA,IND524132AAA,2.1142857142857143,39.0,25.0,45.097,15,,2.1142857142857143,,2.280952380952381,,1.9714285714285715
IND518002AAA,IND501359AAE,1.84375,121.5,54.5,199.60555,12,,1.84375,,1.84375,,
IND518002AAA,IND509103AAB,4.802325581395349,327.0,760.5,88.08075,2,,4.802325581395349,,4.802325581395349,,
IND518002AAA,IND509124AAA,1.6,27.0,72.0,61.3278,3,,1.6,,,1.6,
IND518002AAA,IND518206AAA,22.56,1078.0,1518.0,57.683800000000005,1,,22.56,,22.56,,
IND518002AAA,IND518401AAA,1.7586206896551724,22.0,131.0,31.7487,13,,1.7586206896551724,,,1.7586206896551724,
IND518002AAA,IND518501AAA,1.5259216589861753,31.0,181.5,71.3009,18,,1.5259216589861753,,,1.5259216589861753,
IND518002AAA,IND562132AAA,1.5211267605633805,148.0,69.0,346.6438,11,,1.5211267605633805,1.5211267605633805,,,
IND518002AAA,IND584101AAA,1.7765957446808511,73.0,75.0,100.68424999999999,14,,1.7765957446808511,,,1.7765957446808511,
IND518102AAA,IND518002AAA,1.9694656488549618,127.0,60.0,175.91154999999998,14,,1.9694656488549618,,,,1.9694656488549618
IND518124AAA,IND518002AAA,1.4788732394366195,34.0,152.0,80.2581,1,,1.4788732394366195,,,,1.4788732394366195
IND518124AAA,IND518206AAA,1.65,13.0,7.0,19.491799999999998,6,,1.65,,,,1.65
IND518206AAA,IND518002AAA,2.74,87.0,60.0,62.962900000000005,1,,2.74,,,,2.74
IND518206AAA,IND518222AAA,1.2666666666666666,12.0,18.0,35.9696,4,,1.2666666666666666,,,,1.2666666666666666
IND518222AAA,IND518002AAA,1.5135135135135136,19.0,131.0,54.0689,5,,1.5135135135135136,,,,1.5135135135135136
IND518401AAA,IND518422AAB,1.9416666666666664,23.0,14.5,35.06115,12,,1.9416666666666664,,,2.0315384615384615,1.9416666666666664
IND518422AAB,IND518102AAA,2.0455465587044532,80.5,17.0,108.5009,14,,2.0455465587044532,,,,2.0455465587044532
IND518501AAA,IND518124AAA,2.3448275862068964,39.0,26.0,37.8146,15,,2.3448275862068964,,,3.1724137931034484,2.2974137931034484
IND520011AAA,IND521185AAA,2.0,32.0,73.5,45.6232,8,2.0,,,,,2.0
IND521001AAA,IND521165AAA,1.807692307692308,21.0,28.0,36.5649,3,,1.807692307692308,,,,1.807692307692308
IND521001AAA,IND521225AAB,2.25,65.0,64.0,74.22810000000001,5,,2.25,,,,2.25
IND521105AAA,IND521333AAA,2.41540404040404,63.0,15.5,43.65745,4,,2.41540404040404,,,,2.41540404040404
IND521105AAA,IND534001AAA,1.941176470588235,16.0,27.5,18.16985,4,,1.941176470588235,,,,1.941176470588235
IND521165AAA,IND521225AAB,8.615384615384615,198.0,145.0,34.3613,3,,8.615384615384615,,,,8.615384615384615
IND521185AAA,IND520011AAA,1.7241379310344829,21.0,22.0,41.8469,1,1.7241379310344829,,,,,1.7241379310344829
IND521185AAA,IND521225AAB,2.1777777777777776,53.0,38.0,58.729,7,2.1777777777777776,,,,,2.1777777777777776
IND521201AAA,IND521105AAA,1.736842105263158,14.0,12.0,22.3547,3,,1.736842105263158,,,1.736842105263158,1.7954545454545452
IND521225AAB,IND501359AAE,1.7843137254901962,200.0,317.0,316.0786,11,,1.7843137254901962,,1.9372549019607843,,1.7490196078431373
IND521225AAB,IND507002AAA,1.8008620689655173,92.5,162.5,154.21025,14,,1.8008620689655173,1.8008620689655173,,,
IND521225AAB,IND521001AAA,2.830188679245283,97.0,128.0,72.8774,1,,2.830188679245283,,,2.830188679245283,
IND521225AAB,IND521165AAA,7.551724137931035,190.0,1000.0,38.4822,1,,7.551724137931035,,7.551724137931035,,
IND521225AAB,IND521185AAA,2.0454545454545454,46.0,330.0,59.401,1,2.0454545454545454,,,,2.0454545454545454,
IND521225AAB,IND521201AAA,1.5660377358490567,30.0,142.0,52.8921,21,,1.5660377358490567,,,1.5660377358490567,
IND521225AAB,IND521301AAA,1.7333333333333334,33.0,106.0,61.3633,19,,1.7333333333333334,,,1.7333333333333334,
IND521225AAB,IND523002AAA,1.8130841121495327,87.0,78.0,140.60629999999998,3,,1.8130841121495327,,1.8130841121495327,,
IND521301AAA,IND521001AAA,1.8461538461538465,21.0,19.0,36.2957,19,,1.8461538461538465,,,1.92,1.8238461538461541
IND521333AAA,IND521225AAB,2.522388059701492,102.0,260.0,94.2752,14,,2.522388059701492,,,,2.522388059701492
IND522647AAA,IND523201AAA,1.56,28.0,36.0,60.1131,19,,1.56,,,,1.56
IND523002AAA,IND523105AAA,4.785714285714286,159.0,399.0,54.0026,1,,4.785714285714286,4.785714285714286,,,
IND523002AAA,IND523226AAA,1.6842105263157894,13.0,210.0,20.5219,5,,1.6842105263157894,2.575396825396825,,1.631578947368421,
IND523002AAA,IND523230AAA,1.608695652173913,43.0,319.0,77.9876,21,,1.608695652173913,1.6323529411764706,,1.588235294117647,
IND523002AAA,IND523316AAB,2.225,98.0,436.0,93.528,1,,2.225,2.225,,,
IND523002AAA,IND600056AAB,1.7312252964426875,185.0,55.0,331.1279,11,,1.7312252964426875,,1.7312252964426875,,
IND523105AAA,IND524201AAA,1.3055555555555556,11.0,13.0,55.9065,19,,1.3055555555555556,,,1.425,1.2956349206349207
IND523201AAA,IND523002AAA,6.242456896551724,161.5,57.0,37.216300000000004,2,,6.242456896551724,,,,6.242456896551724
IND523226AAA,IND523316AAB,1.88135593220339,52.0,17.0,72.10289999999999,13,,1.88135593220339,,,1.88135593220339,
IND523230AAA,IND523105AAA,1.3829787234042554,17.0,5.0,47.224,19,,1.3829787234042554,,,1.6222222222222222,1.3803782505910167
IND523316AAB,IND522647AAA,1.6513468013468011,35.5,17.5,77.51745,14,,1.6513468013468011,,,,1.6513468013468011
IND524003AAA,IND501359AAE,1.6933701657458564,250.5,49.5,495.9846,14,,1.6933701657458564,,,,1.6933701657458564
IND524101AAB,IND517501AAB,2.126600284495021,84.5,32.0,98.97705,16,,2.126600284495021,,2.126600284495021,,
IND524132AAA,IND524101AAB,1.6714285714285713,23.5,21.5,39.838449999999995,14,,1.6714285714285713,,1.6714285714285713,,
IND524201AAA,IND523002AAA,1.1666666666666667,11.5,312.0,89.8948,18,,1.1666666666666667,,,,1.1666666666666667
IND530012AAA,IND501359AAE,2.018396101488426,442.5,71.0,602.57915,10,,2.018396101488426,1.9861751152073728,,2.0740965943942182,1.9722222222222223
IND530012AAA,IND530043AAA,2.888888888888889,34.0,37.0,21.653,13,2.888888888888889,,,,,2.888888888888889
IND530012AAA,IND531001AAA,2.0,21.0,29.0,23.4458,5,2.0,,,,,2.0
IND530012AAA,IND531036AAA,2.9722222222222223,71.0,39.0,38.9425,1,2.9722222222222223,,,2.9722222222222223,,
IND530012AAA,IND531162AAA,1.75,12.0,48.0,16.0947,7,1.75,,,2.117647058823529,,1.75
IND530012AAA,IND532001AAB,1.763966049382716,61.5,60.5,111.87084999999999,24,1.763966049382716,,,2.432098765432099,1.75,2.2962962962962963
IND530012AAA,IND533106AAA,1.699248120300752,93.0,85.0,181.73559999999998,2,,1.699248120300752,,,1.699248120300752,
IND530012AAA,IND535001AAA,4.96412037037037,197.0,48.0,67.01495,2,4.96412037037037,,,4.96412037037037,,
IND530012AAA,IND751002AAB,1.5799373040752351,185.0,33.0,445.6972,3,,1.5799373040752351,,,1.5906295260202765,1.5799373040752351
IND530012AAA,IND764001AAC,2.8263473053892216,305.0,73.0,231.3367,3,2.8263473053892216,,,,2.8263473053892216,
IND530012AAA,IND764020AAC,4.2631578947368425,496.0,70.0,211.1522,1,4.2631578947368425,,,,4.2631578947368425,
IND530012AAC,IND501359AAE,2.250574712643678,544.0,93.0,603.5103,1,,2.250574712643678,,,,2.250574712643678
IND530012AAC,IND533106AAA,1.8071649712516584,108.5,20.0,181.89405,4,,1.8071649712516584,,,1.7979463584333968,1.893891402714932
IND530018AAA,IND531162AAA,4.375,27.0,196.0,12.2135,1,4.375,,,,,4.375
IND530026AAA,IND531036AAA,2.828125,58.5,19.0,38.5391,4,2.828125,,,,,2.828125
IND530043AAA,IND530012AAA,5.9523809523809526,104.0,45.0,24.6676,1,5.9523809523809526,,,5.9523809523809526,,
IND530043AAA,IND531163AAA,1.6225296442687749,14.0,20.5,25.89195,12,1.6225296442687749,,,1.5217391304347827,,1.6363636363636365
IND531001AAA,IND530012AAA,8.636363636363637,168.0,15.0,24.7421,1,8.636363636363637,,,8.636363636363637,,
IND531001AAA,IND531116AAA,2.0,37.0,34.0,42.7166,5,2.0,,,,,2.0
IND531036AAA,IND530012AAA,2.360597439544808,51.0,26.5,40.00965,4,2.360597439544808,,,2.3157894736842106,,2.4054054054054053
IND531116AAA,IND530012AAA,2.4444915254237287,86.0,188.0,67.6685,4,2.4444915254237287,,,2.3389830508474576,,2.55
IND531116AAA,IND531001AAA,1.5348837209302326,23.0,28.0,48.3598,1,1.5348837209302326,,,,,1.5348837209302326
IND531163AAA,IND535001AAA,2.1818181818181817,26.0,12.0,26.788400000000003,13,2.1818181818181817,,,1.9,,2.2409090909090907
IND532001AAB,IND530012AAA,2.101692484222605,92.0,136.0,114.7462,22,2.101692484222605,,,2.156626506024097,,2.0843373493975905
IND532001AAB,IND532127AAA,1.9333333333333331,28.0,26.0,34.429199999999994,21,,1.9333333333333331,,2.4642857142857144,,1.9166666666666665
IND532001AAB,IND532201AAA,2.5609756097560976,64.0,30.0,57.6639,1,,2.5609756097560976,,,,2.5609756097560976
IND532001AAB,IND532421AAA,2.9,36.0,27.5,27.45385,20,,2.9,,1.5,,3.0
IND532127AAA,IND535591AAA,1.6744186046511629,29.0,14.0,48.597,21,,1.6744186046511629,,1.6744186046511629,,1.6785714285714286
IND532201AAA,IND532222AAA,1.72,18.0,24.5,27.589750000000002,20,,1.72,,1.6666666666666667,,1.72
IND532201AAA,IND761200AAA,1.1162790697674418,5.0,42.0,33.2699,1,,1.1162790697674418,,1.1162790697674418,,
IND532222AAA,IND532001AAB,2.235955056179775,110.0,58.0,95.3809,1,,2.235955056179775,,2.235955056179775,,
IND532222AAA,IND761200AAA,1.5063291139240509,40.0,24.0,70.79,11,,1.5063291139240509,,1.5886075949367089,,1.0740740740740742
IND532421AAA,IND532201AAA,2.0,20.0,19.0,27.5325,19,,2.0,,2.5166666666666666,,2.0
IND532440AAA,IND532001AAB,1.5277777777777777,19.0,13.0,41.073,17,,1.5277777777777777,1.6218253968253968,1.5277777777777777,,
IND533003AAA,IND533106AAA,2.12,56.0,46.0,56.1647,3,,2.12,,,,2.12
IND533003AAA,IND533401AAA,1.9392097264437689,45.0,55.0,62.66395,18,,1.9392097264437689,,,1.8571428571428568,2.021276595744681
IND533106AAA,IND501359AAE,2.1986531986531985,356.0,97.5,419.76765,8,,2.1986531986531985,,2.11744966442953,,2.205387205387205
IND533106AAA,IND530012AAA,1.7651515151515151,101.0,66.0,183.1511,11,,1.7651515151515151,1.7651515151515151,,,
IND533106AAA,IND533003AAA,3.9569875279820916,164.5,34.0,60.48480000000001,2,,3.9569875279820916,,,3.9569875279820916,
IND533106AAA,IND533201AAA,2.7011494252873565,148.0,91.0,102.6441,1,,2.7011494252873565,,,2.7011494252873565,
IND533106AAA,IND533242AAA,3.056027306027306,159.5,56.5,94.4863,4,,3.056027306027306,,,3.056027306027306,
IND533106AAA,IND533262AAA,2.675531914893617,79.5,64.5,53.2187,6,,2.675531914893617,,,2.675531914893617,
IND533106AAA,IND533308AAB,3.636904761904762,72.5,75.0,33.004149999999996,14,,3.636904761904762,,,3.636904761904762,
IND533106AAA,IND534260AAC,3.433333333333333,146.0,45.0,72.3474,5,,3.433333333333333,,,3.433333333333333,
IND533201AAA,IND533242AAA,2.373809523809524,20.0,17.0,21.0756,2,,2.373809523809524,,,,2.373809523809524
IND533201AAA,IND533262AAA,1.973684210526316,37.0,39.0,46.47,9,,1.973684210526316,,,,1.973684210526316
IND533242AAA,IND533201AAA,2.2476190476190476,18.0,19.5,21.0233,2,,2.2476190476190476,,,,2.2476190476190476
IND533262AAA,IND533106AAA,1.8297872340425527,39.0,40.0,53.5628,7,,1.8297872340425527,,1.8478260869565215,,1.7659574468085104
IND533262AAA,IND533201AAA,2.0526315789473686,40.0,49.0,46.9324,5,,2.0526315789473686,,,1.7019736842105264,2.1538461538461537
IND533308AAB,IND533003AAA,1.6097560975609757,25.0,34.0,43.552800000000005,15,,1.6097560975609757,,,1.6097560975609757,1.7
IND533308AAB,IND533106AAA,1.962962962962963,26.0,12.0,33.3582,1,,1.962962962962963,,1.962962962962963,,
IND533401AAA,IND533106AAA,2.2739726027397262,91.0,43.0,92.659,17,,2.2739726027397262,,,,2.2739726027397262
IND533401AAA,IND533308AAB,2.698795180722892,141.0,37.0,96.2851,1,,2.698795180722892,,,,2.698795180722892
IND534001AAA,IND521225AAB,2.2,60.0,29.0,63.769400000000005,1,,2.2,,,,2.2
IND534001AAA,IND521333AAA,1.7541666666666667,19.5,20.0,24.587400000000002,14,,1.7541666666666667,,,,1.7541666666666667
IND534260AAC,IND533106AAA,2.5815312682641727,92.5,37.5,71.5,4,,2.5815312682641727,,2.7844827586206895,,2.440829297820823
IND535001AAA,IND530012AAA,3.5102915951972555,139.5,62.0,71.7734,10,3.5102915951972555,,,3.50109649122807,,3.5102915951972555
IND535501AAB,IND532001AAB,1.9506172839506173,77.0,20.0,88.7522,1,,1.9506172839506173,,1.9506172839506173,,
IND535501AAB,IND532440AAA,1.5,21.0,28.0,45.971,17,,1.5,,1.5,,
IND535558AAA,IND535501AAB,1.565217391304348,13.0,21.0,25.7116,20,,1.565217391304348,,1.565217391304348,,1.619047619047619
IND535591AAA,IND535558AAA,2.1333333333333333,17.0,14.0,19.0487,3,,2.1333333333333333,,,,2.1333333333333333
IND560002AAA,IND560099AAB,2.6220238095238093,33.5,82.5,18.1468,18,2.6220238095238093,,1.368421052631579,2.7777777777777777,2.0921052631578947,2.6220238095238093
IND560002AAA,IND562132AAA,2.268716577540107,42.5,38.0,26.3446,22,2.268716577540107,,1.4242424242424243,2.610452586206897,0.9722222222222222,
IND560027AAA,IND560099AAA,2.2055555555555557,24.5,99.5,18.9537,4,2.2055555555555557,,3.0277777777777777,,1.44,
IND560043AAC,IND560064AAA,1.5294117647058822,9.0,22.0,13.5139,39,1.5294117647058822,,,1.7777777777777777,1.4736842105263157,1.411764705882353
IND560043AAC,IND560099AAB,1.9563025210084035,30.5,37.0,28.36275,24,1.9563025210084035,,,2.363636363636364,1.2941176470588236,
IND560043AAC,IND562132AAA,2.0513157894736844,41.0,33.5,29.3912,16,2.0513157894736844,,2.0921052631578947,2.026315789473684,4.878048780487805,
IND560048AAB,IND560099AAB,1.6352370689655173,20.0,32.0,27.01045,26,1.6352370689655173,,,3.333333333333333,1.121168582375479,2.193548387096774
IND560048AAB,IND562132AAA,1.893617021276596,42.0,52.0,36.6371,17,1.893617021276596,,1.39356884057971,2.74468085106383,1.5,1.8
IND560058AAB,IND560060AAB,1.3529411764705883,6.0,19.0,16.749200000000002,44,1.3529411764705883,,1.3125,,1.1715686274509804,1.588235294117647
IND560058AAB,IND560099AAB,1.7378378378378379,26.5,27.0,38.028400000000005,22,1.7378378378378379,,,1.837837837837838,1.3125,
IND560058AAB,IND562132AAA,1.6421052631578947,12.0,34.0,13.6003,14,1.6421052631578947,,1.5454545454545454,1.7272727272727273,,1.6421052631578947
IND560058AAD,IND562132AAA,1.7019927536231885,16.5,134.0,15.08155,36,1.7019927536231885,,1.825098814229249,1.5238095238095235,,2.090909090909091
IND560060AAB,IND560099AAB,1.3636363636363635,11.0,20.0,30.6586,15,1.3636363636363635,,,1.3052083333333333,1.5517241379310345,
IND560060AAB,IND562132AAA,1.7333333333333334,22.0,29.0,24.756400000000003,19,1.7333333333333334,,1.6724137931034484,1.9310344827586208,,1.75
IND560064AAD,IND560043AAC,2.466666666666667,22.0,47.0,13.9561,41,2.466666666666667,,2.625,2.25625,,2.569230769230769
IND560067AAC,IND562114AAA,2.7777777777777777,16.0,25.5,12.649049999999999,20,2.7777777777777777,,,2.7777777777777777,,2.7777777777777777
IND560077AAA,IND560099AAB,3.4545454545454546,108.0,114.0,40.1245,1,3.4545454545454546,,,,,3.4545454545454546
IND560078AAC,IND560099AAB,3.4684615384615385,58.0,33.0,22.16395,20,3.4684615384615385,,3.7083333333333335,3.3535714285714286,3.576923076923077,3.06280193236715
IND560078AAC,IND562132AAA,1.511904761904762,21.5,29.5,34.6726,16,1.511904761904762,,1.255813953488372,1.5910852713178294,,1.6600221483942414
IND560083AAB,IND560058AAD,1.5806451612903225,18.0,33.0,26.1469,1,1.5806451612903225,,,,,1.5806451612903225
IND560083AAB,IND562132AAA,1.6590909090909092,29.0,97.0,41.4414,31,1.6590909090909092,,2.161205073995771,1.302325581395349,,1.4556277056277056
IND560085AAA,IND562132AAA,1.8421052631578947,32.0,92.0,30.0731,7,1.8421052631578947,,,2.9722222222222223,,1.5962406015037591
IND560099AAB,IND000000ACS,1.5714285714285714,12.0,87.0,19.4741,1,1.5714285714285714,,1.5714285714285714,,,
IND560099AAB,IND515004AAA,1.5414634146341464,111.0,197.0,240.1094,1,,1.5414634146341464,,,,1.5414634146341464
IND560099AAB,IND560002AAA,2.095238095238096,23.0,80.0,18.9097,25,2.095238095238096,,,,1.1,2.4375
IND560099AAB,IND560043AAC,1.6071428571428572,19.0,84.0,27.1643,37,1.6071428571428572,,1.7272727272727273,,1.1875,3.2058823529411766
IND560099AAB,IND560048AAB,1.5610948191593352,17.0,81.0,26.68575,34,1.5610948191593352,,1.6153846153846154,,1.1125,2.647058823529412
IND560099AAB,IND560058AAB,1.6704107830551989,25.5,78.0,32.1476,38,1.6704107830551989,,2.3766339869281046,,1.1907993966817496,1.661976235146967
IND560099AAB,IND560058AAD,1.5040485829959516,19.5,164.5,33.85845,2,1.5040485829959516,,,1.3157894736842106,1.6923076923076923,
IND560099AAB,IND560060AAB,1.375,12.0,76.0,31.6419,31,1.375,,2.1608455882352944,,1.2666666666666666,1.3599137931034484
IND560099AAB,IND560077AAA,4.65,146.0,236.0,37.154,1,4.65,,,,4.65,
IND560099AAB,IND560078AAC,1.7863636363636364,17.5,71.0,20.3536,28,1.7863636363636364,,1.75,,1.3333333333333335,2.636363636363636
IND560099AAB,IND560083AAB,2.055555555555556,19.0,126.0,17.2392,1,2.055555555555556,,,,2.055555555555556,
IND560099AAB,IND560085AAA,2.083333333333333,26.0,94.0,18.449,17,2.083333333333333,,,,1.6695652173913045,3.421052631578948
IND560099AAB,IND560300AAA,1.8333333333333333,50.0,62.0,54.3486,121,1.8333333333333333,,1.6240502630040914,2.525869759143622,1.3448275862068966,2.6213962690785753
IND560099AAB,IND562132AAA,1.5185185185185186,28.0,147.0,46.42785,102,1.6071428571428572,1.3076923076923077,1.7964901477832513,1.9824561403508767,1.4035087719298245,1.4827586206896552
IND560099AAB,IND632006AAA,1.3705882352941179,63.0,35.5,198.33884999999998,8,,1.3705882352941179,1.4705882352941178,1.3214285714285714,1.5393207282913166,
IND560099AAB,IND635001AAA,2.118026603136787,79.5,7.0,71.2072,4,,2.118026603136787,,,,2.118026603136787
IND560099AAB,IND683511AAA,1.6381190659481653,276.5,84.5,472.08050000000003,14,,1.6381190659481653,1.5237550485520321,,1.7043879907621249,1.6651270207852191
IND560099AAB,IND683511AAB,1.6412037037037035,277.0,98.0,471.0635,1,,1.6412037037037035,,,,1.6412037037037035
IND560099AAG,IND560099AAB,1.8035714285714286,10.5,240.0,10.892,2,1.8035714285714286,,,2.357142857142857,1.25,
IND560099AAH,IND562125AAA,1.7647058823529411,13.0,1.0,11.646,1,1.7647058823529411,,,1.7647058823529411,,
IND560300AAA,IND000000ACS,2.4318181818181817,63.0,72.0,41.2743,1,2.4318181818181817,,,,,2.4318181818181817
IND560300AAA,IND560002AAA,1.1176470588235294,4.0,59.0,31.87975,20,1.1176470588235294,,,,1.1176470588235294,
IND560300AAA,IND560043AAC,1.1875,6.0,42.0,29.5349,33,1.1875,,,,1.09375,1.7419354838709675
IND560300AAA,IND560048AAB,1.1602564102564101,6.5,48.5,37.9599,4,1.1602564102564101,,,,1.1602564102564101,
IND560300AAA,IND560058AAB,1.393939393939394,13.0,49.0,31.3304,37,1.393939393939394,,1.393939393939394,,1.121212121212121,1.8235294117647056
IND560300AAA,IND560078AAC,2.841463414634146,75.5,37.5,39.900000000000006,16,2.841463414634146,,2.023809523809524,,,2.8536585365853657
IND560300AAA,IND560085AAA,1.4132290184921765,15.5,75.5,36.19114999999999,18,1.4132290184921765,,,,1.4132290184921765,
IND560300AAA,IND560099AAB,2.4543650793650795,81.0,59.0,52.9165,86,2.4543650793650795,,2.972883597883598,3.170779220779221,1.521624780829924,2.4914021164021163
IND560300AAA,IND562132AAA,1.8019607843137255,40.5,68.5,42.223600000000005,108,1.8019607843137255,,1.5896358543417368,1.8845726970033296,1.3137254901960784,2.4705882352941178
IND560300AAA,IND563101AAB,1.9661016949152543,55.0,78.0,64.2559,5,1.9661016949152543,,,,1.9661016949152543,
IND560300AAA,IND563130AAA,1.759308510638298,36.0,99.0,56.30395,2,1.759308510638298,,,,1.759308510638298,
IND560300AAA,IND563131AAB,1.525,42.0,154.0,80.017,1,1.525,,,,1.525,
IND560300AAB,IND563101AAB,1.7655844155844156,43.5,60.0,64.614,14,1.7655844155844156,,,,1.7655844155844156,
IND560300AAB,IND563116AAA,1.8461538461538465,77.0,110.0,102.9923,1,1.8461538461538465,,,,1.8461538461538465,
IND560300AAB,IND563125AAB,1.4150943396226414,22.0,152.0,60.5913,1,1.4150943396226414,,,,1.4150943396226414,
IND560300AAB,IND563130AAA,1.8709528214616098,40.5,63.5,54.9833,8,1.8709528214616098,,,,1.8709528214616098,
IND561202AAB,IND515134AAA,1.8046875,52.0,6.0,65.7316,14,1.8046875,,,2.094993894993895,,1.792376893939394
IND561203AAB,IND562101AAA,1.52,13.0,20.5,27.75835,12,1.52,,,,,1.52
IND561207AAB,IND562108AAA,1.3332562442183162,15.0,16.5,48.002449999999996,12,1.3332562442183162,,1.4680851063829787,,,1.326086956521739
IND561207AAB,IND572101AAA,2.25,130.0,488.0,115.9037,1,2.25,,,,,2.25
IND562101AAA,IND561207AAB,1.1578947368421053,6.0,24.0,40.6427,13,1.1578947368421053,,,1.0789473684210529,,1.1578947368421053
IND562108AAA,IND572101AAA,2.928765880217786,111.0,563.5,68.21664999999999,2,2.928765880217786,,2.736842105263158,,,3.1206896551724137
IND562114AAA,IND560048AAB,3.357142857142857,34.0,9.0,16.8508,9,3.357142857142857,,,3.0,,7.1752136752136755
IND562114AAA,IND560067AAC,3.6222222222222222,25.0,56.0,11.4293,8,3.6222222222222222,,,,,3.6222222222222222
IND562117AAA,IND562132AAA,1.1562812187812188,14.0,28.5,85.4873,10,,1.1562812187812188,,1.164835164835165,,1.0777777777777775
IND562125AAA,IND000000ACS,7.125,147.0,57.0,16.7946,1,7.125,,,,,7.125
IND562132AAA,IND000000ACB,1.8193162853251295,1254.5,311.5,2089.2167,44,,1.8193162853251295,1.7752837887800954,1.8809368900455432,1.8446189978050875,1.8491182233834096
IND562132AAA,IND000000ACS,1.7772177419354838,24.5,92.0,32.16785,6,1.7772177419354838,,1.9265232974910393,2.6333333333333333,1.7037037037037035,
IND562132AAA,IND302014AAA,1.9440377419879615,1290.5,411.5,1854.7512499999998,14,,1.9440377419879615,,,1.9440377419879615,
IND562132AAA,IND395023AAA,1.9502890173410403,822.0,259.0,1188.1769,1,,1.9502890173410403,,,1.9502890173410403,
IND562132AAA,IND411033AAA,1.6914556962025316,437.0,191.0,852.093,13,,1.6914556962025316,,1.6914556962025316,,
IND562132AAA,IND416012AAA,1.6183087259542543,270.5,326.5,598.3882,12,,1.6183087259542543,,,1.6183087259542543,
IND562132AAA,IND421302AAG,1.7083906464924348,515.0,267.0,977.5999,7,,1.7083906464924348,1.7945205479452055,,1.6944157089211487,
IND562132AAA,IND462022AAA,1.9340446168768184,963.0,242.0,1393.6625,13,,1.9340446168768184,,1.9325897187196897,,2.0329776915615905
IND562132AAA,IND501359AAE,1.700738393718143,298.5,257.5,543.77395,8,,1.700738393718143,1.6654442760710841,,1.868185700509712,
IND562132AAA,IND515004AAA,1.5370676195051647,98.0,107.5,203.4261,12,,1.5370676195051647,,1.5370676195051647,,
IND562132AAA,IND518002AAA,1.5867807630965527,167.5,97.5,346.25845000000004,12,,1.5867807630965527,,,1.6654929577464788,1.534965034965035
IND562132AAA,IND560002AAA,2.8461538461538463,48.0,68.0,24.5336,25,2.8461538461538463,,2.3461538461538463,3.111111111111111,1.4563492063492065,3.2222222222222223
IND562132AAA,IND560043AAC,1.8385416666666665,28.0,65.5,28.32835,22,1.8385416666666665,,1.7970588235294118,1.9393939393939397,1.3823529411764706,2.462121212121212
IND562132AAA,IND560048AAB,2.12530487804878,45.5,68.0,35.12895,18,2.12530487804878,,2.257371794871795,2.571479374110953,1.5,2.6486486486486487
IND562132AAA,IND560058AAB,1.893665158371041,13.5,64.0,13.776299999999999,20,1.893665158371041,,1.6428571428571428,1.8928571428571428,1.3333333333333333,2.4166666666666665
IND562132AAA,IND560058AAD,1.761904761904762,16.0,216.0,15.8004,57,1.761904761904762,,1.3157894736842106,2.0526315789473686,1.4355263157894735,1.6842105263157894
IND562132AAA,IND560060AAB,1.641025641025641,15.0,50.5,25.4485,24,1.641025641025641,,1.75,1.5113960113960114,1.3620689655172415,2.25
IND562132AAA,IND560066AAB,2.3488372093023253,58.0,187.0,39.636849999999995,2,2.3488372093023253,,3.069767441860465,,1.627906976744186,
IND562132AAA,IND560078AAC,2.0689655172413794,32.0,62.0,32.6863,25,2.0689655172413794,,2.145161290322581,2.404301075268817,1.59375,2.25
IND562132AAA,IND560083AAB,1.5060975609756098,20.5,192.0,41.6344,50,1.5060975609756098,,,1.625,1.4935897435897436,1.375
IND562132AAA,IND560085AAA,1.95,26.0,67.0,30.412599999999998,18,1.95,,,3.0,1.8417487684729064,2.4482758620689653
IND562132AAA,IND560099AAB,1.6666666666666667,35.0,170.0,50.1048,127,1.7647058823529411,1.5143613000755858,1.6326530612244898,1.7923529411764707,1.5245653817082387,1.7608213096559377
IND562132AAA,IND560300AAA,1.7234042553191489,35.0,83.0,38.23,151,1.7234042553191489,,1.7,1.9795918367346936,1.3877551020408163,2.174957482993197
IND562132AAA,IND570020AAA,1.3377483443708609,51.0,160.0,181.5229,9,,1.3377483443708609,1.3048245614035088,,1.4473684210526316,
IND562132AAA,IND572101AAA,1.1929824561403508,11.0,63.0,59.9982,3,1.1929824561403508,,,,1.1929824561403508,
IND562132AAA,IND573201AAB,1.4849624060150375,64.5,149.5,165.34975,16,,1.4849624060150375,1.553030303030303,1.481203007518797,,
IND562132AAA,IND577002AAA,1.5789473684210529,110.0,441.0,248.9406,1,,1.5789473684210529,1.5789473684210529,,,
IND562132AAA,IND577501AAA,1.6887417218543046,104.0,373.0,191.4271,1,,1.6887417218543046,,,1.6887417218543046,
IND562132AAA,IND577598AAC,1.6425467188179053,76.0,428.0,145.95639999999997,10,,1.6425467188179053,1.6440677966101696,,1.641025641025641,
IND562132AAA,IND580028AAA,1.7256944444444444,209.0,213.0,388.566,3,,1.7256944444444444,2.118466898954704,,,1.7162954980842913
IND562132AAA,IND583101AAA,1.4895566181264943,105.0,291.0,292.50020000000006,10,,1.4895566181264943,1.4895566181264943,,,
IND562132AAA,IND600056AAB,1.9483471074380163,229.5,236.5,319.41499999999996,14,,1.9483471074380163,1.6983471074380163,1.9938524590163933,,1.9421487603305785
IND562132AAA,IND683511AAA,2.2549161741199213,543.5,290.0,484.35375,2,,2.2549161741199213,,2.0929705215419503,2.4168618266978923,
IND562132AAA,IND712311AAA,2.221897810218978,1674.0,497.0,1851.2411,3,,2.221897810218978,2.3183995990466695,2.026258205689278,,
IND562132AAA,IND751002AAB,2.0736137667304013,1123.0,380.0,1416.6986000000002,15,,2.0736137667304013,2.0912481441101862,2.10592104303827,2.062082139446036,
IND562132AAC,IND000000ACB,1.7713912475506206,1181.0,428.0,2090.1886,1,,1.7713912475506206,1.7713912475506206,,,
IND562159AAA,IND562117AAA,1.9259259259259256,25.0,29.0,28.5816,11,,1.9259259259259256,,,,1.9259259259259256
IND563101AAB,IND560300AAB,6.163636363636364,284.0,279.0,63.8641,1,6.163636363636364,,,,,6.163636363636364
IND563101AAB,IND563125AAB,1.5,18.0,18.0,36.7522,1,1.5,,,,,1.5
IND563101AAB,IND563131AAA,1.565217391304348,13.0,42.0,31.27705,14,1.565217391304348,,,,,1.565217391304348
IND563116AAA,IND563131AAB,1.9166666666666665,15.0,63.0,17.99505,14,1.9166666666666665,,,,,1.9166666666666665
IND563125AAB,IND560300AAA,3.849056603773585,151.0,23.0,59.1122,3,3.849056603773585,,,,,3.849056603773585
IND563125AAB,IND560300AAB,4.358320251177394,169.0,376.5,54.20675,12,4.358320251177394,,,,,4.358320251177394
IND563130AAA,IND563131AAB,1.3541125541125543,12.0,41.5,33.60645,10,1.3541125541125543,,,,,1.3541125541125543
IND563131AAA,IND563125AAB,1.8163319238900633,35.5,14.5,51.47735,14,1.8163319238900633,,,,,1.8163319238900633
IND563131AAB,IND560300AAA,1.5625,45.0,12.0,78.8571,3,1.5625,,,2.389610389610389,,1.4521360759493671
IND563131AAB,IND560300AAB,1.8157894736842104,62.0,347.0,76.7755,5,1.8157894736842104,,,1.6363636363636365,,1.9016447368421052
IND563131AAB,IND563116AAA,2.0,18.0,29.5,18.01115,16,2.0,,,,,2.0
IND570020AAA,IND571301AAA,2.95,39.0,62.0,28.2456,9,,2.95,,,,2.95
IND570020AAA,IND571430AAA,3.46,123.0,24.0,52.2919,1,,3.46,,,,3.46
IND570020AAA,IND571602AAA,2.6372549019607843,57.5,24.0,40.865700000000004,14,,2.6372549019607843,,,,2.6372549019607843
IND571104AAA,IND573142AAA,1.625,20.0,15.0,33.8127,1,,1.625,,,,1.625
IND571104AAA,IND577598AAB,1.85,17.0,19.0,28.066450000000003,16,,1.85,,2.7,,1.85
IND571105AAA,IND571114AAA,7.88,172.0,12.0,28.0406,1,,7.88,,,,7.88
IND571105AAA,IND571213AAA,1.6961538461538461,27.5,12.0,43.636700000000005,12,,1.6961538461538461,,,,1.6961538461538461
IND571111AAB,IND571313AAB,1.7169076751946608,21.5,11.0,33.75485,10,,1.7169076751946608,,,,1.7169076751946608
IND571114AAA,IND570020AAA,4.13499245852187,161.5,224.0,56.6674,8,,4.13499245852187,,4.13499245852187,,
IND571124AAA,IND570020AAA,4.137931034482759,91.0,219.0,38.6996,11,,4.137931034482759,,4.137931034482759,,
IND571213AAA,IND570020AAA,8.47887323943662,531.0,20.0,85.0601,1,,8.47887323943662,,,,8.47887323943662
IND571213AAA,IND571114AAA,1.6091135232926277,40.5,22.0,73.65189999999998,8,,1.6091135232926277,,,,1.6091135232926277
IND571301AAA,IND571111AAB,1.9130434782608696,21.5,18.0,33.89045,8,,1.9130434782608696,,,,1.9130434782608696
IND571313AAB,IND571440AAA,1.380851063829787,17.5,10.5,40.9519,10,,1.380851063829787,,1.380851063829787,,1.3297872340425534
IND571401AAA,IND562160AAB,0.9891304347826086,-0.5,24.0,38.14795,10,,0.9891304347826086,,,,0.9891304347826086
IND571426AAA,IND571104AAA,1.8974358974358971,70.0,17.0,86.6617,15,,1.8974358974358971,,,,1.8974358974358971
IND571430AAA,IND571124AAA,1.5236185383244205,17.5,14.0,34.8184,10,,1.5236185383244205,,1.5236185383244205,,
IND571432AAB,IND571426AAA,1.3783783783783785,14.0,7.0,40.7991,17,,1.3783783783783785,,,,1.3783783783783785
IND571438AAB,IND571401AAA,1.2580645161290325,8.0,11.0,24.7471,9,,1.2580645161290325,,,,1.2580645161290325
IND571440AAA,IND571430AAA,1.0298039215686274,1.5,16.0,35.80535,10,,1.0298039215686274,,1.0298039215686274,,
IND572101AAA,IND561203AAB,1.951219512195122,39.0,39.0,56.97095,12,1.951219512195122,,,,1.951219512195122,2.009359047078843
IND572101AAA,IND562101AAA,2.4,98.0,44.0,87.933,1,2.4,,,2.4,,
IND572201AAB,IND573103AAA,1.4210526315789471,8.0,97.0,27.564400000000003,3,,1.4210526315789471,,,1.3667763157894735,2.857142857142857
IND572201AAB,IND573201AAB,1.9498039215686274,48.0,21.0,55.7285,2,,1.9498039215686274,,,,1.9498039215686274
IND572201AAB,IND577101AAA,2.4025974025974026,108.0,28.0,92.4324,1,,2.4025974025974026,,,2.4025974025974026,
IND572201AAB,IND577116AAA,1.8653846153846156,45.0,20.0,68.9439,1,,1.8653846153846156,,,,1.8653846153846156
IND573103AAA,IND572201AAB,1.7107843137254901,12.5,1.0,25.37305,2,,1.7107843137254901,,,,1.7107843137254901
IND573103AAA,IND577116AAA,1.3846153846153846,10.0,9.0,37.5891,5,,1.3846153846153846,,,,1.3846153846153846
IND573116AAA,IND571426AAA,5.586206896551724,133.0,33.0,32.2457,1,,5.586206896551724,,,5.586206896551724,
IND573116AAA,IND571432AAB,1.6704545454545454,29.5,25.5,59.20195,12,,1.6704545454545454,,,1.6363636363636365,1.9333333333333331
IND573116AAA,IND573142AAA,2.333333333333333,72.0,19.0,53.4551,1,,2.333333333333333,,,,2.333333333333333
IND573134AAB,IND573201AAB,2.3479960899315735,43.0,21.0,43.64245,14,,2.3479960899315735,,,,2.3479960899315735
IND573134AAB,IND577101AAA,1.7037037037037035,38.0,72.0,68.3756,1,,1.7037037037037035,,,,1.7037037037037035
IND573142AAA,IND573201AAB,1.8157894736842104,31.0,12.0,42.5804,17,,1.8157894736842104,,1.8157894736842104,,
IND573201AAB,IND572201AAB,1.5918367346938775,29.0,66.0,54.5318,11,,1.5918367346938775,,,1.5918367346938775,
IND573201AAB,IND573103AAA,2.85,74.0,126.0,44.1091,3,,2.85,,,2.85,
IND573201AAB,IND573116AAA,2.083916083916084,32.0,45.5,37.8587,14,,2.083916083916084,,,2.083916083916084,
IND573201AAB,IND573134AAB,1.6774193548387095,21.0,130.0,43.0938,3,,1.6774193548387095,,,1.6774193548387095,
IND573201AAB,IND575004AAB,3.229838709677419,276.5,34.5,176.57945,14,,3.229838709677419,3.274193548387097,,2.8897637795275597,
IND574104AAA,IND574216AAA,1.9565217391304348,44.0,19.0,53.9089,11,1.9673913043478262,1.9090909090909087,,,,1.9565217391304348
IND574117AAA,IND576101AAA,1.6614906832298137,14.5,1.0,24.751350000000002,2,,1.6614906832298137,,,,1.6614906832298137
IND574117AAA,IND576201AAA,3.023809523809524,85.0,1.0,53.204800000000006,1,,3.023809523809524,,,,3.023809523809524
IND574202AAA,IND574239AAA,1.5620723362658846,18.0,17.5,33.981049999999996,6,,1.5620723362658846,,,,1.5620723362658846
IND574211AAA,IND574202AAA,2.473684210526316,28.0,5.0,26.3832,5,,2.473684210526316,,,,2.473684210526316
IND574211AAA,IND574216AAA,2.892857142857143,53.0,11.0,40.8913,1,,2.892857142857143,,,,2.892857142857143
IND574216AAA,IND562132AAA,1.9681818181818185,213.0,7.0,290.45340000000004,1,,1.9681818181818185,,1.9681818181818185,,
IND574216AAA,IND575004AAB,2.4,62.0,18.0,66.5351,5,2.3769657724329325,2.4,,,,2.4
IND574221AAA,IND562132AAA,2.5841904138006333,339.0,20.0,280.82995,6,,2.5841904138006333,,,,2.5841904138006333
IND574227AAA,IND574104AAA,1.7857142857142858,11.0,7.0,18.3005,9,1.7857142857142858,,,,,1.7857142857142858
IND574239AAA,IND574221AAA,1.5128205128205128,18.0,2.0,33.2592,7,,1.5128205128205128,,,,1.5128205128205128
IND575004AAB,IND562132AAA,2.238,309.5,62.0,334.09995000000004,4,,2.238,,,2.36,2.204
IND575004AAB,IND574117AAA,2.3448275862068964,39.0,434.0,33.8991,5,,2.3448275862068964,2.3448275862068964,,2.59375,
IND575004AAB,IND574211AAA,2.116013071895425,19.0,52.5,24.77365,8,,2.116013071895425,,,1.8823529411764703,2.176470588235294
IND575004AAB,IND574227AAA,2.130787037037037,33.5,43.5,38.8024,2,2.130787037037037,,,,2.1875,2.074074074074074
IND575004AAB,IND575014AAA,2.5175438596491224,28.0,476.0,19.896349999999998,2,,2.5175438596491224,2.5175438596491224,,,
IND575004AAB,IND576101AAA,2.08,54.0,393.0,56.354,1,,2.08,2.08,,,
IND575004AAB,IND671323AAD,1.7407407407407407,20.0,352.0,24.3258,3,,1.7407407407407407,1.4615384615384617,,1.7407407407407407,1.9230769230769231
IND575014AAA,IND403726AAA,1.7508532423208192,220.0,5.0,331.5916,1,,1.7508532423208192,,,,1.7508532423208192
IND576101AAA,IND576201AAA,1.5666666666666669,17.0,25.0,39.6332,3,,1.5666666666666669,,1.4516129032258065,,1.6833333333333336
IND576201AAA,IND581320AAA,2.0412912912912917,38.0,20.0,49.532849999999996,4,,2.0412912912912917,,2.6578947368421053,,2.027027027027027
IND577002AAA,IND580028AAA,1.613861386138614,62.0,64.0,140.7195,11,,1.613861386138614,,1.613861386138614,,
IND577002AAA,IND581110AAE,2.423076923076923,74.0,65.0,72.43780000000001,1,2.423076923076923,,,,2.423076923076923,
IND577002AAA,IND581115AAC,2.357142857142857,38.0,57.0,37.7518,19,2.357142857142857,,,1.7413793103448276,2.6995073891625623,2.142857142857143
IND577101AAA,IND577116AAA,1.6480978260869565,12.0,1.5,35.97675,2,,1.6480978260869565,,,,1.6480978260869565
IND577101AAA,IND577132AAD,2.142857142857143,25.0,11.0,30.1342,7,,2.142857142857143,,,,2.142857142857143
IND577116AAA,IND577101AAA,0.950609756097561,-2.0,7.5,44.165800000000004,8,,0.950609756097561,,,,0.950609756097561
IND577126AAA,IND577201AAA,2.707692307692308,111.0,338.0,68.85130000000001,1,,2.707692307692308,,,,2.707692307692308
IND577132AAD,IND573134AAB,1.84,21.0,10.0,37.1751,11,,1.84,,,,1.84
IND577201AAA,IND562132AAA,1.794392523364486,170.0,90.0,288.7749,10,,1.794392523364486,,,,1.794392523364486
IND577201AAA,IND577432AAA,2.355555555555556,61.0,12.0,62.0251,1,,2.355555555555556,,,,2.355555555555556
IND577401AAA,IND562132AAA,2.261744966442953,376.0,141.0,371.1157,1,,2.261744966442953,,,,2.261744966442953
IND577401AAA,IND577201AAA,1.125,11.0,5.0,84.8653,7,,1.125,,,,1.125
IND577432AAA,IND577126AAA,2.1,22.0,12.0,27.2213,1,,2.1,,,,2.1
IND577501AAA,IND577002AAA,1.692764857881137,30.5,34.0,61.3275,10,,1.692764857881137,,1.6222222222222222,,1.8222222222222224
IND577522AAA,IND562132AAA,1.4928571428571429,69.0,20.5,183.659,10,,1.4928571428571429,,,,1.4928571428571429
IND577535AAC,IND577522AAA,1.5823717948717948,23.0,15.0,56.0231,10,,1.5823717948717948,,,,1.5823717948717948
IND577598AAB,IND573142AAA,1.896551724137931,52.0,19.0,66.35810000000001,17,,1.896551724137931,,1.8245614035087718,,2.0892857142857144
IND577598AAC,IND577501AAA,1.8387096774193548,26.0,23.0,43.3243,11,,1.8387096774193548,,,,1.8387096774193548
IND580002AAA,IND580028AAA,4.979166666666666,92.0,63.0,23.8393,2,,4.979166666666666,,4.979166666666666,,
IND580028AAA,IND403726AAA,2.4532374100719423,202.0,232.0,183.2936,13,,2.4532374100719423,,2.4532374100719423,,
IND580028AAA,IND421302AAG,2.247240618101545,565.0,153.0,616.7914,2,,2.247240618101545,2.247240618101545,,,
IND580028AAA,IND562132AAA,1.7810820758189179,223.0,61.5,383.14845,4,,1.7810820758189179,1.7789473684210526,,1.7832167832167831,
IND580028AAA,IND580002AAA,3.7142857142857135,57.0,712.0,26.3126,9,,3.7142857142857135,3.3571428571428568,4.0,,
IND580028AAA,IND581402AAA,1.4216867469879515,35.0,513.0,93.0582,15,,1.4216867469879515,1.4216867469879515,1.4759036144578312,,
IND580028AAA,IND590016AAA,2.1733333333333333,87.0,646.0,102.7885,13,,2.1733333333333333,2.1542342342342344,2.2171417993335805,2.391891891891892,
IND580028AAA,IND591115AAB,1.7906976744186047,34.0,405.5,59.267849999999996,4,,1.7906976744186047,1.7948320413436694,1.7045454545454546,1.813953488372093,
IND580028AAA,IND591123AAC,1.9252873563218391,80.5,358.0,111.95735,18,,1.9252873563218391,1.862068965517241,1.9655172413793105,1.9310344827586208,
IND581110AAE,IND577002AAA,2.763157894736842,99.5,70.5,70.74504999999999,4,2.763157894736842,,,6.745454545454545,,2.526315789473684
IND581110AAE,IND581119AAB,1.8636363636363635,38.0,33.0,54.0105,16,1.8636363636363635,,,,,1.8636363636363635
IND581115AAC,IND581110AAE,1.7307692307692308,19.0,30.0,33.677350000000004,20,1.7307692307692308,,2.0,2.625,1.76,1.7307692307692308
IND581119AAB,IND577002AAA,1.8180878552971578,36.0,15.5,38.93295,14,1.8180878552971578,,,,,1.8180878552971578
IND581303AAA,IND581325AAA,1.4893617021276595,46.0,26.5,101.2739,2,,1.4893617021276595,,,,1.4893617021276595
IND581303AAA,IND581400AAB,1.3659156976744184,13.5,13.0,47.04730000000001,12,,1.3659156976744184,,,,1.3659156976744184
IND581314AAA,IND403726AAA,1.8018018018018016,89.0,4.0,120.1324,9,,1.8018018018018016,1.6194690265486726,1.8307254623044096,,
IND581314AAA,IND581334AAA,1.5178571428571428,29.0,25.0,59.4354,1,,1.5178571428571428,,1.5178571428571428,,
IND581320AAA,IND575004AAB,2.333333333333333,148.0,3.0,137.9959,1,,2.333333333333333,2.333333333333333,,,
IND581320AAA,IND581334AAA,1.5584795321637426,20.5,22.5,40.4765,4,,1.5584795321637426,,1.5584795321637426,,1.9473684210526314
IND581325AAA,IND580028AAA,1.9196504688832055,63.5,48.5,77.76525000000001,14,,1.9196504688832055,,1.9275362318840576,,1.911764705882353
IND581334AAA,IND581314AAA,1.9038461538461535,46.0,12.0,55.1553,3,,1.9038461538461535,1.92,1.588235294117647,,1.9038461538461535
IND581334AAA,IND581320AAA,1.5161290322580645,16.0,0.0,34.0561,1,,1.5161290322580645,1.5161290322580645,,,
IND581334AAA,IND581343AAC,2.2656641604010024,25.0,5.5,21.346899999999998,2,,2.2656641604010024,,2.2656641604010024,,
IND581343AAC,IND581314AAA,1.7288306451612905,23.0,9.0,34.6189,6,,1.7288306451612905,,1.7288306451612905,,
IND581400AAB,IND581325AAA,1.1727272727272728,19.0,13.0,120.85589999999999,12,,1.1727272727272728,,,,1.1727272727272728
IND581402AAA,IND577201AAA,1.75,96.0,20.0,138.5931,1,,1.75,,,,1.75
IND581402AAA,IND577401AAA,1.625,44.0,26.0,76.6258,9,,1.625,,,,1.625
IND582101AAB,IND580028AAA,2.9035615171137836,88.5,133.5,62.06345,18,,2.9035615171137836,,,,2.9035615171137836
IND582209AAA,IND582101AAB,1.8406827880512093,31.5,15.5,40.262249999999995,16,,1.8406827880512093,,,,1.8406827880512093
IND583101AAA,IND577535AAC,1.837209302325581,36.0,62.0,59.75025,10,,1.837209302325581,,,1.9534883720930232,1.813953488372093
IND583101AAA,IND583201AAA,2.746376811594203,79.5,5.5,64.4048,18,,2.746376811594203,,,3.5531914893617023,2.6666666666666665
IND583119AAA,IND583101AAA,4.232558139534884,139.0,54.0,53.5761,9,,4.232558139534884,,,,4.232558139534884
IND583201AAA,IND583101AAA,3.2444444444444445,101.0,555.5,62.21465,2,,3.2444444444444445,,3.6666666666666665,,2.8222222222222224
IND583201AAA,IND583119AAA,2.333333333333333,36.0,26.0,29.0712,9,,2.333333333333333,,,,2.333333333333333
IND583201AAA,IND583227AAA,2.0,30.5,16.5,27.62415,16,2.0,,,,,2.0
IND583227AAA,IND583201AAA,2.4838709677419355,46.0,29.0,28.583,1,2.4838709677419355,,,,,2.4838709677419355
IND583227AAA,IND583231AAA,1.6666666666666667,26.0,15.0,44.9778,15,1.6666666666666667,,,1.7435897435897436,,1.6666666666666667
IND583231AAA,IND583201AAA,2.409090909090909,31.0,28.0,30.2552,15,2.409090909090909,,,2.1818181818181817,,2.5563241106719365
IND584101AAA,IND509124AAA,1.4465709728867624,25.0,53.0,51.055400000000006,14,,1.4465709728867624,,,1.4772727272727273,1.428389154704944
IND584101AAA,IND518002AAA,3.802197802197802,255.0,42.0,100.1564,1,,3.802197802197802,,,,3.802197802197802
IND584101AAA,IND584123AAA,1.5465116279069768,23.5,40.5,47.1756,2,1.5465116279069768,,,,,1.5465116279069768
IND584123AAA,IND584128AAA,1.4444444444444444,16.0,12.0,39.7207,1,1.4444444444444444,,,,,1.4444444444444444
IND584128AAA,IND583121AAA,2.224308300395257,27.5,20.5,32.5108,2,2.224308300395257,,,,,2.224308300395257
IND585104AAA,IND585211AAA,1.945945945945946,35.0,35.0,47.4594,17,1.945945945945946,,,,,1.945945945945946
IND585104AAA,IND585307AAB,1.5151515151515151,34.0,28.0,71.89869999999999,4,1.5151515151515151,,,,,1.5151515151515151
IND585104AAA,IND585314AAA,1.8421052631578947,32.0,50.5,41.411150000000006,4,1.8421052631578947,,,,,1.8421052631578947
IND585104AAA,IND585330AAE,1.837209302325581,35.5,143.5,59.76635,20,,1.837209302325581,,,1.837209302325581,
IND585104AAA,IND586128AAA,1.9324324324324325,69.0,48.0,92.5224,15,1.9324324324324325,,,,,1.9324324324324325
IND585211AAA,IND585104AAA,2.210526315789474,46.0,428.0,47.5274,3,2.210526315789474,,,3.8475398475398475,,2.210526315789474
IND585211AAA,IND585222AAA,1.5,12.0,24.0,25.1841,17,1.5,,,,,1.5
IND585222AAA,IND585211AAA,1.4123076923076923,10.5,26.5,26.2468,4,1.4123076923076923,,,,,1.4123076923076923
IND585222AAA,IND585307AAB,1.5270270270270272,19.5,32.0,39.6913,18,1.5270270270270272,,,,,1.5270270270270272
IND585307AAB,IND585104AAA,4.432835820895522,230.0,197.0,72.75760000000001,17,4.432835820895522,,,4.276923076923077,,5.561538461538461
IND585307AAB,IND585222AAA,1.4106606606606606,15.0,16.0,39.698949999999996,4,1.4106606606606606,,,,,1.4106606606606606
IND585314AAA,IND585104AAA,4.757309941520468,139.0,219.5,41.095600000000005,16,4.757309941520468,,,4.757309941520468,,
IND585314AAA,IND586211AAA,1.9381443298969072,91.0,9.0,104.968,3,1.9381443298969072,,,,,1.9381443298969072
IND585330AAE,IND585401AAA,1.7941176470588236,27.0,41.0,48.5049,21,,1.7941176470588236,,1.7647058823529411,,1.8088235294117645
IND585401AAA,IND502286AAB,2.3922291548496877,59.5,13.0,40.92075,22,,2.3922291548496877,,2.2439024390243905,,2.4186046511627906
IND586101AAA,IND416404AAA,2.2519762845849804,56.5,30.5,62.198,4,,2.2519762845849804,,,,2.2519762845849804
IND586101AAB,IND416404AAA,2.069767441860465,46.0,30.0,60.6525,5,,2.069767441860465,,2.3255813953488373,,2.046247357293869
IND586128AAA,IND585104AAA,3.0410958904109586,149.0,250.0,93.1482,4,3.0410958904109586,,,3.0410958904109586,,
IND586128AAA,IND586211AAA,1.6382978723404256,30.0,14.0,48.0951,15,1.6382978723404256,,,,,1.6382978723404256
IND586211AAA,IND585314AAA,1.8083118556701032,78.0,17.0,104.2201,16,1.8083118556701032,,,1.8125,,1.8041237113402064
IND586211AAA,IND586128AAA,1.7916666666666667,38.0,7.0,48.5216,3,1.7916666666666667,,,1.8426418439716312,,1.6595744680851063
IND587103AAB,IND582101AAB,2.1630434782608696,107.0,43.5,109.555,2,,2.1630434782608696,,,,2.1630434782608696
IND587103AAB,IND582209AAA,1.901639344262295,54.0,50.0,66.4212,17,,1.901639344262295,,,,1.901639344262295
IND590016AAA,IND591302AAB,1.4516129032258065,14.0,52.0,35.9801,5,,1.4516129032258065,,,,1.4516129032258065
IND591102AAA,IND591307AAC,1.9764673311184944,41.5,12.0,45.7631,18,,1.9764673311184944,,,,1.9764673311184944
IND591115AAB,IND580028AAA,1.916666666666667,38.5,138.0,58.072199999999995,2,,1.916666666666667,,,,1.916666666666667
IND591115AAB,IND590016AAA,1.8333333333333335,25.0,33.0,43.001549999999995,4,,1.8333333333333335,,,1.8849462365591398,1.7870967741935484
IND591123AAC,IND587103AAB,1.7058823529411764,36.0,31.0,60.9414,19,,1.7058823529411764,,,1.7058823529411764,
IND591126AAA,IND591102AAA,1.522549019607843,16.5,5.0,35.09055,2,,1.522549019607843,,,,1.522549019607843
IND591201AAA,IND586101AAB,1.7301587301587302,92.0,61.0,147.7175,1,,1.7301587301587302,,,,1.7301587301587302
IND591201AAA,IND591304AAA,1.4344262295081966,26.5,17.5,73.90514999999999,10,,1.4344262295081966,,,1.4262295081967211,1.4426229508196722
IND591237AAB,IND591201AAA,1.5681818181818183,12.5,12.0,24.0228,4,,1.5681818181818183,,,1.5,1.6363636363636365
IND591302AAB,IND580028AAA,1.9442186088527553,77.0,105.5,100.1954,8,,1.9442186088527553,,,,1.9442186088527553
IND591302AAB,IND591115AAB,1.6973684210526316,26.5,35.5,41.165350000000004,2,,1.6973684210526316,,,,1.6973684210526316
IND591304AAA,IND586101AAA,1.5010332950631458,33.0,18.0,76.62555,8,,1.5010332950631458,,,,1.5010332950631458
IND591304AAA,IND586101AAB,1.446969696969697,29.5,19.0,75.21465,4,,1.446969696969697,,,,1.446969696969697
IND591307AAC,IND580002AAA,2.52247191011236,135.5,14.0,95.9118,2,,2.52247191011236,,,,2.52247191011236
IND591307AAC,IND580028AAA,2.624854045037531,178.0,83.5,125.1754,4,,2.624854045037531,,,,2.624854045037531
IND591307AAC,IND580030AAA,2.4343434343434343,142.0,9.0,112.3366,1,,2.4343434343434343,,,,2.4343434343434343
IND600004AAA,IND600008AAC,5.5,63.0,144.0,12.831,3,5.5,,,5.5,,
IND600008AAA,IND600044AAC,2.080014224751067,40.5,51.5,43.91465,14,2.080014224751067,,2.080014224751067,,,
IND600008AAC,IND600004AAA,2.357142857142857,19.0,140.0,13.2347,1,2.357142857142857,,,,,2.357142857142857
IND600008AAC,IND600013AAA,4.55,39.5,57.5,12.08535,2,4.55,,,4.55,,
IND600008AAC,IND600056AAB,2.3513513513513518,50.0,24.0,44.1983,15,2.3513513513513518,,,2.3640350877192984,3.5291607396870552,2.3513513513513518
IND600016AAA,IND600119AAA,2.3636363636363633,30.0,22.5,18.85755,8,2.3636363636363633,,,2.3636363636363633,,
IND600016AAB,IND600044AAC,2.124526515151515,37.0,41.5,36.6432,22,2.124526515151515,,2.21875,,1.7333333333333334,
IND600016AAC,IND600056AAB,2.242424242424242,41.0,43.0,36.8879,1,2.242424242424242,,,2.242424242424242,,
IND600016AAC,IND600119AAA,1.894736842105263,19.0,114.0,23.887400000000003,11,1.894736842105263,,,4.115131578947368,1.7272727272727273,
IND600032AAB,IND600008AAC,6.0,40.0,2.0,10.0476,1,6.0,,,6.0,,
IND600032AAB,IND600044AAD,2.0954545454545457,11.5,29.5,10.0077,16,2.0954545454545457,,2.5,2.090909090909091,1.2727272727272727,1.7
IND600032AAB,IND600056AAB,1.8920454545454544,29.0,46.0,36.47855,64,1.8920454545454544,,1.7464349376114083,2.3233901515151514,1.75,1.818181818181818
IND600032AAB,IND600076AAB,2.2270833333333333,19.0,30.5,16.612000000000002,42,2.2270833333333333,,3.2,2.125,1.4142857142857141,2.2604166666666665
IND600044AAD,IND600032AAB,2.583333333333333,19.0,15.0,10.5967,7,2.583333333333333,,1.7272727272727273,3.2,,
IND600044AAD,IND600048AAA,4.132575757575758,34.5,34.5,12.687850000000001,14,4.132575757575758,,,4.392307692307693,1.8,1.8461538461538465
IND600044AAD,IND600056AAB,1.8611111111111112,31.0,46.0,36.7705,17,1.8611111111111112,,2.225,1.8857142857142857,1.6365546218487395,1.6484126984126983
IND600044AAD,IND603001AAA,2.664408866995074,48.5,89.5,38.2886,12,2.664408866995074,,,,2.517857142857143,3.0999999999999996
IND600044AAD,IND603203AAA,3.670955882352941,44.0,19.0,19.01395,2,3.670955882352941,,,3.670955882352941,,
IND600044AAE,IND600056AAB,2.0285714285714285,36.0,98.0,36.4453,29,2.0285714285714285,,1.7394957983193278,1.8546218487394956,1.7714285714285714,2.2794117647058822
IND600048AAA,IND600044AAD,2.272727272727273,14.0,3.0,11.5396,1,2.272727272727273,,,,,2.272727272727273
IND600056AAA,IND602105AAB,3.0,26.0,20.0,16.0988,7,3.0,,,,,3.0
IND600056AAB,IND501359AAE,1.8024691358024687,390.0,594.0,678.099,7,,1.8024691358024687,,,1.7733995163548424,1.8515463917525772
IND600056AAB,IND524003AAA,1.61,91.5,201.0,186.65370000000001,14,,1.61,1.5894039735099337,,1.6133333333333333,
IND600056AAB,IND530012AAA,1.7159715242881073,428.5,306.5,814.08745,2,,1.7159715242881073,,,1.7159715242881073,
IND600056AAB,IND560099AAB,1.7191489361702128,169.0,119.0,313.4672,13,,1.7191489361702128,1.7191489361702128,,,
IND600056AAB,IND562132AAA,1.845694779116466,211.0,242.0,321.84765000000004,16,,1.845694779116466,1.8839518072289156,,1.845694779116466,1.8005498007968126
IND600056AAB,IND600008AAC,3.0,66.0,74.5,43.13395,32,3.0,,2.4411764705882355,3.0,2.1789516789516794,4.205882352941177
IND600056AAB,IND600016AAC,2.5161290322580645,47.0,148.0,36.7301,13,2.5161290322580645,,3.060606060606061,2.575757575757576,2.0176470588235293,2.5161290322580645
IND600056AAB,IND600032AAB,2.328877005347594,44.5,48.0,36.613200000000006,52,2.328877005347594,,1.818181818181818,2.6766098484848486,1.4545454545454546,2.691341991341991
IND600056AAB,IND600044AAD,1.7352941176470589,25.0,142.0,35.658,7,1.7352941176470589,,,,1.7247899159663866,2.117647058823529
IND600056AAB,IND600044AAE,1.8730158730158728,30.5,116.5,35.81985,34,1.8730158730158728,,1.8415966386554623,2.1621621621621623,1.6617647058823528,2.057142857142857
IND600056AAB,IND600076AAB,1.930930930930931,34.0,160.5,46.066599999999994,16,1.930930930930931,,,,1.8633633633633635,2.5619047619047617
IND600056AAB,IND600110AAA,2.5945945945945947,59.0,143.5,45.477850000000004,28,2.5945945945945947,,2.2222222222222223,2.835960960960961,2.518018018018018,2.5945945945945947
IND600056AAB,IND600116AAB,2.353021978021978,36.5,67.0,31.08465,22,2.353021978021978,,1.9615384615384617,,1.8674074074074074,3.993368700265252
IND600056AAB,IND605010AAB,1.4316546762589928,60.0,744.0,152.5844,13,,1.4316546762589928,,1.4316546762589928,,
IND600056AAB,IND605601AAA,1.3458093763821317,46.5,202.5,152.96405,6,,1.3458093763821317,,,1.3458093763821317,
IND600056AAB,IND631501AAA,2.363636363636364,45.0,103.0,44.463,9,2.363636363636364,,,,2.409090909090909,1.9411764705882355
IND600056AAB,IND632006AAA,1.7142857142857142,60.0,534.0,107.3825,13,,1.7142857142857142,,1.7202380952380953,1.619047619047619,
IND600056AAB,IND635802AAB,1.3174603174603174,40.0,100.0,153.35670000000002,3,,1.3174603174603174,,,,1.3174603174603174
IND600073AAA,IND603203AAA,1.9166666666666667,11.0,18.0,15.6886,1,1.9166666666666667,,,1.9166666666666667,,
IND600076AAB,IND600032AAB,2.54093567251462,28.5,15.0,19.4148,16,2.54093567251462,,2.4576023391812862,2.611111111111111,1.5333333333333334,
IND600076AAB,IND600056AAB,2.075537075537076,41.0,78.5,48.61005,2,2.075537075537076,,,,2.075537075537076,
IND600083AAA,IND600116AAB,2.035714285714286,13.5,446.5,13.6142,2,2.035714285714286,,,,,2.035714285714286
IND600110AAA,IND600056AAB,2.324324324324324,49.0,48.5,47.44114999999999,10,2.324324324324324,,2.512127512127512,2.527027027027027,2.0650782361308675,2.364864864864865
IND600110AAA,IND600056AAD,2.263157894736842,48.0,42.0,48.5266,1,2.263157894736842,,,,,2.263157894736842
IND600116AAB,IND600056AAA,2.25,15.0,21.0,12.3695,3,2.25,,,4.083333333333334,,1.9090909090909087
IND600116AAB,IND600056AAB,2.111111111111111,30.0,23.0,32.2173,3,2.111111111111111,,,,,2.111111111111111
IND600116AAB,IND602024AAA,2.6315789473684212,31.0,62.5,21.980150000000002,10,2.6315789473684212,,,3.523809523809524,1.875,3.6912280701754385
IND600119AAA,IND600016AAC,2.818421052631579,35.5,50.5,21.92385,10,2.818421052631579,,,2.4398496240601504,,8.854761904761904
IND602001AAA,IND600116AAB,3.6666666666666665,80.0,369.0,37.2719,3,3.6666666666666665,,,,,3.6666666666666665
IND602001AAB,IND609001AAA,2.2962962962962963,35.0,12.0,36.5822,11,,2.2962962962962963,,,,2.2962962962962963
IND602024AAA,IND600116AAB,2.6842105263157894,33.0,37.0,20.368650000000002,4,2.6842105263157894,,,2.0,,3.3684210526315788
IND602024AAA,IND602001AAA,2.5,17.0,23.0,16.4017,9,2.5,,,,,2.5
IND603001AAA,IND603301AAA,1.4285714285714286,15.0,14.0,37.4867,13,1.4285714285714286,,,,,1.4285714285714286
IND603102AAA,IND600056AAB,1.8582089552238807,57.5,30.5,73.2681,12,,1.8582089552238807,,,,1.8582089552238807
IND603203AAA,IND600044AAD,3.357142857142857,34.0,22.0,17.382099999999998,13,3.357142857142857,,3.0666666666666664,3.4285714285714284,,3.75625
IND603203AAA,IND600048AAA,1.6666666666666667,8.0,0.0,14.162,1,1.6666666666666667,,,1.6666666666666667,,
IND603301AAA,IND600044AAD,2.3561705989110706,78.0,40.5,74.9248,14,2.3561705989110706,,,,,2.3561705989110706
IND604303AAA,IND603102AAA,1.9483805668016196,36.5,0.5,53.4901,4,,1.9483805668016196,,,,1.9483805668016196
IND605010AAB,IND600056AAB,1.6923076923076923,90.0,54.0,152.2299,3,,1.6923076923076923,,,,1.6923076923076923
IND605010AAB,IND604303AAA,1.400462962962963,21.5,29.0,34.0346,4,,1.400462962962963,,,,1.400462962962963
IND605010AAB,IND607001AAA,1.7413793103448276,21.5,63.0,25.6858,12,,1.7413793103448276,,,,1.7413793103448276
IND605601AAA,IND600056AAB,1.72,90.0,61.5,151.9599,6,,1.72,1.72,,,
IND605601AAA,IND607106AAA,2.1363636363636362,24.5,29.0,27.40975,14,2.1363636363636362,,,,,2.1363636363636362
IND605601AAA,IND636102AAA,1.6653558052434458,59.5,26.5,121.38215,6,,1.6653558052434458,,,,1.6653558052434458
IND606003AAA,IND606105AAA,1.6,8.5,15.5,15.9438,14,1.6,,,1.606060606060606,,1.6
IND606105AAA,IND606201AAC,1.6091269841269842,33.5,11.0,73.10445,14,1.6091269841269842,,,1.6091269841269842,,
IND606201AAC,IND605601AAA,2.074074074074074,87.0,6.0,102.4406,15,2.074074074074074,,,2.074074074074074,,
IND606801AAB,IND632006AAA,2.314814814814815,72.0,18.0,64.4629,13,,2.314814814814815,,,,2.314814814814815
IND606803AAA,IND606801AAB,1.3478260869565215,8.0,14.0,24.6893,13,,1.3478260869565215,,,,1.3478260869565215
IND607001AAA,IND608001AAA,1.8571428571428568,24.0,15.0,39.5553,11,,1.8571428571428568,,,,1.8571428571428568
IND607106AAA,IND607801AAA,2.16025641025641,13.5,15.5,17.6402,14,2.16025641025641,,,,,2.16025641025641
IND607801AAA,IND606003AAA,2.130434782608696,27.0,17.0,32.398900000000005,15,2.130434782608696,,,,,2.130434782608696
IND608001AAA,IND609110AAA,2.7333333333333334,26.0,4.0,21.1767,7,,2.7333333333333334,,,,2.7333333333333334
IND608301AAA,IND639104AAB,1.7490196078431373,89.5,17.5,148.47055,16,,1.7490196078431373,,1.949579831932773,,1.7333333333333334
IND609001AAA,IND614018AAA,2.1880479251899474,69.5,30.0,71.81790000000001,12,,2.1880479251899474,,,,2.1880479251899474
IND609110AAA,IND609602AAA,1.9291871921182266,26.5,11.0,42.0763,8,,1.9291871921182266,,1.8571428571428572,,2.033908045977011
IND609602AAA,IND611001AAA,3.111111111111111,34.0,11.0,21.607,11,,3.111111111111111,,3.111111111111111,,
IND610001AAA,IND605010AAB,2.071428571428571,135.0,21.5,149.45915000000002,10,,2.071428571428571,,2.071428571428571,,
IND610001AAA,IND614715AAA,1.6923076923076923,17.0,17.0,27.3911,17,1.6923076923076923,,1.8333333333333333,1.6538461538461535,,
IND611001AAA,IND610001AAA,2.34375,22.0,20.5,23.65435,10,,2.34375,,2.34375,,
IND614018AAA,IND613104AAA,2.0083333333333333,61.0,6.5,64.76665,10,,2.0083333333333333,,2.1867816091954024,,1.859562841530055
IND614602AAA,IND614804AAA,1.5,12.0,22.0,22.69815,16,,1.5,,,,1.5
IND614616AAA,IND630002AAA,1.5971479500891266,20.0,30.0,33.18965,16,,1.5971479500891266,,,,1.5971479500891266
IND614620AAA,IND630561AAA,1.9044798222880415,66.5,34.0,105.14405,16,1.9044798222880415,,,,,1.9044798222880415
IND614715AAA,IND614809AAA,1.4736842105263157,18.0,10.0,41.6542,17,1.4736842105263157,,1.5526315789473684,1.4736842105263157,,
IND614804AAA,IND614616AAA,1.2724867724867726,7.5,19.0,25.3667,16,,1.2724867724867726,,,,1.2724867724867726
IND614809AAA,IND610001AAA,2.159090909090909,52.0,18.0,55.0983,17,2.159090909090909,,2.159090909090909,2.1824289405684754,,
IND620020AAA,IND621112AAA,1.7692307692307692,10.0,24.0,15.6176,25,1.7692307692307692,,,1.7083333333333335,,2.0
IND621010AAA,IND621212AAA,1.4642857142857144,16.5,15.0,37.38365,16,,1.4642857142857144,,,,1.4642857142857144
IND621112AAA,IND620012AAA,6.458333333333333,131.0,12.0,22.6467,1,6.458333333333333,,,6.458333333333333,,
IND621211AAA,IND621010AAA,1.5,11.0,6.0,23.9686,15,,1.5,,,1.5,1.5892857142857144
IND621212AAA,IND621704AAA,1.5553359683794468,12.5,7.0,30.62555,16,,1.5553359683794468,,,,1.5553359683794468
IND621306AAA,IND625106AAA,1.3373538011695907,24.5,22.0,72.35735,12,,1.3373538011695907,,1.3373538011695907,,
IND621704AAA,IND621802AAA,2.0,31.0,23.0,38.5318,17,,2.0,,,,2.0
IND621802AAA,IND608301AAA,2.555555555555556,27.0,13.5,24.29,10,,2.555555555555556,,,,2.555555555555556
IND621802AAA,IND621212AAA,1.7350795755968171,40.5,32.5,68.50954999999999,2,,1.7350795755968171,,,,1.7350795755968171
IND622407AAA,IND622001AAA,1.4777183600713013,16.0,10.5,36.7567,14,,1.4777183600713013,,1.8529411764705883,,1.4705882352941178
IND623315AAB,IND614620AAA,1.5172413793103448,15.0,14.0,35.1174,15,1.5172413793103448,,,,,1.5172413793103448
IND623407AAA,IND623315AAB,1.0416666666666667,1.0,22.0,18.1756,15,1.0416666666666667,,,,,1.0416666666666667
IND623503AAA,IND623526AAA,0.9014084507042254,-7.0,22.0,52.6836,7,,0.9014084507042254,,,,0.9014084507042254
IND623526AAA,IND623704AAA,1.0607789142407553,7.5,17.0,113.12165,8,,1.0607789142407553,,,,1.0607789142407553
IND623701AAA,IND623503AAA,1.1777777777777778,8.0,16.0,46.3482,7,,1.1777777777777778,,,1.2666666666666666,1.1432367149758456
IND623704AAA,IND626607AAB,1.2708333333333333,13.0,8.0,48.7821,7,,1.2708333333333333,,1.2909722222222222,,1.1224489795918366
IND624001AAA,IND624619AAA,1.5384615384615383,14.0,13.0,29.0603,11,,1.5384615384615383,,,,1.5384615384615383
IND624001AAA,IND624703AAA,1.2666666666666666,9.5,29.0,38.69215,2,,1.2666666666666666,,,,1.2666666666666666
IND624001AAA,IND625008AAA,1.3958333333333333,19.0,40.0,67.7051,9,,1.3958333333333333,1.3958333333333333,,,
IND624101AAA,IND624202AAA,0.7119918699186991,-34.5,24.5,55.520250000000004,10,,0.7119918699186991,,,,0.7119918699186991
IND624202AAA,IND625218AAA,1.5217391304347827,12.0,10.0,26.0605,11,,1.5217391304347827,,1.5217391304347827,,
IND624601AAA,IND624001AAA,4.385077186963979,182.5,167.5,56.6268,2,,4.385077186963979,,,,4.385077186963979
IND624601AAA,IND624101AAA,0.7835820895522388,-29.0,24.0,60.0035,15,,0.7835820895522388,,,,0.7835820895522388
IND624619AAA,IND624601AAA,1.2705570291777188,7.5,5.5,27.20855,10,,1.2705570291777188,,,,1.2705570291777188
IND624703AAA,IND624619AAA,1.3125,15.0,10.0,47.02,1,,1.3125,,,,1.3125
IND625008AAA,IND625516AAA,1.25,30.0,108.0,115.5107,1,,1.25,,,1.25,
IND625008AAA,IND626123AAA,1.8125,40.0,144.0,60.207,17,,1.8125,1.8333333333333333,,1.8125,
IND625008AAA,IND685514AAA,1.4733727810650887,80.0,75.0,143.3816,1,,1.4733727810650887,,,1.4733727810650887,
IND625106AAA,IND625008AAA,1.7173913043478262,33.0,18.0,44.142300000000006,13,,1.7173913043478262,,1.7173913043478262,,
IND625218AAA,IND624703AAA,3.365079365079365,149.0,16.0,75.782,1,,3.365079365079365,,3.365079365079365,,
IND625516AAA,IND685514AAA,1.934782608695652,43.0,23.0,33.3321,7,,1.934782608695652,,,,1.934782608695652
IND625531AAA,IND625516AAA,1.2826086956521738,13.0,38.0,41.4115,7,,1.2826086956521738,,,,1.2826086956521738
IND625532AAA,IND625531AAA,1.5018939393939394,23.0,11.0,41.76305,6,,1.5018939393939394,,,,1.5018939393939394
IND625532AAA,IND685514AAA,1.6590909090909092,87.0,13.0,110.6122,1,,1.6590909090909092,,,,1.6590909090909092
IND626117AAA,IND626138AAA,1.24,6.0,23.0,20.7746,9,,1.24,,,,1.24
IND626123AAA,IND627756AAA,1.86,43.0,21.0,48.291,17,,1.86,,,,1.86
IND626138AAA,IND625008AAA,1.4800437397484965,29.0,14.0,66.46045000000001,16,,1.4800437397484965,,,,1.4800437397484965
IND626607AAB,IND625008AAA,1.52,26.0,9.0,53.8978,7,,1.52,,1.4946938775510206,,1.5535714285714286
IND627005AAA,IND627117AAA,1.6341463414634143,26.0,21.0,49.8261,11,,1.6341463414634143,,,1.6341463414634143,
IND627005AAA,IND627811AAA,1.3936294564582115,23.0,16.5,62.8549,10,,1.3936294564582115,,,1.4745762711864407,1.2586206896551724
IND627005AAA,IND628801AAA,1.5813953488372092,25.0,46.0,46.4406,17,1.5813953488372092,,,,1.5975158562367864,1.4
IND627005AAA,IND629001AAA,2.0142857142857142,71.0,44.0,84.5501,1,,2.0142857142857142,,,2.0142857142857142,
IND627117AAA,IND629001AAA,1.9375,30.0,31.0,35.1044,11,,1.9375,,,,1.9375
IND627401AAA,IND627005AAA,2.2222222222222223,44.0,17.0,38.1062,13,,2.2222222222222223,,,,2.2222222222222223
IND627657AAA,IND628613AAA,1.0428571428571427,1.5,19.0,28.49435,16,1.0428571428571427,,,,,1.0428571428571427
IND627756AAA,IND626117AAA,1.6551724137931034,19.0,32.0,31.2303,17,,1.6551724137931034,,,,1.6551724137931034
IND627811AAA,IND627401AAA,1.5231854838709677,16.5,26.5,34.2061,10,,1.5231854838709677,,,,1.5231854838709677
IND628204AAA,IND627657AAA,1.2439024390243902,10.0,13.0,42.590300000000006,17,1.2439024390243902,,,,,1.2439024390243902
IND628613AAA,IND627005AAA,1.7553191489361704,35.5,10.5,40.1597,14,1.7553191489361704,,,,,1.7553191489361704
IND628801AAA,IND628204AAA,1.4375,7.0,14.0,17.8417,17,1.4375,,,,,1.4375
IND629179AAA,IND627005AAA,2.0416666666666665,100.0,32.0,109.6053,11,,2.0416666666666665,,,,2.0416666666666665
IND630002AAA,IND622407AAA,1.4255319148936172,20.0,24.0,49.713100000000004,14,,1.4255319148936172,,,,1.4255319148936172
IND630561AAA,IND623407AAA,1.78125,25.0,53.0,46.7015,15,1.78125,,,,1.78125,1.7121212121212122
IND630561AAA,IND623701AAA,1.411764705882353,15.0,18.0,42.6597,5,,1.411764705882353,,,1.4751131221719458,1.3846153846153846
IND631003AAA,IND600056AAB,2.2601214574898787,48.5,123.5,41.986900000000006,10,2.2601214574898787,,,,,2.2601214574898787
IND631102AAA,IND600056AAB,2.0707196029776673,66.5,23.0,76.02340000000001,12,,2.0707196029776673,,,,2.0707196029776673
IND631501AAA,IND600056AAB,48.5,1615.0,638.0,44.9726,1,48.5,,,,,48.5
IND631501AAA,IND631003AAA,2.7115384615384617,44.5,42.5,28.60865,10,2.7115384615384617,,,,,2.7115384615384617
IND632006AAA,IND562132AAA,2.0274725274725274,187.0,185.0,226.7142,2,,2.0274725274725274,,,2.0274725274725274,
IND632006AAA,IND600056AAB,1.783132530120482,65.0,43.0,105.9961,17,,1.783132530120482,1.7560975609756098,1.783132530120482,1.9390243902439024,
IND632006AAA,IND632301AAA,1.935483870967742,29.0,505.5,39.94695,14,,1.935483870967742,1.935483870967742,,1.78125,
IND632006AAA,IND632402AAA,2.9523809523809526,41.0,222.0,23.6773,8,,2.9523809523809526,,,2.9523809523809526,
IND632006AAA,IND635802AAB,1.3488372093023255,15.0,137.0,47.557,3,,1.3488372093023255,,,1.3562367864693445,1.0555555555555556
IND632301AAA,IND606803AAA,2.1578947368421053,23.0,20.0,22.8137,11,,2.1578947368421053,,,,2.1578947368421053
IND632301AAA,IND632006AAA,4.636363636363637,120.0,383.0,41.1081,1,,4.636363636363637,,,,4.636363636363637
IND632402AAA,IND631102AAA,1.52,13.0,28.0,26.6491,11,,1.52,,,,1.52
IND635001AAA,IND562132AAA,1.7584745762711864,89.5,36.0,113.72505,4,,1.7584745762711864,1.7584745762711864,,,
IND635001AAA,IND636705AAB,1.3675213675213675,19.5,17.0,55.552800000000005,4,,1.3675213675213675,,,,1.3675213675213675
IND635207AAA,IND635802AAB,3.803921568627451,143.0,16.0,65.70439999999999,1,3.803921568627451,,,3.803921568627451,,
IND635601AAB,IND635207AAA,3.125,34.0,30.0,23.8404,1,3.125,,,,,3.125
IND635601AAB,IND635802AAB,4.367647058823529,114.5,21.0,41.46655,10,4.367647058823529,,,,,4.367647058823529
IND635802AAB,IND562132AAA,1.7587985114300904,127.5,27.5,195.6802,6,,1.7587985114300904,,1.6211180124223603,,1.809523809523809
IND635802AAB,IND635601AAB,1.9112042682926829,32.5,67.0,49.869550000000004,10,1.9112042682926829,,,,,1.9112042682926829
IND636005AAA,IND636005AAC,5.083333333333333,49.0,220.0,15.441,1,5.083333333333333,,,5.083333333333333,,
IND636005AAA,IND636016AAA,1.85,8.0,59.5,10.3606,4,1.85,,,,,1.85
IND636016AAA,IND636402AAA,2.7333333333333334,104.0,20.0,63.962,1,2.7333333333333334,,,2.7333333333333334,,
IND636016AAA,IND637211AAA,1.488888888888889,22.0,25.0,53.3461,15,1.488888888888889,,,1.488888888888889,,
IND636102AAA,IND605601AAA,1.3523809523809525,37.0,6.0,130.5501,5,,1.3523809523809525,,1.3523809523809525,,
IND636352AAA,IND636705AAB,1.6,15.0,15.0,27.303,5,,1.6,1.52,1.7407407407407407,,
IND636705AAB,IND562132AAA,1.8376623376623376,129.0,92.0,151.5052,5,,1.8376623376623376,1.8376623376623376,,,
IND636705AAB,IND635001AAA,1.4330612244897958,21.5,13.0,53.146950000000004,4,,1.4330612244897958,1.4330612244897958,,,
IND637211AAA,IND636402AAA,1.4508196721311477,27.5,16.0,65.27850000000001,16,1.4508196721311477,,1.3629032258064515,1.459016393442623,,
IND637301AAA,IND638001AAA,1.8529411764705879,14.5,5.5,21.73915,10,,1.8529411764705879,,1.8529411764705879,,
IND637408AAA,IND637001AAA,1.7586206896551726,22.0,9.0,34.407650000000004,10,,1.7586206896551726,1.9693486590038316,1.396551724137931,,
IND638001AAA,IND638052AAA,2.1666666666666665,20.0,28.0,18.6761,3,,2.1666666666666665,2.1666666666666665,,,
IND638401AAA,IND638452AAA,1.0014814814814814,0.0,5.5,27.42615,12,1.0014814814814814,,,,,1.0014814814814814
IND638452AAA,IND638501AAB,1.1666666666666667,4.0,20.0,22.7246,3,1.1666666666666667,,,,,1.1666666666666667
IND638501AAB,IND641062AAD,1.4258447488584474,31.5,52.0,80.1926,14,1.4258447488584474,,,,,1.4258447488584474
IND638657AAA,IND638701AAA,1.457471264367816,13.5,19.0,31.94735,16,1.457471264367816,,,,,1.457471264367816
IND638701AAA,IND641607AAA,2.2,27.0,342.0,25.3237,17,2.2,,,,,2.2
IND639001AAA,IND624001AAA,1.709090909090909,39.0,18.0,75.358,9,,1.709090909090909,1.5545454545454547,1.7454545454545454,,
IND639104AAB,IND620012AAA,1.5,22.0,18.0,51.0134,1,,1.5,,1.5,,
IND641001AAA,IND641062AAD,4.333333333333333,110.0,9.0,34.2831,3,4.333333333333333,,,,,4.333333333333333
IND641006AAD,IND641062AAD,4.333333333333333,80.0,39.0,26.5995,5,4.333333333333333,,4.333333333333333,4.839285714285714,,
IND641008AAA,IND641001AAA,2.0588235294117645,18.0,0.0,12.6194,3,2.0588235294117645,,,,,2.0588235294117645
IND641008AAA,IND641011AAA,2.0588235294117645,18.0,19.0,12.5596,1,2.0588235294117645,,,,,2.0588235294117645
IND641011AAA,IND641062AAD,4.105263157894737,116.0,30.0,35.473,9,4.105263157894737,,,,,4.105263157894737
IND641062AAD,IND638401AAA,1.8112320633349825,35.5,199.5,53.81155,12,1.8112320633349825,,,,1.8112320633349825,
IND641062AAD,IND641001AAA,3.888888888888889,78.0,94.0,32.3559,3,3.888888888888889,,,3.888888888888889,,
IND641062AAD,IND641008AAA,2.585714285714286,55.5,123.0,37.6824,2,2.585714285714286,,,2.585714285714286,,
IND641062AAD,IND641607AAA,1.7000000000000002,19.5,240.5,31.04755,12,,1.7000000000000002,1.7333333333333334,,1.6666666666666667,
IND641062AAD,IND642001AAA,1.5818181818181818,32.0,86.0,64.0517,1,1.5818181818181818,,,,1.5818181818181818,
IND641062AAD,IND642126AAA,1.4794520547945205,35.0,185.0,71.4911,17,1.4794520547945205,,,,1.4794520547945205,
IND641062AAD,IND643217AAA,2.602311643835616,110.5,114.0,70.01915,2,2.602311643835616,,,,2.602311643835616,
IND641062AAD,IND643231AAA,2.473684210526316,86.0,103.0,70.3282,15,2.473684210526316,,,,2.473684210526316,
IND641607AAA,IND641062AAD,2.9065628476084537,56.0,42.0,33.912850000000006,20,,2.9065628476084537,2.9065628476084537,,,
IND641607AAA,IND641654AAA,2.0,16.0,97.0,18.1842,11,2.0,,,,2.0,
IND641607AAA,IND641664AAA,1.9,18.0,131.0,21.59195,4,1.9,,,,1.9,
IND641654AAA,IND641664AAA,1.3846153846153846,10.0,8.0,29.6941,11,1.3846153846153846,,,,,1.3846153846153846
IND641664AAA,IND638657AAA,1.5,18.0,20.0,40.5711,15,1.5,,,,,1.5
IND642001AAA,IND641062AAD,1.5789473684210529,33.0,46.0,64.7177,17,1.5789473684210529,,,,,1.5789473684210529
IND642001AAA,IND642126AAA,1.5161290322580645,16.0,30.0,31.1242,1,1.5161290322580645,,,,,1.5161290322580645
IND642126AAA,IND642001AAA,1.3870967741935485,12.0,14.0,30.8002,17,1.3870967741935485,,,,,1.3870967741935485
IND643001AAA,IND643212AAA,2.5,51.0,28.0,49.01245,6,2.5,,,,,2.5
IND643212AAA,IND641062AAD,3.2882882882882885,254.0,12.0,138.55110000000002,3,3.2882882882882885,,,3.1401869158878504,,3.4441441441441443
IND643217AAA,IND643001AAA,0.9799919967987196,-1.0,6.5,41.390299999999996,10,0.9799919967987196,,,,,0.9799919967987196
IND643231AAA,IND643217AAA,1.0689655172413792,2.0,14.0,22.3329,11,1.0689655172413792,,,,,1.0689655172413792
IND670643AAA,IND673632AAA,1.879120879120879,80.0,41.0,93.509,5,1.879120879120879,,,,,1.879120879120879
IND670645AAB,IND673592AAA,2.598752598752599,61.0,1084.0,36.16235,6,2.598752598752599,,,2.5717255717255716,,3.2782397782397785
IND671315AAA,IND575004AAB,8.01923076923077,547.5,199.0,80.5539,2,,8.01923076923077,,,,8.01923076923077
IND671323AAD,IND000000ACO,1.5625,18.0,6.0,29.3602,1,,1.5625,,,,1.5625
IND673027AAB,IND673104AAA,5.523076923076923,294.0,8.0,61.9803,1,5.523076923076923,,,,5.523076923076923,
IND673027AAB,IND673305AAA,8.04849688031764,296.5,43.5,40.3536,2,8.04849688031764,,8.511627906976743,,7.585365853658536,
IND673104AAA,IND673506AAA,1.7142857142857142,10.0,18.0,15.4347,17,1.7142857142857142,,,,,1.7142857142857142
IND673121AAA,IND670645AAB,2.207157258064516,38.0,15.5,30.5652,8,2.207157258064516,,,,,2.207157258064516
IND673305AAA,IND673104AAA,1.266798418972332,6.0,11.5,20.83365,14,1.266798418972332,,,,,1.266798418972332
IND673506AAA,IND670643AAA,1.4583333333333333,10.0,16.0,21.6196,17,1.4583333333333333,,,,,1.4583333333333333
IND673573AAA,IND673592AAA,1.60193019566367,37.0,20.0,59.90395,12,,1.60193019566367,,,,1.60193019566367
IND673592AAA,IND562132AAA,2.07847533632287,241.0,67.0,285.06345,12,,2.07847533632287,,,,2.07847533632287
IND673592AAA,IND670645AAB,3.5,95.0,17.0,38.0694,1,3.5,,,,,3.5
IND673592AAA,IND673121AAA,2.0,15.0,22.0,18.16,11,2.0,,,,,2.0
IND673632AAA,IND673104AAA,1.238095238095238,15.0,129.0,60.3227,1,1.238095238095238,,,,1.238095238095238,
IND673632AAA,IND673305AAA,1.1408730158730158,5.5,248.0,37.3946,4,1.1408730158730158,,,,1.1408730158730158,
IND673632AAA,IND676306AAA,1.100250626566416,2.0,163.0,19.907500000000002,4,1.100250626566416,,,,1.100250626566416,
IND673632AAA,IND683511AAA,1.7303030303030305,120.5,45.5,164.83585,6,,1.7303030303030305,,,,1.7303030303030305
IND676306AAA,IND676509AAA,1.7,14.0,4.0,20.5067,7,1.7,,,,2.0,1.4285714285714286
IND676509AAA,IND678583AAA,1.181818181818182,6.0,24.0,33.4675,1,1.181818181818182,,,,,1.181818181818182
IND676509AAA,IND679322AAA,2.095238095238096,23.0,9.0,21.070400000000003,3,2.095238095238096,,,,,2.095238095238096
IND678683AAA,IND000000ABD,1.2121212121212122,7.0,35.0,32.2254,13,,1.2121212121212122,,,,1.2121212121212122
IND679303AAA,IND679531AAA,2.564705882352941,28.0,13.0,16.738100000000003,14,2.564705882352941,,,,,2.564705882352941
IND679322AAA,IND673639AAA,2.230769230769231,48.0,2.0,39.0028,1,2.230769230769231,,,,,2.230769230769231
IND679329AAA,IND673639AAA,1.619047619047619,13.0,4.0,22.4575,3,1.619047619047619,,,,,1.619047619047619
IND679531AAA,IND680587AAA,1.36,9.0,18.0,21.198,15,1.36,,,,,1.36
IND680012AAA,IND679303AAA,1.4385964912280702,25.0,14.0,54.9834,11,1.4385964912280702,,,,,1.4385964912280702
IND68004AAA,IND678683AAA,2.419590643274854,52.5,31.0,32.89785,14,,2.419590643274854,,,,2.419590643274854
IND68004AAA,IND683511AAA,2.3564814814814814,69.0,45.5,55.4136,10,2.3564814814814814,,,2.2962962962962963,,2.4423076923076925
IND680104AAA,IND679576AAA,1.4705882352941178,16.0,30.0,30.2562,17,,1.4705882352941178,,,,1.4705882352941178
IND680307AAA,IND680712AAA,1.619047619047619,13.0,20.0,19.3533,7,1.619047619047619,,,,,1.619047619047619
IND680307AAA,IND683511AAA,1.6666666666666667,12.0,106.0,21.4975,5,1.6666666666666667,,,,,1.6666666666666667
IND680587AAA,IND68004AAA,1.8653846153846152,35.0,27.0,42.49605,10,1.8653846153846152,,,,,1.8653846153846152
IND680587AAA,IND683511AAA,2.7,136.0,33.5,91.67695,4,2.7,,,,,2.7
IND680712AAA,IND683511AAA,1.6578947368421053,25.0,24.0,41.6721,9,1.6578947368421053,,,,,1.6578947368421053
IND683511AAA,IND000000ABA,1.1829810901001112,5.5,424.0,28.72545,16,1.1829810901001112,,1.1612903225806452,,1.1935483870967742,
IND683511AAA,IND000000ADM,1.4615384615384617,12.0,406.0,22.2497,13,1.4615384615384617,,1.76,,1.3599999999999999,
IND683511AAA,IND562132AAA,2.062069097594607,454.0,136.0,483.47540000000004,10,,2.062069097594607,,2.062069097594607,,
IND683511AAA,IND680012AAA,1.4736842105263157,27.0,355.0,59.4959,11,1.4736842105263157,,1.5272727272727271,,1.4732057416267943,
IND683511AAA,IND68004AAA,1.4,20.0,373.0,53.6268,13,,1.4,1.41875,,1.18,
IND683511AAA,IND680104AAA,1.4969135802469136,40.0,325.5,79.79155,16,,1.4969135802469136,1.4969135802469136,,1.5429754649163931,
IND683511AAA,IND686028AAB,1.9873417721518989,78.0,255.0,80.2878,7,,1.9873417721518989,1.9375791139240506,1.9873417721518989,,
IND683565AAA,IND683511AAA,1.894736842105263,17.0,26.0,15.8113,13,1.894736842105263,,,,,1.894736842105263
IND683572AAA,IND680307AAA,1.3636363636363635,4.0,21.0,13.4205,13,1.3636363636363635,,,,,1.3636363636363635
IND685514AAA,IND625008AAA,1.5294117647058822,90.0,60.0,151.1178,9,,1.5294117647058822,,1.5823529411764703,,1.5057773109243697
IND686028AAB,IND686632AAA,6.095238095238095,107.0,271.0,21.2599,1,,6.095238095238095,,,6.095238095238095,
IND686028AAB,IND689101AAA,1.3675000000000002,9.0,86.5,26.97595,16,1.3675000000000002,,,,1.3675000000000002,
IND686507AAA,IND686513AAA,2.375,12.0,22.0,13.0191,15,2.375,,,,,2.375
IND686507AAA,IND686540AAA,1.6538461538461535,17.0,34.0,26.7197,1,1.6538461538461535,,,,,1.6538461538461535
IND686513AAA,IND686507AAA,2.8,18.0,2.0,14.0458,1,2.8,,,,,2.8
IND686513AAA,IND686540AAA,2.2285714285714286,43.0,16.0,39.8562,8,2.2285714285714286,,,,,2.2285714285714286
IND686540AAA,IND686028AAB,1.9459064327485383,17.5,596.0,19.7342,2,1.9459064327485383,,,,,1.9459064327485383
IND686632AAA,IND686141AAA,2.5,30.0,7.0,21.8507,1,,2.5,,,,2.5
IND688009AAA,IND686028AAB,3.6755050505050506,119.0,646.0,45.36175,16,3.6755050505050506,,,,,3.6755050505050506
IND688524AAA,IND683511AAA,2.269230769230769,66.0,40.0,54.2155,7,,2.269230769230769,,,,2.269230769230769
IND689101AAA,IND689650AAA,1.3666666666666667,5.5,43.5,16.116600000000002,6,1.3666666666666667,,,,,1.3666666666666667
IND689101AAA,IND690548AAA,1.44,11.0,34.5,25.1496,4,1.44,,,,,1.44
IND689503AAB,IND683511AAA,2.25,150.0,82.0,125.4579,1,,2.25,,,,2.25
IND689645AAA,IND691551AAA,1.6666666666666667,16.0,22.0,26.5495,15,1.6666666666666667,,,,,1.6666666666666667
IND689650AAA,IND690548AAA,1.6046511627906976,26.0,6.0,41.879,3,1.6046511627906976,,,,,1.6046511627906976
IND690537AAA,IND689503AAB,2.071428571428572,30.0,33.0,28.2977,1,,2.071428571428572,,,,2.071428571428572
IND690548AAA,IND688009AAA,1.21875,7.0,25.0,28.1353,15,1.21875,,,,,1.21875
IND691001AAB,IND683511AAA,1.255952380952381,43.0,218.0,175.9663,9,,1.255952380952381,1.2142857142857142,,1.3735383206537053,
IND691001AAB,IND690573AAA,1.0810810810810811,3.0,123.0,30.4345,1,,1.0810810810810811,,,1.0810810810810811,
IND691001AAB,IND691506AAA,1.36,9.0,136.0,23.4979,21,1.36,,,,1.36,
IND691001AAB,IND695012AAA,1.34375,22.0,17.0,63.5282,1,,1.34375,,,1.34375,
IND691305AAA,IND689645AAA,2.269230769230769,33.0,17.0,29.1326,15,2.269230769230769,,,,,2.269230769230769
IND691305AAA,IND691551AAA,4.0,81.0,17.0,28.8962,1,4.0,,,,,4.0
IND691506AAA,IND691305AAA,1.5278637770897832,9.5,14.5,17.80335,20,1.5278637770897832,,,,,1.5278637770897832
IND691551AAA,IND691001AAB,2.431578947368421,57.0,620.5,41.65145,20,2.431578947368421,,,,,2.431578947368421
IND691574AAA,IND695614AAA,1.55,11.0,17.0,21.6803,21,1.55,,,,,1.55
IND695012AAA,IND691001AAB,1.5470085470085468,35.0,71.0,63.7633,12,,1.5470085470085468,1.5384615384615383,,1.7076923076923076,
IND695012AAA,IND695101AAB,2.4230769230769234,37.0,647.0,28.2589,2,2.4230769230769234,,,,2.6153846153846154,2.230769230769231
IND695012AAB,IND695012AAA,3.3,46.0,271.0,13.8356,3,3.3,,,,,3.3
IND695101AAB,IND691574AAA,1.2583333333333333,4.0,26.0,14.506599999999999,20,1.2583333333333333,,,,,1.2583333333333333
IND695101AAB,IND695012AAA,9.0,248.0,27.0,33.6594,1,9.0,,,,,9.0
IND695121AAA,IND695541AAA,1.6363636363636365,21.0,44.0,30.6281,1,1.6363636363636365,,,,,1.6363636363636365
IND695121AAA,IND695572AAB,1.7333333333333334,11.0,30.0,12.7026,17,1.7333333333333334,,,,,1.7333333333333334
IND695541AAA,IND695012AAA,3.1333333333333333,32.0,27.0,14.8704,1,3.1333333333333333,,,,,3.1333333333333333
IND695541AAA,IND695572AAB,1.318181818181818,7.0,56.0,20.6558,1,1.318181818181818,,,,,1.318181818181818
IND695572AAB,IND000000AFJ,1.6923076923076923,18.0,22.0,22.0203,1,1.6923076923076923,,,,,1.6923076923076923
IND695572AAB,IND695541AAA,1.4761904761904765,10.0,19.0,20.2082,13,1.4761904761904765,,,,,1.4761904761904765
IND695582AAA,IND691574AAA,1.6666666666666667,26.0,3.0,35.4313,1,1.6666666666666667,,,,1.6666666666666667,
IND695582AAA,IND695101AAB,1.1428571428571428,3.0,28.0,19.5127,19,1.1428571428571428,,,,1.173913043478261,1.094155844155844
IND695609AAA,IND695012AAA,2.076923076923077,42.0,16.0,34.433800000000005,3,2.076923076923077,,,,,2.076923076923077
IND695614AAA,IND695609AAA,1.3157894736842106,6.0,16.0,15.3016,3,1.3157894736842106,,,,,1.3157894736842106
IND700026AAC,IND700065AAA,1.5952380952380953,11.5,27.0,14.16295,2,1.5952380952380953,,,2.0,1.1904761904761905,
IND700026AAC,IND712311AAA,5.344771241830065,151.5,95.0,33.95815,4,5.344771241830065,,,6.46939586645469,,4.013888888888889
IND700028AAB,IND712311AAA,4.473684210526316,63.0,61.0,22.7463,11,4.473684210526316,,,5.277777777777778,23.63157894736842,2.9411764705882355
IND700053AAA,IND700136AAB,2.5517241379310347,45.0,760.0,29.593,1,2.5517241379310347,,,2.5517241379310347,,
IND700053AAA,IND700144AAA,2.3157894736842106,50.0,84.0,29.3944,5,,2.3157894736842106,,,2.236842105263158,3.4943100995732577
IND700053AAA,IND712311AAA,7.5264367816091955,190.0,87.5,29.081049999999998,6,7.5264367816091955,,9.689655172413794,6.586206896551724,2.0,
IND700053AAA,IND743513AAA,3.0,51.0,35.0,31.329950000000004,4,3.0,,,,3.0,
IND700065AAA,IND700026AAC,2.1873065015479876,21.5,12.5,12.34675,2,2.1873065015479876,,,,2.1873065015479876,
IND700065AAA,IND712311AAA,3.7386363636363633,57.5,139.5,21.899250000000002,24,3.7386363636363633,,4.833333333333334,3.9782608695652173,2.5995670995671,2.5857142857142863
IND700065AAB,IND712310AAA,5.416666666666667,106.0,70.0,22.3084,15,5.416666666666667,,5.416666666666667,,,
IND700088AAA,IND712311AAA,3.5172413793103448,73.0,253.0,29.6182,9,3.5172413793103448,,3.607142857142857,,3.103448275862069,
IND700136AAB,IND712311AAA,5.535714285714286,127.0,187.0,29.8727,1,5.535714285714286,,5.535714285714286,,,
IND700136AAG,IND712310AAA,4.2631578947368425,64.0,64.0,23.5903,23,4.2631578947368425,,4.238888888888889,,4.2631578947368425,
IND700144AAA,IND743395AAA,3.047619047619048,41.0,86.0,22.008850000000002,4,,3.047619047619048,,,,3.047619047619048
IND711303AAA,IND721134AAB,0.8333333333333334,-6.0,36.0,44.986,17,0.8333333333333334,,,,,0.8333333333333334
IND712103AAA,IND712124AAA,2.363636363636364,15.0,77.0,11.4154,1,2.363636363636364,,,2.363636363636364,,
IND712103AAA,IND712310AAE,3.655172413793104,77.0,29.0,31.4579,23,3.655172413793104,,,3.7666666666666666,,3.066666666666667
IND712124AAA,IND712103AAA,2.833333333333333,20.0,25.0,11.6433,25,2.833333333333333,,2.8,2.9545454545454546,,2.727272727272727
IND712124AAA,IND712310AAE,4.818181818181818,84.0,41.0,19.0162,3,4.818181818181818,,,4.370629370629371,,8.578947368421053
IND712310AAE,IND711303AAA,2.402439024390244,57.5,56.5,54.09055,18,2.402439024390244,,,,2.402439024390244,
IND712310AAE,IND711409AAA,1.1875,3.0,47.0,19.579,1,1.1875,,,,,1.1875
IND712310AAE,IND712103AAA,3.533333333333333,76.0,32.0,31.1943,1,3.533333333333333,,,,,3.533333333333333
IND712310AAE,IND712124AAA,3.730994152046783,50.5,49.0,19.128600000000002,30,3.730994152046783,,,3.1578947368421053,4.0,3.7777777777777777
IND712311AAA,IND000000ACB,1.8842504743833015,932.0,212.0,1435.1908999999998,11,,1.8842504743833015,1.8842504743833015,,,
IND712311AAA,IND421302AAG,2.3087248322147653,1755.0,521.0,1884.2165,5,,2.3087248322147653,,,2.4077156202802588,2.282835820895522
IND712311AAA,IND700026AAC,2.5,54.0,69.0,33.6401,29,2.5,,2.333333333333333,,2.117647058823529,2.9411764705882355
IND712311AAA,IND700028AAB,3.526315789473684,48.0,54.0,18.9277,23,3.526315789473684,,6.947368421052632,,4.226006191950464,3.0789473684210527
IND712311AAA,IND700053AAA,2.8,54.0,62.0,29.399,15,2.8,,5.966666666666667,,3.203817733990148,2.7666666666666666
IND712311AAA,IND700065AAA,3.363636363636364,52.0,64.0,21.2211,29,3.363636363636364,,5.458498023715415,,3.2857142857142856,3.272727272727273
IND712311AAA,IND700088AAA,3.586206896551724,75.0,179.0,29.5091,30,3.586206896551724,,4.0281609195402295,3.362068965517241,3.3793103448275863,4.137931034482759
IND712311AAA,IND712310AAE,1.6666666666666667,8.0,86.0,12.8884,1,1.6666666666666667,,,,1.6666666666666667,
IND712311AAA,IND712410AAC,5.25,153.0,29.0,44.4175,9,,5.25,,,,5.25
IND712311AAA,IND713103AAA,2.1633547632963177,68.0,257.5,82.56360000000001,6,,2.1633547632963177,2.1293103448275863,,2.296610169491525,
IND712311AAA,IND713145AAB,2.108108108108108,82.0,76.0,90.912,3,,2.108108108108108,,,2.108108108108108,
IND712311AAA,IND713205AAB,2.119047619047619,117.5,123.5,148.64210000000003,12,,2.119047619047619,1.933917340521114,2.123809523809524,2.1333333333333333,
IND712311AAA,IND721306AAA,2.089108910891089,110.0,273.0,130.64339999999999,14,,2.089108910891089,2.0394098233352747,,2.103377984857309,
IND712311AAA,IND732103AAB,2.800925925925926,389.0,174.0,304.3677,3,,2.800925925925926,,2.733021102497847,,3.0651162790697675
IND712311AAA,IND742101AAC,2.848887234218582,287.5,117.0,215.51875,8,,2.848887234218582,,2.848887234218582,,
IND712311AAA,IND742102AAB,3.151898734177215,340.0,124.0,215.4741,3,,3.151898734177215,,3.151898734177215,,
IND712311AAA,IND743235AAA,2.586206896551724,92.0,37.0,79.817,5,,2.586206896551724,,,2.586206896551724,
IND712311AAA,IND751002AAB,1.9193548387096773,285.0,163.0,434.5664,27,,1.9193548387096773,,,2.2492012779552715,1.9096774193548387
IND712311AAA,IND781018AAB,3.186663403630482,1499.0,531.5,953.4926499999999,8,,3.186663403630482,,,3.466618287373004,3.087644598113288
IND712311AAA,IND821115AAB,1.6878048780487804,282.0,271.0,564.3462,1,,1.6878048780487804,,,,1.6878048780487804
IND712311AAA,IND826004AAA,1.7840909090909092,138.0,175.0,249.7493,7,,1.7840909090909092,,,,1.7840909090909092
IND712311AAA,IND834002AAB,2.347670250896057,376.0,161.0,393.7804,13,,2.347670250896057,2.1779359430604983,,2.3553297873697367,
IND712406AAA,IND712602AAA,2.3225806451612905,41.0,2.0,30.8105,3,,2.3225806451612905,,2.3225806451612905,,
IND712406AAA,IND712612AAA,2.577777777777778,71.0,4.0,43.541,1,,2.577777777777778,,2.577777777777778,,
IND712410AAC,IND712406AAA,1.6375338753387534,23.5,22.0,37.1378,6,,1.6375338753387534,,1.6375338753387534,,
IND712602AAA,IND712311AAA,5.206896551724138,244.0,565.0,61.4109,1,,5.206896551724138,5.206896551724138,,,
IND712602AAA,IND722154AAA,3.269230769230769,58.0,2.0,27.789450000000002,2,,3.269230769230769,,3.269230769230769,,
IND712612AAA,IND722154AAA,1.6842105263157894,13.0,2.0,19.7134,3,,1.6842105263157894,,1.6842105263157894,,
IND713103AAA,IND713205AAB,2.007300792657489,49.5,9.0,69.79105,4,,2.007300792657489,,,2.07843137254902,1.9361702127659572
IND713128AAB,IND731204AAB,2.888888888888889,36.0,30.0,24.96,13,,2.888888888888889,,2.8,,3.8333333333333335
IND713128AAB,IND731301AAA,4.0285714285714285,106.0,30.0,40.8526,3,,4.0285714285714285,,3.611111111111111,,4.385714285714286
IND713130AAA,IND741123AAB,2.09375,70.0,40.0,73.1617,17,2.09375,,,,2.03125,2.1640625
IND713130AAA,IND741126AAB,3.6666666666666665,184.0,52.0,81.7059,1,3.6666666666666665,,,,,3.6666666666666665
IND713145AAB,IND741101AAB,2.088235294117647,37.0,8.0,37.7374,1,,2.088235294117647,,,,2.088235294117647
IND713145AAB,IND741316AAA,1.591485507246377,14.0,11.5,25.98685,2,,1.591485507246377,,,,1.591485507246377
IND713148AAA,IND713128AAB,2.638888888888889,59.0,18.0,41.0168,17,,2.638888888888889,,2.628571428571429,,2.6527777777777777
IND713205AAB,IND712311AAA,7.5160826594788865,687.5,282.5,148.60935,12,,7.5160826594788865,7.622641509433962,,,1.7692307692307692
IND713205AAB,IND713148AAA,4.444444444444445,62.0,63.0,22.3882,3,,4.444444444444445,,,,4.444444444444445
IND713205AAB,IND713303AAA,2.6538461538461537,43.0,43.0,36.3498,5,,2.6538461538461537,,,,2.6538461538461537
IND713205AAB,IND722101AAA,2.7594442032132003,85.0,161.0,49.192350000000005,2,2.7594442032132003,,,,3.306122448979592,2.2127659574468086
IND713205AAB,IND722101AAB,5.62,231.0,22.0,52.231300000000005,1,5.62,,,,,5.62
IND713205AAB,IND722101AAC,2.607843137254902,82.0,49.0,53.2499,5,2.607843137254902,,,,1.6122448979591837,2.7745098039215685
IND713205AAB,IND722122AAA,2.557142857142857,109.0,91.0,80.4067,1,2.557142857142857,,,,,2.557142857142857
IND713205AAB,IND722143AAB,3.72,68.0,57.0,32.4446,9,,3.72,,,2.9904347826086957,3.84
IND713205AAB,IND722202AAA,3.1527777777777777,40.0,50.0,17.4869,4,3.1527777777777777,,,,,3.1527777777777777
IND713205AAB,IND723130AAA,3.316391275611368,203.5,246.5,110.6939,2,,3.316391275611368,,,4.303370786516854,2.3294117647058825
IND713205AAB,IND723133AAA,2.591549295774648,113.0,131.0,82.39,1,,2.591549295774648,,,2.591549295774648,
IND713303AAA,IND713364AAB,4.166666666666666,57.0,22.5,23.33255,6,,4.166666666666666,,4.611111111111111,,4.0
IND713364AAB,IND712311AAA,4.424325434871935,507.0,63.0,207.47935,12,,4.424325434871935,,1.86986301369863,,4.832214765100671
IND721102AAA,IND712311AAA,7.9,621.0,58.0,125.3268,13,,7.9,3.193548387096774,,,8.073655913978495
IND721133AAA,IND721434AAB,2.9147633234028465,104.5,18.5,55.6613,2,,2.9147633234028465,,,,2.9147633234028465
IND721134AAB,IND712310AAE,2.9074074074074074,103.0,184.0,68.92110000000001,1,2.9074074074074074,,,,,2.9074074074074074
IND721134AAB,IND721139AAC,1.6125,10.0,23.0,18.41035,16,1.6125,,,,,1.6125
IND721139AAC,IND721602AAB,2.827966101694915,108.5,43.5,70.58865,2,2.827966101694915,,,,,2.827966101694915
IND721139AAC,IND721636AAB,2.857142857142857,65.0,30.0,43.314800000000005,1,2.857142857142857,,,,,2.857142857142857
IND721212AAA,IND712310AAE,2.326666666666666,99.5,19.5,100.27135,10,2.326666666666666,,,,,2.326666666666666
IND721253AAC,IND721306AAA,2.515151515151515,52.0,53.0,52.5072,11,,2.515151515151515,2.7904761904761903,2.238095238095238,,
IND721253AAC,IND721501AAC,1.7849462365591398,73.0,19.0,101.1111,1,,1.7849462365591398,,1.7849462365591398,,
IND721306AAA,IND721102AAA,2.0,18.0,46.0,18.9178,5,,2.0,,5.222222222222222,,1.9444444444444444
IND721306AAA,IND721133AAA,2.167763157894737,20.5,42.5,19.788800000000002,2,,2.167763157894737,,,,2.167763157894737
IND721306AAA,IND721253AAC,3.238095238095238,94.0,32.0,52.998,1,,3.238095238095238,,,,3.238095238095238
IND721306AAA,IND721507AAA,2.3404255319148937,63.0,31.0,50.4425,13,,2.3404255319148937,,1.9090909090909087,,2.4893617021276597
IND721401AAA,IND721306AAA,1.9301957831325303,75.5,33.0,88.13534999999999,2,,1.9301957831325303,,1.9301957831325303,,
IND721434AAB,IND721401AAA,2.4699999999999998,73.5,21.0,49.69545,2,,2.4699999999999998,,2.4699999999999998,,
IND721501AAC,IND721253AAC,1.8853917821309125,81.0,9.5,100.69075000000001,6,,1.8853917821309125,,1.8853917821309125,,
IND721501AAC,IND721306AAA,1.9090909090909087,80.0,5.0,98.5015,1,,1.9090909090909087,,1.9090909090909087,,
IND721602AAB,IND721139AAC,1.7979166666666666,49.5,16.0,70.1466,4,1.7979166666666666,,,1.7979166666666666,,
IND721636AAB,IND721602AAB,1.195121951219512,8.0,20.0,34.918800000000005,3,1.195121951219512,,,1.0737514518002322,,1.875
IND722101AAA,IND722122AAA,1.8852657004830917,17.0,7.0,31.4585,8,1.8852657004830917,,,2.0722222222222224,,1.8130434782608695
IND722101AAB,IND713205AAB,1.5555555555555556,25.0,8.0,50.6013,1,1.5555555555555556,,,,,1.5555555555555556
IND722122AAA,IND713205AAB,1.9642857142857142,67.5,19.0,85.62435,8,1.9642857142857142,,,1.8857142857142857,,2.085714285714286
IND722140AAA,IND722151AAA,0.9545454545454546,-2.0,26.0,46.1753,9,,0.9545454545454546,1.068181818181818,0.9302325581395348,,0.9545454545454546
IND722140AAA,IND723130AAA,19.130434782608692,1251.0,16.0,77.2476,1,,19.130434782608692,,19.130434782608692,,
IND722143AAB,IND723133AAA,1.3997599039615847,20.5,33.5,45.16095,10,,1.3997599039615847,,,,1.3997599039615847
IND722151AAA,IND723130AAA,15.060049019607842,984.0,24.0,89.35215,8,,15.060049019607842,13.457142857142856,16.359937888198758,,1.536231884057971
IND722154AAA,IND712311AAA,5.162790697674419,358.0,337.0,93.142,1,,5.162790697674419,,5.162790697674419,,
IND722154AAA,IND712602AAA,2.071428571428572,30.0,54.0,31.1137,1,,2.071428571428572,,2.071428571428572,,
IND722202AAA,IND713205AAB,2.7058823529411766,29.0,12.0,20.1729,1,2.7058823529411766,,,,,2.7058823529411766
IND722202AAA,IND722101AAC,1.5091954022988505,15.0,4.5,32.539,4,1.5091954022988505,,,,,1.5091954022988505
IND723101AAA,IND723202AAA,1.7948717948717952,31.0,22.0,46.3378,14,,1.7948717948717952,,1.7435897435897436,,1.9230769230769231
IND723130AAA,IND723101AAA,2.0476190476190474,22.0,27.0,30.532,15,,2.0476190476190474,,2.619047619047619,,1.7142857142857142
IND723130AAA,IND723131AAA,1.1008163265306123,5.0,29.5,33.8794,6,,1.1008163265306123,,1.12,,0.8958333333333334
IND723131AAA,IND722140AAA,1.3331653225806452,10.5,19.5,33.69365,12,,1.3331653225806452,,1.34375,,1.2903225806451613
IND723133AAA,IND723130AAA,1.4,18.0,13.0,30.3566,13,,1.4,,1.7954545454545454,,1.1704545454545456
IND723202AAA,IND713205AAB,2.250156739811912,180.5,34.5,195.4612,14,,2.250156739811912,1.7986111111111112,2.29514742014742,,1.7534246575342465
IND731204AAB,IND731301AAA,2.4285714285714284,30.0,30.0,19.0581,13,,2.4285714285714284,,2.5,,1.619047619047619
IND731224AAA,IND742147AAA,2.25,37.0,23.0,29.1167,11,2.25,,,,2.4375,2.221774193548387
IND731237AAB,IND731224AAA,3.0,40.0,20.0,28.0433,15,3.0,,,,3.0842105263157893,3.0
IND731301AAA,IND713205AAB,1.943661971830986,67.0,24.0,76.5807,19,,1.943661971830986,1.943661971830986,1.8428571428571427,,2.157142857142857
IND732103AAA,IND732138AAA,2.8513513513513518,68.5,29.0,40.13805000000001,2,,2.8513513513513518,,,,2.8513513513513518
IND732103AAB,IND732123AAC,3.895522388059701,194.0,75.0,63.8145,1,3.895522388059701,,,3.895522388059701,,
IND732103AAB,IND732202AAA,4.111111111111111,56.5,37.0,23.783250000000002,8,4.111111111111111,,,,4.111111111111111,3.7777777777777777
IND732103AAB,IND733128AAA,2.282608695652174,59.0,39.5,62.049350000000004,6,2.282608695652174,,,,2.282608695652174,
IND732123AAC,IND732139AAA,1.3529411764705883,6.0,27.0,11.7622,1,1.3529411764705883,,,,,1.3529411764705883
IND732138AAA,IND733102AAA,2.0600358422939067,66.5,8.5,60.16355,2,,2.0600358422939067,,2.555555555555556,,1.564516129032258
IND732138AAA,IND733124AAA,2.0277777777777777,37.0,7.0,41.021800000000006,3,2.0727124183006533,1.805555555555556,,,,2.0277777777777777
IND732138AAA,IND733140AAA,2.500598086124402,62.0,1.5,48.24595,2,2.500598086124402,,,,,2.500598086124402
IND732139AAA,IND732103AAB,3.9696969696969697,196.0,60.0,60.133300000000006,1,3.9696969696969697,,,,,3.9696969696969697
IND732139AAA,IND732123AAC,1.3157894736842106,6.0,21.0,12.792,1,1.3157894736842106,,,,,1.3157894736842106
IND732202AAA,IND732204AAB,2.933333333333333,29.0,25.0,20.4319,11,2.933333333333333,,,2.6,,3.0
IND732204AAB,IND732123AAC,1.9086509376890501,52.5,14.5,50.2299,2,1.9086509376890501,,,,,1.9086509376890501
IND732204AAB,IND732139AAA,0.6323787258912916,-21.5,48.0,40.521,6,0.6323787258912916,,,,,0.6323787258912916
IND733102AAA,IND732103AAB,3.075,166.0,59.0,108.6367,1,3.075,,,,,3.075
IND733128AAA,IND733129AAB,2.479432624113475,68.0,10.5,53.3454,2,2.479432624113475,,,,,2.479432624113475
IND733128AAA,IND733134AAA,1.809523809523809,17.0,36.0,26.6655,5,1.809523809523809,,,,,1.809523809523809
IND733129AAA,IND732103AAB,4.124515503875969,136.5,35.5,60.44715000000001,4,4.124515503875969,,,2.6666666666666665,,4.458333333333333
IND733129AAB,IND733129AAA,1.9523809523809523,20.0,11.0,24.7278,5,1.9523809523809523,,,2.0,,1.8608058608058609
IND733134AAA,IND733129AAB,1.4782608695652173,11.0,39.0,23.596400000000003,3,1.4782608695652173,,,,,1.4782608695652173
IND733140AAA,IND732103AAA,2.8545454545454545,102.0,583.0,77.8815,1,,2.8545454545454545,2.8545454545454545,,,
IND733140AAA,IND733102AAA,1.7826086956521738,19.0,13.0,33.376,9,1.8113043478260868,1.5,,,,1.7826086956521738
IND733201AAA,IND733202AAB,2.0,42.0,15.0,59.9294,1,,2.0,,2.0,,
IND733202AAB,IND733210AAA,1.3225806451612905,10.0,19.0,30.623,1,,1.3225806451612905,,1.3225806451612905,,
IND733202AAC,IND733210AAA,2.1538461538461537,30.0,22.0,25.6387,1,,2.1538461538461537,,2.1538461538461537,,
IND734214AAB,IND000000AFF,3.1794871794871797,82.0,14.0,40.4697,3,,3.1794871794871797,,3.1794871794871797,,
IND735224AAA,IND736146AAA,1.494047619047619,24.0,8.0,57.716049999999996,8,,1.494047619047619,,1.494047619047619,,
IND736135AAA,IND736101AAA,2.0890269151138714,24.5,20.5,22.63475,6,,2.0890269151138714,1.92,2.130434782608696,,
IND736135AAA,IND736165AAA,2.5526315789473686,59.0,16.0,38.8109,5,,2.5526315789473686,,2.5526315789473686,,
IND736146AAA,IND736135AAA,1.6315789473684212,36.0,40.5,52.1802,8,,1.6315789473684212,,1.6315789473684212,,
IND741101AAB,IND741502AAB,2.6666666666666665,20.0,24.0,16.773400000000002,1,,2.6666666666666665,,,,2.6666666666666665
IND741121AAA,IND741201AAC,2.789473684210526,34.0,12.0,20.7476,1,,2.789473684210526,,,,2.789473684210526
IND741123AAB,IND741126AAB,2.4157196969696972,46.0,23.5,43.6723,18,2.4157196969696972,,,,,2.4157196969696972
IND741126AAB,IND741156AAA,2.5588235294117645,25.5,23.5,23.83095,20,2.5588235294117645,,,2.176470588235294,,2.627450980392157
IND741156AAA,IND742101AAC,2.6875,54.0,53.0,44.29815,8,2.6875,,,2.064516129032258,,2.8125
IND741156AAA,IND742102AAB,3.333333333333333,77.0,41.0,45.213800000000006,13,3.333333333333333,,,2.954545454545454,,3.647058823529412
IND741165AAB,IND742121AAB,1.1851851851851851,15.0,29.0,92.9477,15,1.1851851851851851,,,,,1.1851851851851851
IND741201AAC,IND712311AAA,15.271929824561402,813.5,66.0,80.20495,4,,15.271929824561402,,14.298245614035087,,15.807017543859647
IND742101AAC,IND712311AAA,2.919254658385093,304.0,189.0,218.2368,7,,2.919254658385093,2.919254658385093,,,
IND742101AAC,IND713130AAA,1.684782608695652,63.0,59.0,96.0117,3,1.684782608695652,,,,1.684782608695652,
IND742101AAC,IND731237AAB,2.6333333333333333,49.0,43.0,42.0135,7,2.6333333333333333,,,,2.6333333333333333,
IND742101AAC,IND741123AAB,2.9166666666666665,230.0,72.0,167.1225,1,2.9166666666666665,,,,2.9166666666666665,
IND742101AAC,IND742202AAA,2.566666666666667,94.0,136.0,83.81660000000001,1,,2.566666666666667,2.566666666666667,,,
IND742101AAC,IND742303AAB,2.5,42.0,85.0,38.274,7,2.5,,,,2.5,
IND742102AAB,IND712311AAA,2.59375,255.0,233.0,218.87335000000002,4,,2.59375,2.61875,,2.38125,
IND742102AAB,IND713130AAA,2.010752688172043,94.0,37.0,96.5407,13,2.010752688172043,,,,2.010752688172043,
IND742102AAB,IND731237AAB,2.838709677419355,57.0,60.0,42.2272,11,2.838709677419355,,,,2.838709677419355,
IND742102AAB,IND742121AAB,4.621951219512195,297.0,75.0,100.8377,1,4.621951219512195,,,,4.621951219512195,
IND742102AAB,IND742303AAB,2.070197044334976,30.5,62.5,38.167950000000005,12,2.070197044334976,,,,2.070197044334976,
IND742121AAA,IND742101AAC,3.6818181818181817,54.5,27.0,25.135550000000002,6,3.6818181818181817,,,,,3.6818181818181817
IND742121AAA,IND742102AAB,3.840909090909091,62.5,28.5,25.36215,12,3.840909090909091,,,4.181818181818182,,3.727272727272727
IND742121AAB,IND742101AAC,3.388888888888889,86.0,23.0,40.9957,1,3.388888888888889,,,,,3.388888888888889
IND742121AAB,IND742121AAA,3.1538461538461537,28.5,32.0,14.441849999999999,16,3.1538461538461537,,,,,3.1538461538461537
IND742137AAA,IND742401AAA,2.3089743589743588,37.5,9.5,26.84795,6,2.3089743589743588,,,,,2.3089743589743588
IND742147AAA,IND742137AAA,1.8333333333333333,15.0,7.0,15.5169,3,1.8333333333333333,,,,,1.8333333333333333
IND742148AAA,IND742225AAA,3.5,35.0,22.0,20.6788,16,3.5,,,,5.314285714285715,3.25
IND742149AAA,IND742148AAA,2.821428571428571,34.5,42.0,29.181600000000003,14,2.821428571428571,,,,2.833333333333333,2.8095238095238093
IND742149AAA,IND742225AAA,4.1,124.0,53.0,54.9441,1,4.1,,,,4.1,
IND742202AAA,IND712311AAA,2.9034383777277077,342.5,153.0,253.411,2,,2.9034383777277077,,,,2.9034383777277077
IND742202AAA,IND732103AAA,4.722222222222222,134.0,50.0,51.1885,1,,4.722222222222222,,,4.722222222222222,
IND742223AAA,IND742226AAA,1.5227272727272727,23.0,36.0,46.005300000000005,17,1.5227272727272727,,,1.5909090909090908,,1.5169191919191918
IND742225AAA,IND742223AAA,4.611111111111111,33.0,20.0,13.9083,16,4.611111111111111,,,,,4.611111111111111
IND742226AAA,IND742101AAC,2.0945945945945947,40.5,45.0,33.30995,6,2.0945945945945947,,,,,2.0945945945945947
IND742226AAA,IND742102AAB,2.2285714285714286,43.0,43.0,33.2894,13,2.2285714285714286,,,3.0448717948717947,,2.027027027027027
IND742303AAB,IND741165AAB,3.1870554765291605,82.0,42.0,53.0193,18,3.1870554765291605,,,,3.065433854907539,3.3341216216216214
IND742401AAA,IND742101AAC,3.067796610169492,122.0,30.0,63.5561,5,3.067796610169492,,,,,3.067796610169492
IND742401AAA,IND742102AAB,3.0151515151515156,133.0,53.5,63.38035,12,3.0151515151515156,,,4.355350378787879,,3.0151515151515156
IND743235AAA,IND743270AAA,2.1,18.0,29.5,18.13735,6,,2.1,,,,2.1
IND743270AAA,IND712311AAA,15.35135135135135,1062.0,42.0,98.5604,5,,15.35135135135135,,,,15.35135135135135
IND743347AAA,IND700053AAA,3.6583638583638582,170.0,43.0,83.87065,6,3.6583638583638582,,,,,3.6583638583638582
IND743395AAA,IND700053AAA,3.4545454545454546,135.0,150.5,55.600300000000004,4,,3.4545454545454546,,5.836363636363636,,3.2363636363636363
IND743513AAA,IND743347AAA,2.0972222222222223,40.0,27.0,52.1252,12,2.0972222222222223,,,,,2.0972222222222223
IND751002AAB,IND530012AAA,1.6707648776925885,222.5,111.0,454.2031,10,,1.6707648776925885,1.6371681415929205,1.693939393939394,,
IND751002AAB,IND562132AAA,2.262511803588291,1337.0,58.0,1423.1406000000002,13,,2.262511803588291,2.3115530303030303,,2.1440341228572803,
IND751002AAB,IND712311AAA,2.0434782608695654,336.0,114.0,433.5997,25,,2.0434782608695654,1.7934782608695652,2.0713276157144778,,1.9285714285714288
IND751002AAB,IND754103AAA,10.121951219512194,374.0,85.0,58.5252,7,,10.121951219512194,10.121951219512194,,,
IND751002AAB,IND756100AAC,1.8296703296703294,75.5,135.5,123.18665,12,,1.8296703296703294,,,,1.8296703296703294
IND751002AAB,IND760003AAB,2.030075187969925,137.5,133.0,181.19455,12,,2.030075187969925,,2.030075187969925,,
IND751014AAA,IND751002AAB,3.0,14.0,39.0,10.7171,5,3.0,,,3.0,,
IND751015AAA,IND751002AAB,2.0,7.0,34.5,10.178149999999999,4,2.0,,,2.0,,
IND751015AAA,IND752050AAA,1.6363636363636365,7.0,34.0,15.095,1,1.6363636363636365,,,,,1.6363636363636365
IND751015AAA,IND752055AAA,1.9347826086956523,21.0,64.0,26.3951,2,1.9347826086956523,,,,,1.9347826086956523
IND751015AAA,IND752056AAA,1.9572192513368982,19.0,48.5,25.29655,6,1.9572192513368982,,,,,1.9572192513368982
IND751021AAA,IND751002AAB,3.2,22.0,542.0,14.1166,1,3.2,,,,,3.2
IND752030AAA,IND754022AAA,1.681818181818182,15.0,7.0,25.5137,1,,1.681818181818182,,,,1.681818181818182
IND752050AAA,IND751002AAB,2.176190476190476,24.0,23.0,29.30995,2,2.176190476190476,,,,,2.176190476190476
IND752050AAA,IND752056AAA,2.333333333333333,8.0,8.0,9.6907,1,2.333333333333333,,,,,2.333333333333333
IND752055AAA,IND751002AAB,1.9230769230769231,24.0,31.0,37.2614,1,1.9230769230769231,,,,,1.9230769230769231
IND752055AAA,IND752050AAA,1.0,0.0,14.0,19.4503,1,1.0,,,,,1.0
IND752056AAA,IND751002AAB,1.894736842105263,17.0,6.0,27.2786,1,1.894736842105263,,,,,1.894736842105263
IND754022AAA,IND751002AAB,2.2413273001508296,64.0,14.0,69.20005,2,,2.2413273001508296,,,,2.2413273001508296
IND754103AAA,IND754142AAA,2.185185185185185,64.0,38.0,57.1658,1,,2.185185185185185,,,2.185185185185185,
IND754142AAA,IND754211AAA,2.9696296296296296,50.5,29.5,37.515950000000004,2,,2.9696296296296296,,,,2.9696296296296296
IND754160AAA,IND754142AAA,2.0,28.0,30.0,30.898,1,,2.0,,,,2.0
IND754202AAA,IND751002AAB,3.2580645161290325,70.0,33.0,38.6596,1,,3.2580645161290325,,3.2580645161290325,,
IND754211AAA,IND754202AAA,2.606060606060606,53.0,6.0,36.1261,1,,2.606060606060606,,,,2.606060606060606
IND756019AAA,IND756029AAA,1.3157894736842106,6.0,64.0,27.9843,1,,1.3157894736842106,1.3157894736842106,,,
IND756019AAA,IND756032AAA,1.5277777777777777,19.0,30.0,51.325300000000006,1,,1.5277777777777777,,1.5277777777777777,,
IND756019AAA,IND757001AAA,2.608695652173913,74.0,54.0,65.5301,1,,2.608695652173913,,2.608695652173913,,
IND756019AAA,IND757025AAA,2.216666666666667,23.0,744.5,27.3447,8,,2.216666666666667,2.0,2.333333333333333,,
IND756019AAA,IND757041AAA,1.140625,9.0,797.0,61.327,1,,1.140625,,1.140625,,
IND756029AAA,IND712311AAA,1.8026315789473684,122.0,466.0,211.2056,1,,1.8026315789473684,1.8026315789473684,,,
IND756032AAA,IND712311AAA,2.375,187.0,88.0,189.0949,9,,2.375,2.375,,,
IND756045AAB,IND756019AAA,1.6875,11.0,22.0,23.0528,1,,1.6875,,1.6875,,
IND756100AAC,IND756045AAB,1.162790697674419,7.0,131.0,42.6292,1,,1.162790697674419,,1.162790697674419,,
IND756100AAC,IND757037AAA,1.3846153846153846,55.0,31.0,192.2839,1,,1.3846153846153846,,,1.3846153846153846,
IND756100AAC,IND758001AAA,2.206280193236715,152.5,103.5,178.94895,4,,2.206280193236715,3.5937271822104213,,2.0344771241830064,
IND756100AAC,IND758034AAA,2.276243093922652,213.0,72.0,243.6903,13,,2.276243093922652,3.298342541436464,,1.9576719576719577,
IND757001AAA,IND757041AAA,1.9199363732767762,40.0,14.5,46.4456,2,,1.9199363732767762,,,,1.9199363732767762
IND757024AAA,IND756019AAA,2.677419354838709,104.0,17.0,82.7979,1,,2.677419354838709,,,,2.677419354838709
IND757025AAA,IND757001AAA,2.088888888888889,19.0,19.5,25.09635,6,,2.088888888888889,,,,2.088888888888889
IND757037AAA,IND756100AAC,2.7831099381901523,214.0,221.5,167.1052,12,,2.7831099381901523,,2.361587907042453,,2.8618552294100885
IND757037AAA,IND758001AAA,1.880952380952381,37.0,21.0,53.2173,1,,1.880952380952381,,,1.880952380952381,
IND757041AAA,IND756019AAA,1.5959183673469388,29.5,323.0,44.65875,4,,1.5959183673469388,,,1.6,1.5918367346938775
IND757041AAA,IND757001AAA,1.761904761904762,32.0,8.0,44.9652,1,,1.761904761904762,,,,1.761904761904762
IND758001AAA,IND757037AAA,2.0,43.0,26.0,54.2271,3,,2.0,,,,2.0
IND758001AAA,IND758035AAA,2.076923076923077,56.0,25.0,72.2535,3,,2.076923076923077,,,,2.076923076923077
IND758034AAA,IND756100AAC,2.0552147239263805,172.0,137.0,224.601,1,,2.0552147239263805,,,,2.0552147239263805
IND758034AAA,IND757037AAA,2.05,94.5,18.5,118.57985,2,,2.05,,,,2.05
IND758034AAA,IND758001AAA,2.127659574468085,53.0,27.0,64.2655,1,,2.127659574468085,,,2.127659574468085,
IND758035AAA,IND758001AAA,1.7142857142857142,35.0,14.0,68.1101,1,,1.7142857142857142,,,,1.7142857142857142
IND759122AAC,IND767017AAA,1.6794871794871795,106.0,121.0,192.3655,1,1.6794871794871795,,,,1.6794871794871795,
IND760003AAB,IND754022AAA,2.76,132.0,263.0,104.374,1,,2.76,2.76,,,
IND760003AAB,IND761020AAA,2.5,21.0,373.0,20.2236,1,,2.5,,,2.5,
IND761200AAA,IND532001AAB,2.144230769230769,59.5,7.5,71.6129,12,,2.144230769230769,2.333333333333333,2.1153846153846154,,
IND762001AAA,IND759122AAC,2.3241758241758244,241.0,84.0,228.744,1,2.3241758241758244,,,2.3241758241758244,,
IND764001AAC,IND764059AAA,2.533333333333333,46.0,13.0,44.0106,7,2.533333333333333,,3.625,2.717741935483871,,2.4166666666666665
IND764020AAC,IND764001AAC,2.25,15.0,7.0,17.1324,1,2.25,,,,,2.25
IND764059AAA,IND764071AAB,1.8888888888888888,8.0,18.0,12.7983,3,1.8888888888888888,,2.125,1.8333333333333333,,
IND764071AAB,IND530012AAA,7.2927555856465816,1354.0,2690.5,315.5729,2,7.2927555856465816,,12.04265402843602,2.5428571428571427,,
IND764071AAB,IND764073AAA,1.6950757575757576,22.5,13.5,46.8806,2,1.6950757575757576,,,1.6950757575757576,,
IND767001AAA,IND762001AAA,2.2,144.0,61.0,169.7732,1,2.2,,,,,2.2
IND767001AAA,IND767017AAA,1.8571428571428568,30.0,39.0,49.2466,3,,1.8571428571428568,,,,1.8571428571428568
IND767017AAA,IND767001AAA,2.4285714285714284,50.0,41.0,49.4966,1,2.4285714285714284,,,,,2.4285714285714284
IND767017AAA,IND768004AAD,2.107189224277832,87.0,628.5,87.1403,2,,2.107189224277832,,,,2.107189224277832
IND768004AAD,IND768028AAA,2.813793103448276,58.0,108.5,43.97515,2,,2.813793103448276,,,2.813793103448276,
IND768004AAD,IND768028AAB,2.53125,49.0,467.0,44.0923,1,,2.53125,2.53125,,,
IND768028AAA,IND767001AAA,0.8289473684210527,-26.0,11.0,162.5882,1,,0.8289473684210527,,,,0.8289473684210527
IND768028AAB,IND767001AAA,0.9802631578947368,-3.0,4.0,162.7031,1,,0.9802631578947368,,,0.9802631578947368,
IND768201AAA,IND770001AAA,4.333333333333333,100.0,22.0,32.3288,1,,4.333333333333333,,,,4.333333333333333
IND768216AAA,IND770001AAA,2.2058823529411766,41.0,7.0,39.775,5,,2.2058823529411766,,,,2.2058823529411766
IND770001AAA,IND770017AAB,1.5530142781597038,34.0,18.0,65.24605,6,,1.5530142781597038,,,,1.5530142781597038
IND781001AAA,IND781018AAB,2.4204204204204203,52.0,43.5,28.43015,10,2.4204204204204203,,,1.2105263157894737,,2.9473684210526314
IND781003AAA,IND781018AAB,3.108108108108108,78.0,37.0,28.2131,3,3.108108108108108,,,,,3.108108108108108
IND781005AAA,IND781018AAB,1.3333333333333333,12.0,51.5,35.461650000000006,10,1.3333333333333333,,,1.3333333333333333,,1.3333333333333333
IND781014AAA,IND781102AAA,2.3153594771241828,23.0,45.5,22.766849999999998,4,2.3153594771241828,,,2.3153594771241828,,
IND781014AAA,IND781124AAA,2.215217391304348,26.0,30.0,33.03685,8,2.215217391304348,,,,,2.215217391304348
IND781018AAA,IND781018AAB,1.0629084967320261,2.0,1367.5,34.0619,2,1.0629084967320261,,,0.8611111111111112,,1.2647058823529411
IND781018AAB,IND110037AAM,2.5298563869992443,2024.0,169.0,1807.9374,17,,2.5298563869992443,,,2.5298563869992443,
IND781018AAB,IND712311AAA,2.9587669623943453,1352.5,387.0,954.9990499999999,6,,2.9587669623943453,3.4674500304117117,2.5297532656023223,2.8415697674418605,
IND781018AAB,IND781003AAA,1.951219512195122,39.0,69.0,32.7961,7,1.951219512195122,,,2.0,0.8444444444444444,0.975609756097561
IND781018AAB,IND781005AAA,1.3222222222222222,14.5,118.5,42.0874,6,1.3222222222222222,,,,1.3,1.4318181818181817
IND781018AAB,IND781022AAA,0.95,-2.0,89.0,40.8809,9,0.95,,,1.0590994371482176,,0.95
IND781018AAB,IND781102AAA,1.3076923076923077,12.0,39.0,42.9364,1,1.3076923076923077,,,1.3076923076923077,,
IND781018AAB,IND781354AAA,1.7037037037037037,38.0,110.0,64.85095,8,,1.7037037037037037,,1.9444444444444444,,1.5
IND781018AAB,IND784001AAA,2.162991346053592,161.0,212.0,177.5864,4,,2.162991346053592,,2.162991346053592,,
IND781018AAB,IND784125AAA,1.7153846153846155,46.5,182.0,80.40955,4,,1.7153846153846155,1.676923076923077,1.7384615384615385,,
IND781018AAB,IND784168AAB,2.28125,287.0,139.0,299.235,1,,2.28125,,2.28125,,
IND781018AAB,IND785001AAA,2.2180984933510186,295.5,258.5,331.44264999999996,2,,2.2180984933510186,,,,2.2180984933510186
IND781018AAB,IND785612AAB,2.5335275835275834,300.5,261.5,265.5495,2,,2.5335275835275834,,,,2.5335275835275834
IND781018AAB,IND785621AAA,1.943722943722944,218.0,269.0,312.81690000000003,1,,1.943722943722944,,,,1.943722943722944
IND781018AAB,IND788026AAC,2.7214859437751002,429.5,255.0,341.1541,12,,2.7214859437751002,,,,2.7214859437751002
IND781018AAB,IND793001AAA,2.0251020408163267,101.5,136.0,126.4936,10,,2.0251020408163267,2.0251020408163267,,,
IND781022AAA,IND781018AAB,0.9825367647058824,-0.5,45.5,35.736149999999995,12,0.9825367647058824,,,1.0588235294117647,,0.8823529411764706
IND781102AAA,IND781018AAB,4.345588235294118,119.5,571.5,38.87455,2,4.345588235294118,,,4.345588235294118,,
IND781124AAA,IND781018AAB,4.77671370967742,119.0,26.0,32.38275,6,4.77671370967742,,,,,4.77671370967742
IND781335AAA,IND000000AET,1.8025490196078433,40.5,26.0,69.45645,4,,1.8025490196078433,1.8025490196078433,,,
IND781354AAA,IND781335AAA,3.133333333333333,32.0,6.5,19.553350000000002,2,,3.133333333333333,2.533333333333333,3.733333333333333,,
IND783129AAA,IND794101AAA,2.0194174757281558,105.0,31.0,127.8196,1,,2.0194174757281558,,2.0194174757281558,,
IND783301AAA,IND783348AAA,1.9090909090909087,30.0,41.0,43.2133,11,,1.9090909090909087,,,1.8920454545454544,2.6666666666666665
IND783348AAA,IND783129AAA,1.8764044943820224,78.0,23.0,101.53845,10,,1.8764044943820224,,,1.8595505617977528,2.204162410623085
IND783370AAB,IND783301AAA,2.127659574468085,53.0,40.0,66.3479,2,,2.127659574468085,,,2.127659574468085,
IND783370AAC,IND783301AAA,2.6354166666666665,78.5,26.0,67.64439999999999,8,,2.6354166666666665,2.584919746173945,,2.6354166666666665,
IND784001AAA,IND784101AAA,7.125,98.0,34.0,21.655,1,7.125,,,,,7.125
IND784001AAA,IND784168AAB,2.053763440860215,98.0,92.0,131.0965,1,,2.053763440860215,,,2.053763440860215,
IND784001AAA,IND790114AAA,2.862745098039216,95.0,77.0,59.5592,1,2.862745098039216,,,,,2.862745098039216
IND784001AAA,IND791111AAC,2.394957983193277,166.0,64.0,167.8739,3,,2.394957983193277,,,2.394957983193277,
IND784101AAA,IND790114AAA,1.28125,9.0,47.0,35.4602,1,1.28125,,,1.28125,,
IND784110AAA,IND781018AAB,2.7777777777777777,240.0,56.0,181.0777,1,,2.7777777777777777,,,2.7777777777777777,
IND784110AAA,IND784001AAA,2.8600000000000003,46.5,7.0,35.439499999999995,2,,2.8600000000000003,,,2.8600000000000003,
IND784125AAA,IND784110AAA,2.583333333333333,76.0,38.0,62.4792,3,,2.583333333333333,2.583333333333333,,,
IND784168AAB,IND784176AAA,2.5272938443670148,63.5,34.5,58.5142,6,,2.5272938443670148,,,2.5272938443670148,2.552631578947368
IND784168AAB,IND791111AAC,3.4400000000000004,61.0,19.0,36.046549999999996,2,,3.4400000000000004,,,3.4400000000000004,
IND784176AAA,IND781018AAB,2.337814610190301,241.5,78.5,236.67995,4,,2.337814610190301,,,,2.337814610190301
IND785001AAA,IND785112AAC,2.111111111111111,21.0,388.0,27.002,3,2.111111111111111,,,,2.111111111111111,
IND785001AAA,IND785682AAA,2.023809523809524,43.0,38.0,62.6307,11,,2.023809523809524,1.7391304347826086,,2.3488612836438927,
IND785001AAA,IND798601AAA,4.135135135135135,232.0,123.0,103.5959,1,4.135135135135135,,,,4.135135135135135,
IND785112AAC,IND785001AAA,15.085526315789474,272.5,313.0,28.3002,2,15.085526315789474,,,10.75,,19.42105263157895
IND785112AAC,IND785634AAA,3.2195402298850575,66.0,8.5,40.69029999999999,2,3.2195402298850575,,,,,3.2195402298850575
IND785612AAB,IND781018AAB,2.144578313253012,190.0,37.0,235.463,1,,2.144578313253012,,2.144578313253012,,
IND785612AAB,IND785621AAA,1.6944444444444444,25.0,34.0,48.7818,1,,1.6944444444444444,1.6944444444444444,,,
IND785621AAA,IND785001AAA,1.5909090909090908,26.0,42.0,49.2488,3,,1.5909090909090908,1.5909090909090908,,,
IND785634AAA,IND785001AAA,31.2,453.0,364.0,19.7611,3,31.2,,,,,31.2
IND785675AAA,IND785612AAB,2.190082644628099,144.0,39.0,172.4213,1,,2.190082644628099,,,,2.190082644628099
IND785682AAA,IND785690AAB,3.494652406417112,84.0,42.0,46.04545,2,3.494652406417112,,,,,3.494652406417112
IND785682AAA,IND786001AAB,2.117931547619048,71.5,44.5,88.27799999999999,10,,2.117931547619048,,,2.117931547619048,
IND785690AAB,IND785682AAA,4.188235294117647,108.5,35.5,46.062200000000004,16,4.188235294117647,,,,,4.188235294117647
IND786001AAB,IND785675AAA,3.2142857142857144,62.0,108.0,40.2528,3,,3.2142857142857144,,,3.2142857142857144,2.763095238095238
IND786001AAB,IND786125AAA,2.2758620689655173,37.0,74.0,41.6915,1,2.2758620689655173,,,,,2.2758620689655173
IND786001AAB,IND786171AAA,3.1666666666666665,105.0,83.0,73.8578,13,3.1666666666666665,,,,,3.1666666666666665
IND786001AAB,IND786184AAA,2.076923076923077,14.0,80.0,20.007550000000002,10,2.076923076923077,,,,2.1373626373626373,2.076923076923077
IND786001AAB,IND786190AAA,1.8837209302325584,38.0,93.0,62.2556,1,1.8837209302325584,,,,,1.8837209302325584
IND786001AAB,IND786602AAA,1.5294117647058822,18.0,75.0,36.9082,13,1.5294117647058822,,,,,1.5294117647058822
IND786001AAB,IND792103AAB,2.259259259259259,102.0,1043.0,112.6654,1,2.259259259259259,,,2.259259259259259,,
IND786125AAA,IND786190AAA,3.0625,33.0,14.0,23.5942,7,3.0625,,,,,3.0625
IND786171AAA,IND786181AAC,2.4444444444444446,12.0,14.0,13.3468,11,2.4444444444444446,,,2.4444444444444446,,2.3472222222222223
IND786181AAC,IND786001AAB,3.2333333333333334,134.0,24.5,84.9711,14,3.2333333333333334,,,3.416666666666667,,2.6916666666666664
IND786181AAC,IND792120AAB,5.0625,130.0,27.0,48.081900000000005,9,5.0625,,,6.848197343453511,,4.848484848484849
IND786181AAC,IND792121AAB,3.333333333333333,70.0,20.0,42.2057,11,3.333333333333333,,,3.597701149425287,,3.034482758620689
IND786184AAA,IND786125AAA,2.7333333333333334,26.0,17.0,21.1488,5,2.7333333333333334,,,,,2.7333333333333334
IND786184AAA,IND786190AAA,1.9464285714285714,25.5,22.0,38.96300000000001,2,1.9464285714285714,,,,,1.9464285714285714
IND786190AAA,IND786001AAB,2.452380952380953,61.0,45.0,59.6186,1,2.452380952380953,,,2.452380952380953,,
IND786190AAA,IND792103AAB,2.1052631578947367,42.0,5.0,49.073,9,2.1052631578947367,,,2.4444444444444446,,2.0181488203266786
IND787001AAA,IND787057AAA,2.7429787234042555,84.5,32.0,66.50375,8,,2.7429787234042555,,2.1702127659574466,,2.765957446808511
IND787057AAA,IND787059AAB,2.12,28.0,40.0,27.167650000000002,10,,2.12,,2.12,,
IND787059AAB,IND791102AAA,2.718309859154929,122.0,35.0,98.5959,1,,2.718309859154929,,2.718309859154929,,
IND788026AAC,IND781018AAB,2.3980801253795674,346.0,157.0,337.55355,18,,2.3980801253795674,,2.678861788617886,2.3815261044176705,2.4451219512195124
IND788026AAC,IND788121AAA,4.023809523809524,63.5,370.5,29.318,2,,4.023809523809524,,,4.023809523809524,
IND788026AAC,IND788151AAA,2.5454545454545454,34.0,288.0,29.8793,13,,2.5454545454545454,,,2.5227272727272725,2.739130434782609
IND788026AAC,IND799250AAA,4.2,256.0,255.0,112.4945,1,,4.2,,,,4.2
IND788121AAA,IND796081AAA,3.5,130.0,11.0,71.14580000000001,3,,3.5,,3.5,,3.4699999999999998
IND788151AAA,IND788713AAA,2.606060606060606,54.0,49.0,46.5072,12,,2.606060606060606,,2.5530303030303028,,2.6901270772238517
IND788151AAA,IND788806AAA,2.611111111111111,29.0,25.0,25.9829,1,,2.611111111111111,,,,2.611111111111111
IND788713AAA,IND788026AAC,12.033333333333331,331.0,384.0,43.217,1,,12.033333333333331,,12.033333333333331,,
IND788713AAA,IND788806AAA,2.9230769230769234,25.0,50.0,19.651049999999998,10,,2.9230769230769234,,2.6923076923076925,,3.626373626373626
IND788806AAA,IND788026AAC,3.75,46.0,118.0,23.4921,9,,3.75,,3.75,,
IND788806AAA,IND788713AAA,4.230769230769231,42.0,44.0,19.7019,1,,4.230769230769231,,,,4.230769230769231
IND790001AAB,IND784001AAA,7.05,726.0,63.0,153.8969,1,7.05,,7.05,,,
IND791102AAA,IND784168AAB,2.8217821782178216,368.0,63.0,285.3696,1,,2.8217821782178216,2.8217821782178216,,,
IND791109AAA,IND787001AAA,3.575757575757576,85.0,44.0,46.8909,1,,3.575757575757576,,3.575757575757576,,
IND791110AAA,IND787001AAA,3.5294117647058822,86.0,37.0,48.9821,1,,3.5294117647058822,,,,3.5294117647058822
IND791125AAB,IND791102AAA,1.9503858024691358,76.5,25.5,109.68465,4,,1.9503858024691358,,1.9503858024691358,,
IND792001AAA,IND786001AAB,2.3846153846153846,162.0,22.0,165.7911,1,2.3846153846153846,,,2.3846153846153846,,
IND792001AAA,IND792110AAA,1.5697674418604652,24.5,17.0,61.847449999999995,2,1.5697674418604652,,,1.5697674418604652,,
IND792103AAB,IND792001AAA,0.6808510638297872,-30.0,18.0,130.8647,11,0.6808510638297872,,,0.6808510638297872,,0.6790780141843972
IND792110AAA,IND786001AAB,2.505098039215686,152.5,18.5,143.4434,2,2.505098039215686,,,2.505098039215686,,
IND792120AAB,IND786181AAC,3.088235294117647,71.0,19.0,48.7453,3,3.088235294117647,,,3.088235294117647,,
IND792121AAB,IND786181AAC,28.90322580645161,865.0,14.0,42.0052,11,28.90322580645161,,28.90322580645161,33.44827586206897,,3.6538461538461537
IND792130AAB,IND786001AAB,2.882427401340283,160.0,38.5,105.39545000000001,10,2.882427401340283,,,2.882427401340283,,
IND793001AAA,IND781018AAB,3.3435114503816794,307.0,17.0,175.8073,1,,3.3435114503816794,,,3.3435114503816794,
IND793001AAA,IND793150AAA,2.3171497584541063,60.0,42.5,64.71585,2,,2.3171497584541063,,,2.3171497584541063,
IND793150AAA,IND781018AAB,1.9280575539568343,129.0,68.0,186.2315,1,,1.9280575539568343,,,1.9280575539568343,
IND794101AAA,IND781018AAB,2.408805031446541,224.0,147.0,207.3622,9,,2.408805031446541,,2.408805031446541,,2.3494277120200007
IND796009AAA,IND796321AAB,4.950381679389313,517.5,259.0,186.14965,4,,4.950381679389313,4.950381679389313,5.277613925514689,,
IND796081AAA,IND788026AAC,2.638888888888889,118.0,807.0,102.1034,1,,2.638888888888889,,2.638888888888889,,
IND796321AAB,IND796009AAA,4.046875,394.0,56.0,185.792,3,,4.046875,,,,4.046875
IND798601AAA,IND785001AAA,3.9210526315789473,222.0,290.0,105.9438,5,3.9210526315789473,,,,,3.9210526315789473
IND799250AAA,IND799008AAA,2.725806451612903,214.0,22.0,171.3245,1,,2.725806451612903,2.725806451612903,,,
IND801103AAA,IND802301AAA,2.6666666666666665,26.0,53.0,22.882900000000003,11,,2.6666666666666665,,,2.6666666666666665,
IND802101AAA,IND802119AAA,2.7916666666666665,21.5,31.0,18.3401,14,,2.7916666666666665,,,,2.7916666666666665
IND802101AAA,IND802158AAB,2.76,88.0,27.0,70.8523,1,,2.76,,,,2.76
IND802119AAA,IND802158AAB,1.8268136557610242,31.0,31.5,51.8343,16,,1.8268136557610242,,,,1.8268136557610242
IND802158AAB,IND821115AAB,2.408450704225352,97.0,25.0,86.5783,11,,2.408450704225352,,4.041666666666667,,2.380281690140845
IND802212AAA,IND821115AAB,23.73809523809524,924.0,69.0,44.7679,7,,23.73809523809524,,23.73809523809524,,13.236263736263737
IND802213AAB,IND802212AAA,3.5,40.0,4.0,19.7494,5,,3.5,,,,3.5
IND802301AAA,IND804401AAA,1.86114663256607,58.0,24.5,85.23545,10,,1.86114663256607,,,1.86114663256607,
IND803101AAA,IND805110AAD,2.260869565217391,29.0,49.0,32.2741,9,,2.260869565217391,,,2.287878787878788,2.260869565217391
IND803116AAA,IND803108AAB,2.2285714285714286,43.0,19.0,40.590900000000005,13,,2.2285714285714286,,,,2.2285714285714286
IND803213AAA,IND803212AAB,3.1445035460992905,101.5,181.5,65.0574,2,,3.1445035460992905,,,3.1445035460992905,
IND803213AAA,IND811105AAA,1.8043478260869563,37.0,23.0,52.7775,3,,1.8043478260869563,,,1.8043478260869563,
IND804420AAA,IND803101AAA,2.8421052631578947,70.0,44.0,55.2679,11,,2.8421052631578947,,,2.8421052631578947,
IND804452AAA,IND804420AAA,2.962121212121212,22.5,18.5,16.881999999999998,6,,2.962121212121212,,,2.962121212121212,
IND805110AAD,IND803116AAA,2.333333333333333,28.0,32.0,24.829,9,,2.333333333333333,,,,2.333333333333333
IND811105AAA,IND803212AAB,2.7136479591836737,83.0,37.0,66.1587,2,,2.7136479591836737,,,2.7136479591836737,
IND811201AAB,IND811213AAA,2.134615384615385,29.5,46.5,34.20975,2,,2.134615384615385,,,,2.134615384615385
IND811201AAB,IND813213AAA,4.288461538461538,85.5,46.5,37.048,2,,4.288461538461538,,,,4.288461538461538
IND811213AAA,IND811201AAB,2.5,39.0,31.0,34.1936,1,,2.5,,,,2.5
IND811213AAA,IND813213AAA,1.6139162561576355,17.5,32.5,39.1146,2,,1.6139162561576355,,,,1.6139162561576355
IND811307AAA,IND811201AAB,2.0172413793103448,59.0,52.0,80.3155,1,,2.0172413793103448,,,,2.0172413793103448
IND811307AAA,IND811213AAA,1.96875,31.0,37.0,45.7663,1,,1.96875,,,,1.96875
IND811399AAA,IND110044AAB,3.0436507936507935,34.0,170.5,13.89025,40,3.0436507936507935,,2.9444444444444446,,3.2777777777777777,
IND811399AAA,IND209304AAA,1.6361138522861398,204.5,45.5,432.65895,10,,1.6361138522861398,,,1.6361138522861398,
IND812002AAA,IND813203AAA,3.72463768115942,64.0,61.5,32.054950000000005,18,,3.72463768115942,,4.642857142857143,,3.608695652173913
IND813102AAA,IND812002AAA,2.025,41.0,32.0,43.492,17,,2.025,,,,2.025
IND813102AAA,IND813203AAA,3.741935483870968,170.0,28.0,74.7621,1,,3.741935483870968,,,,3.741935483870968
IND814101AAB,IND816107AAA,1.5232558139534884,45.0,25.0,88.8902,11,,1.5232558139534884,,,,1.5232558139534884
IND814112AAA,IND814133AAA,2.273652882205514,72.0,35.0,79.6487,2,,2.273652882205514,,,,2.273652882205514
IND814112AAA,IND814133AAB,2.4,77.0,49.0,78.8509,7,,2.4,,,,2.4
IND814133AAA,IND816109AAA,2.4375,92.0,41.0,89.8315,1,,2.4375,,2.4375,,
IND814133AAB,IND816109AAA,2.4375,92.0,37.0,90.0153,13,,2.4375,,2.634920634920635,,2.359375
IND815301AAA,IND814112AAA,1.9830508474576272,58.0,29.0,65.2192,1,,1.9830508474576272,,,,1.9830508474576272
IND815301AAA,IND814133AAB,2.3025112443778113,150.5,41.0,144.8447,4,,2.3025112443778113,,,,2.3025112443778113
IND815301AAA,IND815353AAA,2.1142857142857143,39.0,43.0,48.8533,3,,2.1142857142857143,,,,2.1142857142857143
IND815351AAA,IND814101AAB,1.0670103092783505,6.5,22.0,80.28614999999999,12,,1.0670103092783505,,,,1.0670103092783505
IND815353AAA,IND814112AAA,1.2564102564102564,10.0,30.0,38.960300000000004,2,,1.2564102564102564,,,,1.2564102564102564
IND815353AAA,IND814133AAB,1.8772495755517826,82.5,47.5,116.3175,8,,1.8772495755517826,,,,1.8772495755517826
IND815353AAA,IND826004AAA,1.5172413793103448,45.0,77.0,105.4126,1,,1.5172413793103448,,,,1.5172413793103448
IND816107AAA,IND826004AAA,1.8832228273739045,181.5,33.5,278.2733,8,,1.8832228273739045,,1.8786407766990287,,1.9852941176470589
IND816109AAA,IND826004AAA,1.8175301895702625,199.0,53.5,300.81600000000003,10,,1.8175301895702625,,1.8175301895702625,,
IND821109AAA,IND802213AAB,5.125,138.0,31.0,45.2398,11,,5.125,,,,5.125
IND821115AAB,IND000000ACB,2.0834621329211744,701.0,60.0,870.3398000000001,7,,2.0834621329211744,,,,2.0834621329211744
IND821115AAB,IND209304AAA,1.9460921177587847,307.0,46.5,457.1472,12,,1.9460921177587847,1.9814814814814818,,1.9460921177587847,
IND821115AAB,IND802101AAA,2.215675675675676,90.5,31.0,84.54055,6,,2.215675675675676,,,2.215675675675676,
IND821115AAB,IND821109AAA,2.3,52.0,32.0,52.990750000000006,6,,2.3,,,2.3,
IND821115AAB,IND824101AAA,2.0,29.0,31.0,39.4573,1,,2.0,,,2.0,
IND821307AAA,IND824101AAA,1.9473684210526314,18.5,45.0,28.98265,8,,1.9473684210526314,,,,1.9473684210526314
IND824101AAA,IND821115AAB,1.9285714285714288,29.0,39.0,38.8826,7,,1.9285714285714288,,,,1.9285714285714288
IND824101AAA,IND821307AAA,1.8903162055335967,20.0,35.0,32.116,4,,1.8903162055335967,,,,1.8903162055335967
IND825102AAA,IND827013AAA,2.12,28.0,88.0,32.3426,3,2.12,2.0576923076923075,,,2.12,
IND825301AAA,IND825409AAA,2.667582417582418,68.0,64.0,58.41405,14,,2.667582417582418,,,2.6923076923076925,2.642857142857143
IND825409AAA,IND000000ACB,1.9372153349621453,724.0,58.5,1050.3371000000002,14,,1.9372153349621453,,,,1.9372153349621453
IND826001AAC,IND828111AAA,2.5555555555555554,14.0,46.0,10.5381,2,2.5555555555555554,,,,,2.5555555555555554
IND826004AAA,IND209304AAA,1.7249134948096885,419.0,61.0,803.823,3,,1.7249134948096885,,1.7249134948096885,,
IND826004AAA,IND814112AAA,1.674721046556368,77.0,88.0,130.34235,4,,1.674721046556368,,,1.674721046556368,
IND826004AAA,IND815301AAA,1.963636363636364,53.0,85.0,63.5423,5,,1.963636363636364,,,1.963636363636364,
IND826004AAA,IND815351AAA,3.388888888888889,86.0,49.0,53.6747,11,,3.388888888888889,,,3.3918128654970765,3.236842105263158
IND826004AAA,IND815353AAA,1.7992801771871538,68.0,86.0,104.40469999999999,4,,1.7992801771871538,,,1.8604651162790695,1.5058823529411764
IND826004AAA,IND821115AAB,1.5313725490196077,135.5,89.0,343.72155,4,,1.5313725490196077,,1.5313725490196077,,
IND826004AAA,IND828111AAA,2.409090909090909,15.5,73.5,12.9474,2,2.409090909090909,,,,,2.409090909090909
IND826004AAA,IND828205AAA,2.95,39.0,40.0,28.4319,1,2.95,,,,,2.95
IND826004AAA,IND828401AAB,0.926829268292683,-3.0,68.0,37.5145,3,0.926829268292683,,,,,0.926829268292683
IND827013AAA,IND829121AAA,2.0,26.0,37.0,35.7677,5,2.189655172413793,1.8,,,2.3793103448275863,1.9
IND828111AAA,IND826004AAA,9.25,99.0,56.0,13.8589,9,9.25,,,9.25,,10.227272727272727
IND828401AAB,IND826004AAA,2.857142857142857,39.0,239.0,29.7511,7,2.857142857142857,,,,,2.857142857142857
IND829121AAA,IND834002AAB,7.174603174603175,389.0,19.0,85.3462,11,7.030849974398361,7.409836065573771,,,,7.174603174603175
IND829122AAA,IND825301AAA,1.945945945945946,35.5,136.0,50.91275,14,,1.945945945945946,,,1.945945945945946,
IND832109AAB,IND834002AAB,2.505813953488372,131.0,69.0,120.09115,22,,2.505813953488372,,,,2.505813953488372
IND834002AAB,IND000000ACB,1.960093896713615,818.0,120.0,1162.42705,10,,1.960093896713615,1.9612676056338028,1.9589201877934272,,
IND834002AAB,IND781018AAB,2.9806949806949805,1539.0,283.0,1080.3713,1,,2.9806949806949805,,2.9806949806949805,,
IND834002AAB,IND825102AAA,3.351648351648352,214.0,126.0,121.2826,3,2.688888888888889,3.417582417582418,3.351648351648352,,,
IND834002AAB,IND826004AAA,2.4206349206349205,179.0,236.0,168.6713,21,2.4206349206349205,,2.509811273590801,2.393700787401575,,
IND834002AAB,IND827013AAA,4.333333333333333,300.0,163.0,123.3016,17,4.333333333333333,,4.333333333333333,,,
IND834002AAB,IND829122AAA,2.390625,44.5,220.5,43.87755,14,,2.390625,2.4375,1.953125,,
IND834002AAB,IND832109AAB,2.339080459770115,116.5,150.0,119.87020000000001,14,,2.339080459770115,2.298890063424947,,2.4540229885057467,
IND841101AAA,IND841207AAB,2.611111111111111,29.0,39.0,22.268,3,,2.611111111111111,,,,2.611111111111111
IND841226AAB,IND841428AAA,2.5530303030303028,35.5,20.5,32.21025,2,2.333333333333333,2.772727272727273,,,,2.5530303030303028
IND841301AAC,IND841226AAB,2.0,48.0,97.0,65.8993,1,2.0,,,,2.0,
IND841405AAA,IND841301AAC,2.116279069767442,96.0,558.0,118.8617,1,2.116279069767442,,,,,2.116279069767442
IND841424AAA,IND841226AAB,2.3488372093023258,58.0,119.0,62.9374,3,,2.3488372093023258,,,2.3488372093023258,
IND841424AAA,IND841428AAA,3.5727882327492972,175.0,34.0,97.31190000000001,6,,3.5727882327492972,,,3.5727882327492972,
IND842001AAA,IND843105AAB,2.84375,29.5,53.0,23.5191,20,,2.84375,,,2.9375,2.8125
IND842001AAA,IND843109AAB,3.4,24.0,71.0,14.6382,15,3.4,,,,3.7,2.9714285714285715
IND842001AAA,IND843126AAA,3.0,36.0,67.0,26.2572,3,3.0,,,,5.927777777777778,3.0
IND842001AAA,IND843301AAA,3.0480769230769234,109.5,53.0,71.3732,6,,3.0480769230769234,,,3.0480769230769234,
IND842001AAA,IND843320AAA,6.25,252.0,39.0,65.86930000000001,1,,6.25,,,6.25,
IND842001AAA,IND843329AAB,1.3793103448275863,22.0,57.0,70.415,13,,1.3793103448275863,,,1.3793103448275863,
IND842001AAA,IND845401AAA,2.157786885245902,70.0,73.0,84.66895,4,,2.157786885245902,,,2.157786885245902,
IND842001AAA,IND845412AAB,2.264705882352941,43.0,49.0,49.3673,15,,2.264705882352941,,,2.303781512605042,1.945945945945946
IND842001AAA,IND845418AAB,1.84375,67.5,85.5,101.55625,12,,1.84375,,,1.84375,
IND842001AAA,IND845438AAA,2.4782608695652173,136.0,91.0,130.1843,5,,2.4782608695652173,,,2.5907787864309606,2.119565217391304
IND842001AAA,IND846004AAA,2.1900000000000004,59.5,119.5,68.32205,22,,2.1900000000000004,,,2.1900000000000004,
IND842001AAA,IND847212AAA,2.191780821917808,87.0,91.5,98.31475,22,,2.191780821917808,,,2.191780821917808,
IND842001AAA,IND848101AAA,3.891891891891892,107.0,58.0,52.4093,1,,3.891891891891892,,,3.891891891891892,
IND842001AAA,IND848114AAA,2.2270408163265305,59.5,57.5,69.05475,20,,2.2270408163265305,,,2.2857142857142856,2.0217391304347827
IND842001AAA,IND854326AAB,1.9019607843137252,184.0,102.0,288.6933,19,,1.9019607843137252,,1.9019607843137252,,
IND842003AAB,IND480661AAA,1.942286036036036,105.0,81.0,156.1569,2,,1.942286036036036,,,1.942286036036036,
IND842003AAB,IND480886AAA,2.257575757575758,83.0,61.5,93.5346,8,,2.257575757575758,,,2.2037539574853007,2.307449494949495
IND842003AAB,IND482002AAA,23.1875,177.5,257.0,10.4497,4,23.1875,,,,28.25,18.125
IND842003AAB,IND483225AAA,2.863636363636364,41.0,69.0,34.909699999999994,3,,2.863636363636364,,,2.869318181818182,2.5416666666666665
IND842003AAB,IND483501AAA,2.6379310344827585,95.0,37.0,80.4201,11,,2.6379310344827585,,,2.5517241379310347,2.6379310344827585
IND842003AAB,IND484661AAE,1.5832365466511806,72.5,44.0,149.04500000000002,2,,1.5832365466511806,,,1.5832365466511806,
IND842003AAB,IND487001AAA,1.9743547591648858,76.0,51.5,93.365,2,,1.9743547591648858,,,1.9746835443037976,1.974025974025974
IND842003AAB,IND487001AAB,1.818181818181818,63.0,50.0,93.7912,5,,1.818181818181818,,,1.818181818181818,
IND843105AAB,IND848101AAA,2.025,20.5,38.0,28.0176,20,,2.025,,,3.090909090909091,2.0
IND843109AAB,IND842001AAA,2.65,16.5,398.5,14.592749999999999,2,2.65,,,,,2.65
IND843109AAB,IND843126AAA,1.0692640692640691,3.0,34.0,45.5129,10,1.0692640692640691,,,,1.0465116279069768,1.0909090909090908
IND843126AAA,IND842001AAA,2.5,27.0,483.0,25.7799,11,2.5,,,2.294117647058824,,2.573529411764706
IND843126AAA,IND843109AAB,2.134615384615384,29.5,11.0,37.3762,2,2.134615384615384,,,,,2.134615384615384
IND843301AAA,IND843320AAA,2.6,39.5,47.5,28.180300000000003,20,,2.6,,,,2.6
IND843320AAA,IND847223AAA,2.425,28.5,30.5,23.4075,8,,2.425,,,,2.425
IND843329AAB,IND843301AAA,2.789473684210526,34.0,26.0,26.5904,13,,2.789473684210526,,,2.9473684210526314,2.7368421052631575
IND844101AAB,IND841207AAB,2.611111111111111,29.0,32.0,23.8946,1,,2.611111111111111,,,,2.611111111111111
IND844505AAB,IND842001AAA,11.778846153846153,555.5,52.0,73.67435,14,,11.778846153846153,,4.294117647058823,,12.01923076923077
IND845305AAA,IND842001AAA,5.838541666666666,464.5,79.5,136.0401,20,,5.838541666666666,,2.59375,,5.96875
IND845401AAA,IND845305AAA,2.563492063492064,55.5,42.5,48.71155,22,,2.563492063492064,,,,2.563492063492064
IND845412AAB,IND845401AAA,1.851851851851852,24.0,25.0,36.5407,15,,1.851851851851852,,,1.8105413105413106,2.0384615384615383
IND845418AAB,IND842001AAA,2.9851778656126484,134.5,33.5,84.1148,2,,2.9851778656126484,,2.9851778656126484,,
IND845418AAB,IND845438AAA,2.1228070175438596,64.0,51.5,72.46015,12,,2.1228070175438596,,,,2.1228070175438596
IND845438AAA,IND845455AAB,1.8064516129032255,26.0,50.0,38.3778,15,,1.8064516129032255,,1.5161290322580645,,1.9335288367546433
IND845455AAB,IND842001AAA,2.312,164.0,159.0,169.8487,17,,2.312,2.184,2.3186984126984127,,2.4421417322834644
IND845455AAB,IND845418AAB,2.217391304347826,112.0,33.0,113.3441,3,,2.217391304347826,,2.266304347826087,,1.9333333333333331
IND846004AAA,IND847103AAA,1.7916666666666667,19.0,71.0,26.1799,21,,1.7916666666666667,,,,1.7916666666666667
IND846004AAA,IND847404AAB,4.466666666666667,104.0,75.0,37.7671,1,,4.466666666666667,,,,4.466666666666667
IND847103AAA,IND847404AAB,2.0,32.0,45.0,33.2702,19,,2.0,,2.5,,1.9848484848484849
IND847212AAA,IND847226AAA,1.7407407407407407,20.0,68.0,37.6326,21,,1.7407407407407407,,,1.6666666666666667,1.7407407407407407
IND847223AAA,IND842001AAA,10.296875,595.0,46.0,85.8712,15,,10.296875,,6.768509615384616,,10.53125
IND847226AAA,IND842001AAA,8.976190476190476,670.0,35.0,118.7312,21,,8.976190476190476,,,,8.976190476190476
IND847404AAB,IND842001AAA,8.32236842105263,557.0,55.0,107.89410000000001,18,,8.32236842105263,,7.180865800865801,,8.597142857142856
IND848101AAA,IND844505AAB,3.301169590643275,42.5,34.0,26.04005,16,,3.301169590643275,,,,3.301169590643275
IND848114AAA,IND848210AAA,1.72,17.0,30.0,23.5275,21,,1.72,,,,1.72
IND848210AAA,IND842001AAA,4.088235294117647,210.0,245.0,83.91839999999999,3,,4.088235294117647,,,,4.088235294117647
IND848210AAA,IND851127AAA,1.8461538461538465,22.0,22.0,29.0169,17,,1.8461538461538465,,,,1.8461538461538465
IND851127AAA,IND842001AAA,4.333333333333333,320.0,44.0,130.74255,16,,4.333333333333333,,,,4.333333333333333
IND851127AAA,IND851112AAB,2.269230769230769,33.0,30.0,32.1446,4,,2.269230769230769,,2.1923076923076925,,2.3938746438746437
IND852111AAA,IND852118AAA,2.057142857142857,37.0,304.0,49.0642,1,,2.057142857142857,,,,2.057142857142857
IND852111AAA,IND854311AAA,2.8461538461538463,96.0,48.0,74.12110000000001,1,,2.8461538461538463,,,,2.8461538461538463
IND852111AAA,IND854326AAB,4.035714285714286,255.0,98.0,118.2376,17,,4.035714285714286,,,,4.035714285714286
IND852111AAA,IND854335AAA,1.5,8.0,50.0,23.403,1,,1.5,,1.5,,
IND852113AAA,IND852139AAB,2.7916666666666665,43.0,42.0,35.2712,19,,2.7916666666666665,,2.9791666666666665,,2.625
IND852113AAA,IND852201AAA,3.941176470588236,50.0,40.0,22.5405,1,,3.941176470588236,,,,3.941176470588236
IND852118A1B,IND854326AAB,3.0588235294117645,105.0,419.0,72.37660000000001,1,,3.0588235294117645,,,,3.0588235294117645
IND852118AAA,IND852111AAA,3.7,81.0,38.0,42.0784,1,,3.7,,,,3.7
IND852118AAA,IND854326AAB,2.4705882352941178,75.0,116.0,72.32,1,,2.4705882352941178,,2.4705882352941178,,
IND852131AAA,IND852139AAB,3.380952380952381,50.0,7.0,29.7371,1,,3.380952380952381,,,,3.380952380952381
IND852131AAA,IND852201AAA,2.8181818181818183,60.0,20.0,36.0287,8,,2.8181818181818183,,,,2.8181818181818183
IND852139AAB,IND854326AAB,3.171052631578948,165.0,113.0,106.6365,21,,3.171052631578948,,3.165526315789474,,3.539473684210526
IND852201AAA,IND852113AAA,3.75,44.0,28.0,22.6556,17,,3.75,,,,3.75
IND852201AAA,IND852131AAA,2.375,44.0,23.0,34.7827,1,,2.375,,,,2.375
IND852201AAA,IND854326AAB,5.6125,369.0,73.0,109.2664,1,,5.6125,,,,5.6125
IND853204AAA,IND851204AAA,2.0434782608695654,48.0,9.0,65.2145,11,,2.0434782608695654,,,,2.0434782608695654
IND854105AAA,IND853204AAA,2.4876923076923076,76.0,41.0,72.029,2,,2.4876923076923076,,,,2.4876923076923076
IND854105AAB,IND851204AAA,2.3917693169092944,131.5,31.0,135.0675,4,,2.3917693169092944,,,,2.3917693169092944
IND854105AAB,IND853204AAA,3.020408163265306,100.0,29.0,70.35510000000001,5,,3.020408163265306,,,,3.020408163265306
IND854311AAA,IND852118A1B,3.4166666666666665,58.0,59.0,30.7923,3,,3.4166666666666665,,,,3.4166666666666665
IND854311AAA,IND854326AAB,6.34375,171.0,50.0,45.026,1,,6.34375,,6.34375,,
IND854311AAA,IND854334AAA,1.7777777777777777,14.0,44.0,25.2532,8,,1.7777777777777777,,,,1.7777777777777777
IND854326AAB,IND000000ACB,2.1855343803149268,1102.5,154.0,1269.7084,18,,2.1855343803149268,2.138560687432868,,2.232508073196986,
IND854326AAB,IND852113AAA,2.9855072463768115,137.0,98.0,97.4648,1,,2.9855072463768115,,,2.9855072463768115,
IND854326AAB,IND852131AAA,2.184938409854423,114.0,115.5,134.6935,10,,2.184938409854423,,,2.184938409854423,
IND854326AAB,IND852201AAA,3.534361851332398,234.5,100.5,116.16135,6,,3.534361851332398,,,3.534361851332398,
IND854326AAB,IND854105AAA,4.854166666666666,68.0,138.0,24.7618,2,,4.854166666666666,,,4.854166666666666,
IND854326AAB,IND854105AAB,2.65,33.0,178.0,29.4944,11,,2.65,,,2.65,
IND854326AAB,IND854311AAA,1.7,21.0,211.0,43.149,21,,1.7,,,1.7,
IND854326AAB,IND854334AAA,3.5625,123.0,165.0,67.3785,1,,3.5625,,,3.5625,
IND854334AAA,IND852118A1B,1.2857142857142858,6.0,19.0,23.1547,7,,1.2857142857142858,,,,1.2857142857142858
IND854334AAA,IND852118AAA,1.3333333333333333,7.0,20.0,23.877,7,,1.3333333333333333,,,,1.3333333333333333
IND854334AAA,IND854335AAA,1.3459051724137931,10.5,49.0,36.50075,2,,1.3459051724137931,,,,1.3459051724137931
IND854335AAA,IND852111AAA,2.15,23.0,13.0,28.4464,17,,2.15,,,,2.15
IND854335AAA,IND852118A1B,2.2222222222222223,22.0,0.0,26.7262,1,,2.2222222222222223,,,,2.2222222222222223
IND854335AAA,IND854326AAB,3.262295081967213,138.0,23.0,87.43180000000001,1,,3.262295081967213,,3.262295081967213,,
